/*
 Navicat Premium Data Transfer

 Source Server         : localhost
 Source Server Type    : MySQL
 Source Server Version : 50721
 Source Host           : 127.0.0.1:3306
 Source Schema         : lvxsframework

 Target Server Type    : MySQL
 Target Server Version : 50721
 File Encoding         : 65001

 Date: 10/07/2018 17:01:36
*/

SET NAMES utf8mb4;
SET FOREIGN_KEY_CHECKS = 0;

-- ----------------------------
-- Table structure for base_action
-- ----------------------------
DROP TABLE IF EXISTS `base_action`;
CREATE TABLE `base_action`  (
  `id` bigint(30) NOT NULL COMMENT '动作ID',
  `menuId` bigint(30) NULL DEFAULT NULL COMMENT '系统菜单ID',
  `sortNumber` int(11) NULL DEFAULT NULL COMMENT '排序编号',
  `name` varchar(100) CHARACTER SET utf8 COLLATE utf8_general_ci NULL DEFAULT NULL COMMENT '名称',
  `actionType` int(11) NULL DEFAULT NULL COMMENT '动作类型\r\n1:列表页面;2:新增页面;3:修改页面;4:查看页面;5:其他页面;11:保存;12:更新;13:删除;14:批量删除;15:查询结果列表JSON;16:其他操作;',
  `methodName` varchar(100) CHARACTER SET utf8 COLLATE utf8_general_ci NULL DEFAULT NULL COMMENT '方法名',
  `fullUri` varchar(300) CHARACTER SET utf8 COLLATE utf8_general_ci NULL DEFAULT NULL COMMENT '完整URI',
  `jsMethod` varchar(300) CHARACTER SET utf8 COLLATE utf8_general_ci NULL DEFAULT NULL COMMENT 'JavaScript方法',
  `linkUri` varchar(300) CHARACTER SET utf8 COLLATE utf8_general_ci NULL DEFAULT NULL COMMENT '链接URI\r\n页面内链接URI',
  `status` int(11) NULL DEFAULT NULL COMMENT '状态\r\n-1:逻辑删除;0:已禁用/待审核;1:正常',
  `remark` text CHARACTER SET utf8 COLLATE utf8_general_ci NULL COMMENT '备注说明',
  `otherJson` text CHARACTER SET utf8 COLLATE utf8_general_ci NULL COMMENT '其他设置JSON字符串',
  `createTime` datetime(0) NULL DEFAULT NULL COMMENT '创建时间',
  `createUserId` bigint(20) NULL DEFAULT NULL COMMENT '创建用户ID',
  `updateTime` datetime(0) NULL DEFAULT NULL COMMENT '更新时间',
  `updateUserId` bigint(20) NULL DEFAULT NULL COMMENT '更新用户ID',
  PRIMARY KEY (`id`) USING BTREE
) ENGINE = InnoDB CHARACTER SET = utf8 COLLATE = utf8_general_ci COMMENT = '页面动作\r\n页面中所有按钮、链接等动作的基本信息\r\n' ROW_FORMAT = Compact;

-- ----------------------------
-- Records of base_action
-- ----------------------------
INSERT INTO `base_action` VALUES (1483502737794014, 1482640318563308, 1, '列表页面', 1, 'index', '/admin/baseUser/index', NULL, 'index', 1, NULL, NULL, '2017-01-04 12:05:37', 1481163390092603, '2017-01-04 12:05:37', 1481163390092603);
INSERT INTO `base_action` VALUES (1483507073600142, 1482640318563308, 3, '新增页面', 2, 'add', '/admin/baseUser/add', 'add();', 'add', 1, NULL, NULL, '2017-01-04 13:17:53', 1481163390092603, '2017-01-04 13:17:53', 1481163390092603);
INSERT INTO `base_action` VALUES (1483507093561121, 1482640318563308, 5, '修改页面', 3, 'edit', '/admin/baseUser/edit', 'edit();', 'edit', 1, NULL, NULL, '2017-01-04 13:18:13', 1481163390092603, '2017-01-04 13:18:13', 1481163390092603);
INSERT INTO `base_action` VALUES (1483507099547878, 1482640318563308, 9, '查看页面', 4, 'view', '/admin/baseUser/view', 'view();', 'view', 1, NULL, NULL, '2017-01-04 13:18:19', 1481163390092603, '2017-01-04 13:18:19', 1481163390092603);
INSERT INTO `base_action` VALUES (1483507113765259, 1482640318563308, 4, '新增保存', 11, 'save', '/admin/baseUser/save', NULL, 'save', 1, NULL, NULL, '2017-01-04 13:18:33', 1481163390092603, '2017-01-04 13:18:33', 1481163390092603);
INSERT INTO `base_action` VALUES (1483507125536603, 1482640318563308, 7, '删除', 13, 'delete', '/admin/baseUser/delete', 'del();', 'delete', 1, NULL, NULL, '2017-01-04 13:18:45', 1481163390092603, '2017-01-04 13:18:45', 1481163390092603);
INSERT INTO `base_action` VALUES (1483507173939364, 1482640318563308, 6, '修改保存', 12, 'update', '/admin/baseUser/update', NULL, 'update', 1, NULL, NULL, '2017-01-04 13:19:33', 1481163390092603, '2017-01-04 13:23:59', 1481163390092603);
INSERT INTO `base_action` VALUES (1483507241280435, 1482640318563308, 8, '批量删除', 14, 'delete', '/admin/baseUser/delete', 'batchDel();', 'delete', 1, NULL, NULL, '2017-01-04 13:20:41', 1481163390092603, '2017-01-04 13:20:41', 1481163390092603);
INSERT INTO `base_action` VALUES (1483507422310202, 1482640318563308, 2, '查询结果列表JSON', 15, 'searchData', '/admin/baseUser/searchData', NULL, 'searchData', 1, NULL, NULL, '2017-01-04 13:23:42', 1481163390092603, '2017-01-04 13:23:42', 1481163390092603);
INSERT INTO `base_action` VALUES (1483783326584802, 1482637008202383, 1, '列表页面', 1, 'index', '/admin/baseSystem/index', NULL, 'index', 1, NULL, NULL, '2017-01-07 18:02:06', 1481163390092603, '2017-01-07 18:02:06', 1481163390092603);
INSERT INTO `base_action` VALUES (1483783358740559, 1482637008202383, 3, '新增页面', 2, 'add', '/admin/baseSystem/add', 'add();', 'add', 1, NULL, NULL, '2017-01-07 18:02:38', 1481163390092603, '2017-01-07 18:02:38', 1481163390092603);
INSERT INTO `base_action` VALUES (1483783377637700, 1482637008202383, 5, '修改页面', 3, 'edit', '/admin/baseSystem/edit', 'edit();', 'edit', 1, NULL, NULL, '2017-01-07 18:02:57', 1481163390092603, '2017-01-07 18:02:57', 1481163390092603);
INSERT INTO `base_action` VALUES (1483784347267060, 1482637008202383, 9, '查看页面', 4, 'view', '/admin/baseSystem/view', 'view();', 'view', 1, NULL, NULL, '2017-01-07 18:19:07', 1481163390092603, '2017-01-07 18:19:07', 1481163390092603);
INSERT INTO `base_action` VALUES (1483784507807654, NULL, 7, '删除', 13, 'delete', '/admin/baseSystem/delete', 'del();', 'delete', 1, NULL, NULL, '2017-01-07 18:21:47', 1481163390092603, '2017-01-07 18:21:47', 1481163390092603);
INSERT INTO `base_action` VALUES (1483787859123312, 1482637008202383, 7, '删除', 13, 'delete', '/admin/baseSystem/delete', 'del();', 'delete', 1, NULL, NULL, '2017-01-07 19:17:39', 1481163390092603, '2017-01-07 19:17:39', 1481163390092603);
INSERT INTO `base_action` VALUES (1483787875609507, 1482637008202383, 8, '批量删除', 14, 'delete', '/admin/baseSystem/delete', 'batchDel();', 'delete', 1, NULL, NULL, '2017-01-07 19:17:55', 1481163390092603, '2017-01-07 19:17:55', 1481163390092603);
INSERT INTO `base_action` VALUES (1483788063301364, 1482637008202383, 15, '系统菜单管理', 5, 'menuManage', '/admin/baseSystemMenu/menuManage', 'menuManage();', '/admin/baseSystemMenu/menuManage', 1, '子系统系统菜单管理', NULL, '2017-01-07 19:21:03', 1481163390092603, '2017-01-07 19:21:03', 1481163390092603);
INSERT INTO `base_action` VALUES (1483788274741651, 1482640379709261, 4, '新增保存', 11, 'save', '/admin/baseDepartment/save', 'addRootNode();', 'save', 1, NULL, NULL, '2017-01-07 19:24:34', 1481163390092603, '2017-01-07 19:24:34', 1481163390092603);
INSERT INTO `base_action` VALUES (1483788340725798, 1482640379709261, 6, '修改保存', 12, 'update', '/admin/baseDepartment/update', 'doSubmit();', 'update', 1, NULL, NULL, '2017-01-07 19:25:40', 1481163390092603, '2017-01-07 19:25:40', 1481163390092603);
INSERT INTO `base_action` VALUES (1483788650367637, 1482640379709261, 7, '删除', 13, 'delete', '/admin/baseDepartment/delete', 'zTreeOnRemove();', 'delete', 1, NULL, NULL, '2017-01-07 19:30:50', 1481163390092603, '2017-01-07 19:30:50', 1481163390092603);
INSERT INTO `base_action` VALUES (1483788723282838, 1482640379709261, 20, '拖拽保存', 16, 'drop', '/admin/baseDepartment/drop', 'zTreeOnDrop();', 'drop', 1, NULL, NULL, '2017-01-07 19:32:03', 1481163390092603, '2017-01-07 19:32:03', 1481163390092603);
INSERT INTO `base_action` VALUES (1483788805511342, 1482639945265710, 1, '列表页面', 1, 'menuManage', '/admin/baseSystemMenu/menuManage', 'menuManage();', 'menuManage', 1, NULL, NULL, '2017-01-07 19:33:25', 1481163390092603, '2017-01-07 19:33:25', 1481163390092603);
INSERT INTO `base_action` VALUES (1483840201083782, 1482640410448990, 2, '查询结果列表JSON', 15, 'searchData', '/admin/baseRole/searchData', NULL, 'searchData', 1, NULL, NULL, '2017-01-08 09:50:01', 1483798229772386, '2017-01-08 09:50:01', 1483798229772386);
INSERT INTO `base_action` VALUES (1483840225689469, 1482640410448990, 3, '新增页面', 2, 'add', '/admin/baseRole/add', 'add();', 'add', 1, NULL, NULL, '2017-01-08 09:50:25', 1483798229772386, '2017-01-08 09:50:25', 1483798229772386);
INSERT INTO `base_action` VALUES (1483840231988865, 1482640410448990, 4, '新增保存', 11, 'save', '/admin/baseRole/save', NULL, 'save', 1, NULL, NULL, '2017-01-08 09:50:31', 1483798229772386, '2017-01-08 09:50:31', 1483798229772386);
INSERT INTO `base_action` VALUES (1483840238098982, 1482640410448990, 5, '修改页面', 3, 'edit', '/admin/baseRole/edit', 'edit();', 'edit', 1, NULL, NULL, '2017-01-08 09:50:38', 1483798229772386, '2017-01-08 09:50:38', 1483798229772386);
INSERT INTO `base_action` VALUES (1483840242568317, 1482640410448990, 6, '修改保存', 12, 'update', '/admin/baseRole/update', NULL, 'update', 1, NULL, NULL, '2017-01-08 09:50:42', 1483798229772386, '2017-01-08 09:50:42', 1483798229772386);
INSERT INTO `base_action` VALUES (1483840248538503, 1482640410448990, 7, '删除', 13, 'delete', '/admin/baseRole/delete', 'del();', 'delete', 1, NULL, NULL, '2017-01-08 09:50:48', 1483798229772386, '2017-01-08 09:50:48', 1483798229772386);
INSERT INTO `base_action` VALUES (1483840253424572, 1482640410448990, 8, '批量删除', 14, 'delete', '/admin/baseRole/delete', 'batchDel();', 'delete', 1, NULL, NULL, '2017-01-08 09:50:53', 1483798229772386, '2017-01-08 09:50:53', 1483798229772386);
INSERT INTO `base_action` VALUES (1493184815690523, 1482637276555383, 1, '列表页面', 1, 'index', 'index', NULL, 'index', 1, NULL, NULL, '2017-04-26 13:33:36', 1483798229772386, '2017-04-26 13:33:36', 1483798229772386);

-- ----------------------------
-- Table structure for base_attachment
-- ----------------------------
DROP TABLE IF EXISTS `base_attachment`;
CREATE TABLE `base_attachment`  (
  `attachmentId` bigint(20) UNSIGNED NOT NULL COMMENT '附件ID',
  `systemId` bigint(20) UNSIGNED NULL DEFAULT NULL COMMENT '附件所属的系统ID',
  `title` text CHARACTER SET utf8mb4 COLLATE utf8mb4_general_ci NULL COMMENT '标题',
  `path` varchar(512) CHARACTER SET utf8mb4 COLLATE utf8mb4_general_ci NULL DEFAULT NULL COMMENT '路径',
  `mimeType` varchar(128) CHARACTER SET utf8mb4 COLLATE utf8mb4_general_ci NULL DEFAULT NULL COMMENT 'mime',
  `suffix` varchar(32) CHARACTER SET utf8mb4 COLLATE utf8mb4_general_ci NULL DEFAULT NULL COMMENT '附件的后缀',
  `type` varchar(32) CHARACTER SET utf8mb4 COLLATE utf8mb4_general_ci NULL DEFAULT NULL COMMENT '类型',
  `flag` varchar(256) CHARACTER SET utf8mb4 COLLATE utf8mb4_general_ci NULL DEFAULT NULL COMMENT '标示',
  `lat` decimal(20, 16) NULL DEFAULT NULL COMMENT '经度',
  `lng` decimal(20, 16) NULL DEFAULT NULL COMMENT '纬度',
  `sortNumber` int(11) NULL DEFAULT NULL COMMENT '排序字段',
  `status` int(11) NULL DEFAULT NULL COMMENT '状态\r\n-1:逻辑删除;0:已禁用/待审核;1:正常',
  `remark` text CHARACTER SET utf8 COLLATE utf8_general_ci NULL COMMENT '备注说明',
  `otherJson` text CHARACTER SET utf8 COLLATE utf8_general_ci NULL COMMENT '其他设置JSON字符串',
  `createTime` datetime(0) NULL DEFAULT NULL COMMENT '创建时间',
  `createUserId` bigint(20) NULL DEFAULT NULL COMMENT '创建用户ID',
  `updateTime` datetime(0) NULL DEFAULT NULL COMMENT '更新时间',
  `updateUserId` bigint(20) NULL DEFAULT NULL COMMENT '更新用户ID',
  PRIMARY KEY (`attachmentId`) USING BTREE,
  INDEX `systemId`(`systemId`) USING BTREE,
  INDEX `createTime`(`createTime`) USING BTREE,
  INDEX `suffix`(`suffix`) USING BTREE,
  INDEX `mimeType`(`mimeType`) USING BTREE
) ENGINE = InnoDB CHARACTER SET = utf8mb4 COLLATE = utf8mb4_general_ci COMMENT = '附件表\r\n用于保存用户上传的附件内容。' ROW_FORMAT = Dynamic;

-- ----------------------------
-- Table structure for base_department
-- ----------------------------
DROP TABLE IF EXISTS `base_department`;
CREATE TABLE `base_department`  (
  `id` bigint(30) NOT NULL COMMENT '部门ID',
  `systemId` bigint(30) NULL DEFAULT NULL COMMENT '系统ID',
  `parentId` bigint(30) NULL DEFAULT NULL COMMENT '父级部门ID',
  `sortNumber` int(11) NULL DEFAULT NULL COMMENT '排序编号',
  `treeNumber` varchar(255) CHARACTER SET utf8 COLLATE utf8_general_ci NULL DEFAULT NULL COMMENT '树形编号',
  `name` varchar(100) CHARACTER SET utf8 COLLATE utf8_general_ci NULL DEFAULT NULL COMMENT '部门名称',
  `number` varchar(100) CHARACTER SET utf8 COLLATE utf8_general_ci NULL DEFAULT NULL COMMENT '部门编号',
  `briefDescription` varchar(255) CHARACTER SET utf8 COLLATE utf8_general_ci NULL DEFAULT NULL COMMENT '简要说明',
  `status` int(11) NULL DEFAULT NULL COMMENT '状态\r\n-1:逻辑删除;0:已禁用/待审核;1:正常',
  `remark` text CHARACTER SET utf8 COLLATE utf8_general_ci NULL COMMENT '备注说明',
  `otherJson` text CHARACTER SET utf8 COLLATE utf8_general_ci NULL COMMENT '其他设置JSON字符串',
  `createTime` datetime(0) NULL DEFAULT NULL COMMENT '创建时间',
  `createUserId` bigint(20) NULL DEFAULT NULL COMMENT '创建用户ID',
  `updateTime` datetime(0) NULL DEFAULT NULL COMMENT '更新时间',
  `updateUserId` bigint(20) NULL DEFAULT NULL COMMENT '更新用户ID',
  PRIMARY KEY (`id`) USING BTREE
) ENGINE = InnoDB CHARACTER SET = utf8 COLLATE = utf8_general_ci COMMENT = '部门信息\r\n部门或者其他分支机构基础信息' ROW_FORMAT = Compact;

-- ----------------------------
-- Records of base_department
-- ----------------------------
INSERT INTO `base_department` VALUES (1483530000861797, 1, 0, 4, '004', '欧洲大区', NULL, NULL, 1, NULL, NULL, '2017-01-04 19:40:00', 1481163390092603, '2017-01-04 20:51:22', 1481163390092603);
INSERT INTO `base_department` VALUES (1483530047366807, 1, 0, 6, '006', '非洲大区', NULL, NULL, 1, NULL, NULL, '2017-01-04 19:40:47', 1481163390092603, '2017-01-04 20:51:22', 1481163390092603);
INSERT INTO `base_department` VALUES (1483530069598814, 1, 0, 3, '003', '美洲大区', NULL, NULL, 1, NULL, NULL, '2017-01-04 19:41:09', 1481163390092603, '2017-01-04 20:51:22', 1481163390092603);
INSERT INTO `base_department` VALUES (1483530153908878, 1, 0, 5, '005', '中东海湾大区', NULL, NULL, 1, NULL, NULL, '2017-01-04 19:42:33', 1481163390092603, '2017-01-04 20:51:22', 1481163390092603);
INSERT INTO `base_department` VALUES (1483534264470672, 1, 0, 1, '001', '总部', NULL, NULL, 1, NULL, NULL, '2017-01-04 20:51:04', 1481163390092603, '2017-01-04 20:51:22', 1481163390092603);
INSERT INTO `base_department` VALUES (1483534330700902, 1, 1483534264470672, 1, '001001', '董事会', NULL, NULL, 1, NULL, NULL, '2017-01-04 20:52:10', 1481163390092603, '2017-01-11 17:03:25', 1483798229772386);
INSERT INTO `base_department` VALUES (1483534373678324, 1, 1483534264470672, 2, '001002', '股东会', NULL, NULL, 1, NULL, NULL, '2017-01-04 20:52:53', 1481163390092603, '2017-01-11 17:03:25', 1483798229772386);
INSERT INTO `base_department` VALUES (1483534390480675, 1, 1483534264470672, 3, '001003', '总工会', NULL, NULL, 1, NULL, NULL, '2017-01-04 20:53:10', 1481163390092603, '2017-01-11 17:03:25', 1483798229772386);
INSERT INTO `base_department` VALUES (1483534420747306, 1, 1483534264470672, 4, '001004', '规划决策部', NULL, NULL, 1, NULL, NULL, '2017-01-04 20:53:40', 1481163390092603, '2017-01-11 17:03:25', 1483798229772386);
INSERT INTO `base_department` VALUES (1483534432769016, 1, 1483534772057034, 1, '001007001', '人力资源部', NULL, NULL, 1, NULL, NULL, '2017-01-04 20:53:52', 1481163390092603, '2017-01-11 17:03:28', 1483798229772386);
INSERT INTO `base_department` VALUES (1483534462232926, 1, 1483534264470672, 5, '001005', '财务部', NULL, NULL, 1, NULL, NULL, '2017-01-04 20:54:22', 1481163390092603, '2017-01-11 17:03:25', 1483798229772386);
INSERT INTO `base_department` VALUES (1483534647738395, 1, 1483534264470672, 6, '001006', '信息技术部', NULL, NULL, 1, NULL, NULL, '2017-01-04 20:57:27', 1481163390092603, '2017-01-11 17:03:25', 1483798229772386);
INSERT INTO `base_department` VALUES (1483534772057034, 1, 1483534264470672, 7, '001007', '市场宣传部', NULL, NULL, 1, NULL, NULL, '2017-01-04 20:59:32', 1481163390092603, '2017-01-11 17:03:25', 1483798229772386);
INSERT INTO `base_department` VALUES (1483534795775442, 1, 1483534264470672, 9, '001009', '销售管理部', NULL, NULL, 1, NULL, NULL, '2017-01-04 20:59:55', 1481163390092603, '2017-01-11 17:03:25', 1483798229772386);
INSERT INTO `base_department` VALUES (1483534857368172, 1, 1483530069598814, 1, '003001', '美国分区', NULL, NULL, 1, NULL, NULL, '2017-01-04 21:00:57', 1481163390092603, '2017-01-04 21:00:57', 1481163390092603);
INSERT INTO `base_department` VALUES (1483534884577416, 1, 1483530069598814, 2, '003002', '加拿大分区', NULL, NULL, 1, NULL, NULL, '2017-01-04 21:01:24', 1481163390092603, '2017-01-04 21:01:24', 1481163390092603);
INSERT INTO `base_department` VALUES (1483534938334021, 1, 1483534264470672, 10, '001010', '研发管理部', NULL, NULL, 1, NULL, NULL, '2017-01-04 21:02:18', 1481163390092603, '2017-01-11 17:03:25', 1483798229772386);
INSERT INTO `base_department` VALUES (1484125422936971, 1, 0, 1, '001', '总部', NULL, NULL, 1, NULL, NULL, '2017-01-11 17:03:42', 1483798229772386, '2017-01-11 17:03:42', 1483798229772386);
INSERT INTO `base_department` VALUES (1484125423046025, 1, 1484125422936971, 1, '001001', '董事会', NULL, NULL, 1, NULL, NULL, '2017-01-11 17:03:43', 1483798229772386, '2017-01-16 00:42:55', 1483798229772386);
INSERT INTO `base_department` VALUES (1484125423070416, 1, 1484125422936971, 2, '001002', '股东会', NULL, NULL, 1, NULL, NULL, '2017-01-11 17:03:43', 1483798229772386, '2017-01-16 00:42:55', 1483798229772386);
INSERT INTO `base_department` VALUES (1484125423087653, 1, 1484125422936971, 3, '001003', '总工会', NULL, NULL, 1, NULL, NULL, '2017-01-11 17:03:43', 1483798229772386, '2017-01-16 00:42:55', 1483798229772386);
INSERT INTO `base_department` VALUES (1484125423129493, 1, 1484125422936971, 4, '001004', '规划决策部', NULL, NULL, 1, NULL, NULL, '2017-01-11 17:03:43', 1483798229772386, '2017-01-16 00:42:55', 1483798229772386);
INSERT INTO `base_department` VALUES (1484125423170246, 1, 1484125422936971, 6, '001006', '财务部', NULL, NULL, 1, NULL, NULL, '2017-01-11 17:03:43', 1483798229772386, '2017-01-16 00:42:55', 1483798229772386);
INSERT INTO `base_department` VALUES (1484125423204698, 1, 1484125422936971, 7, '001007', '信息技术部', NULL, NULL, 1, NULL, NULL, '2017-01-11 17:03:43', 1483798229772386, '2017-01-16 00:42:55', 1483798229772386);
INSERT INTO `base_department` VALUES (1484125423237255, 1, 1484125422936971, 8, '001008', '市场宣传部', NULL, NULL, 1, NULL, NULL, '2017-01-11 17:03:43', 1483798229772386, '2017-01-16 00:42:55', 1483798229772386);
INSERT INTO `base_department` VALUES (1484125423278309, 1, 1484125422936971, 5, '001005', '人力资源部', NULL, NULL, 1, NULL, NULL, '2017-01-11 17:03:43', 1483798229772386, '2017-01-16 00:42:55', 1483798229772386);
INSERT INTO `base_department` VALUES (1484125423295257, 1, 1484125422936971, 9, '001009', '销售管理部', NULL, NULL, 1, NULL, NULL, '2017-01-11 17:03:43', 1483798229772386, '2017-01-16 00:42:55', 1483798229772386);
INSERT INTO `base_department` VALUES (1484125423312761, 1, 1484125422936971, 10, '001010', '研发管理部', NULL, NULL, 1, NULL, NULL, '2017-01-11 17:03:43', 1483798229772386, '2017-01-16 00:42:55', 1483798229772386);
INSERT INTO `base_department` VALUES (1484125423336154, 1, 0, 2, '002', '亚太大区', NULL, NULL, 1, NULL, NULL, '2017-01-11 17:03:43', 1483798229772386, '2017-01-11 17:03:43', 1483798229772386);
INSERT INTO `base_department` VALUES (1484125423362534, 1, 1484125423336154, 1, '002001', '大中华分区', NULL, NULL, 1, NULL, NULL, '2017-01-11 17:03:43', 1483798229772386, '2017-01-11 17:03:43', 1483798229772386);
INSERT INTO `base_department` VALUES (1484125423378607, 1, 1484125423362534, 1, '002001001', '北京分公司', NULL, NULL, 1, NULL, NULL, '2017-01-11 17:03:43', 1483798229772386, '2017-01-11 17:03:43', 1483798229772386);
INSERT INTO `base_department` VALUES (1484125423411783, 1, 1484125423362534, 2, '002001002', '上海分公司', NULL, NULL, 1, NULL, NULL, '2017-01-11 17:03:43', 1483798229772386, '2017-01-11 17:03:43', 1483798229772386);
INSERT INTO `base_department` VALUES (1484125423428000, 1, 1484125423362534, 3, '002001003', '深圳分公司', NULL, NULL, 1, NULL, NULL, '2017-01-11 17:03:43', 1483798229772386, '2017-01-11 17:03:43', 1483798229772386);
INSERT INTO `base_department` VALUES (1484125423461556, 1, 1484125423362534, 4, '002001004', '香港分公司', NULL, NULL, 1, NULL, NULL, '2017-01-11 17:03:43', 1483798229772386, '2017-01-11 17:03:43', 1483798229772386);
INSERT INTO `base_department` VALUES (1484125423495154, 1, 1484125423362534, 5, '002001005', '台北分公司', NULL, NULL, 1, NULL, NULL, '2017-01-11 17:03:43', 1483798229772386, '2017-01-11 17:03:43', 1483798229772386);
INSERT INTO `base_department` VALUES (1484125423512526, 1, 1484125423129493, 2, '001004002', '东盟分区', NULL, NULL, 1, NULL, NULL, '2017-01-11 17:03:43', 1483798229772386, '2018-07-10 16:15:02', 1483798229772386);
INSERT INTO `base_department` VALUES (1484125423528599, 1, 0, 3, '003', '美洲大区', NULL, NULL, 1, NULL, NULL, '2017-01-11 17:03:43', 1483798229772386, '2017-01-11 17:03:43', 1483798229772386);
INSERT INTO `base_department` VALUES (1484125423552845, 1, 1484125423528599, 1, '003001', '美国分区', NULL, NULL, 1, NULL, NULL, '2017-01-11 17:03:43', 1483798229772386, '2017-01-11 17:03:43', 1483798229772386);
INSERT INTO `base_department` VALUES (1484125423571217, 1, 1484125423528599, 2, '003002', '加拿大分区', NULL, NULL, 1, NULL, NULL, '2017-01-11 17:03:43', 1483798229772386, '2017-01-11 17:03:43', 1483798229772386);
INSERT INTO `base_department` VALUES (1484125423594444, 1, 0, 4, '004', '大中华分区', NULL, NULL, 1, NULL, NULL, '2017-01-11 17:03:43', 1483798229772386, '2017-01-11 17:03:43', 1483798229772386);
INSERT INTO `base_department` VALUES (1484125423620289, 1, 1484125423594444, 1, '004001', '北京分公司', NULL, NULL, 1, NULL, NULL, '2017-01-11 17:03:43', 1483798229772386, '2017-01-11 17:03:43', 1483798229772386);
INSERT INTO `base_department` VALUES (1484125423637062, 1, 1484125423594444, 2, '004002', '上海分公司', NULL, NULL, 1, NULL, NULL, '2017-01-11 17:03:43', 1483798229772386, '2017-01-11 17:03:43', 1483798229772386);
INSERT INTO `base_department` VALUES (1484125423653376, 1, 1484125423594444, 3, '004003', '深圳分公司', NULL, NULL, 1, NULL, NULL, '2017-01-11 17:03:43', 1483798229772386, '2017-01-11 17:03:43', 1483798229772386);
INSERT INTO `base_department` VALUES (1484125423670881, 1, 1484125423594444, 4, '004004', '香港分公司', NULL, NULL, 1, NULL, NULL, '2017-01-11 17:03:43', 1483798229772386, '2017-01-11 17:03:43', 1483798229772386);
INSERT INTO `base_department` VALUES (1484125423687973, 1, 1484125423594444, 5, '004005', '台北分公司', NULL, NULL, 1, NULL, NULL, '2017-01-11 17:03:43', 1483798229772386, '2017-01-11 17:03:43', 1483798229772386);
INSERT INTO `base_department` VALUES (1484125423703757, 1, 0, 5, '005', '欧洲大区', NULL, NULL, 1, NULL, NULL, '2017-01-11 17:03:43', 1483798229772386, '2017-01-11 17:03:43', 1483798229772386);
INSERT INTO `base_department` VALUES (1484125423737746, 1, 0, 6, '006', '中东海湾大区', NULL, NULL, 1, NULL, NULL, '2017-01-11 17:03:43', 1483798229772386, '2017-01-11 17:03:43', 1483798229772386);
INSERT INTO `base_department` VALUES (1484125423760582, 1, 0, 7, '007', '非洲大区', NULL, NULL, 1, NULL, NULL, '2017-01-11 17:03:43', 1483798229772386, '2017-01-11 17:03:43', 1483798229772386);
INSERT INTO `base_department` VALUES (1494834134705179, 1, 0, 15, '015', '部门015', NULL, NULL, 1, NULL, NULL, '2017-05-15 15:42:15', 1483798229772386, '2017-05-15 15:42:15', 1483798229772386);
INSERT INTO `base_department` VALUES (1494834141507607, 1, 0, 16, '016', '部门016', NULL, NULL, 1, NULL, NULL, '2017-05-15 15:42:22', 1483798229772386, '2017-05-15 15:42:22', 1483798229772386);
INSERT INTO `base_department` VALUES (1496199747185664, 1, 0, 17, '017', '部门017', NULL, NULL, 1, NULL, NULL, '2017-05-31 11:02:27', 1483798229772386, '2017-05-31 11:02:27', 1483798229772386);
INSERT INTO `base_department` VALUES (1496199749135236, 1, 0, 18, '018', '部门018', NULL, NULL, 1, NULL, NULL, '2017-05-31 11:02:29', 1483798229772386, '2017-05-31 11:02:29', 1483798229772386);
INSERT INTO `base_department` VALUES (1496199749384505, 1, 0, 18, '018', '部门018', NULL, NULL, 1, NULL, NULL, '2017-05-31 11:02:29', 1483798229772386, '2017-05-31 11:02:29', 1483798229772386);
INSERT INTO `base_department` VALUES (1496199749603016, 1, 0, 19, '019', '部门019', NULL, NULL, 1, NULL, NULL, '2017-05-31 11:02:30', 1483798229772386, '2017-05-31 11:02:30', 1483798229772386);
INSERT INTO `base_department` VALUES (1496199749805914, 1, 0, 20, '020', '部门020', NULL, NULL, 1, NULL, NULL, '2017-05-31 11:02:30', 1483798229772386, '2017-05-31 11:02:30', 1483798229772386);
INSERT INTO `base_department` VALUES (1496199749993991, 1, 0, 21, '021', '部门021', NULL, NULL, 1, NULL, NULL, '2017-05-31 11:02:30', 1483798229772386, '2017-05-31 11:02:30', 1483798229772386);
INSERT INTO `base_department` VALUES (1496199750180847, 1, 0, 22, '022', '部门022', NULL, NULL, 1, NULL, NULL, '2017-05-31 11:02:30', 1483798229772386, '2017-05-31 11:02:30', 1483798229772386);
INSERT INTO `base_department` VALUES (1496199750367128, 1, 0, 23, '023', '部门023', NULL, NULL, 1, NULL, NULL, '2017-05-31 11:02:30', 1483798229772386, '2017-05-31 11:02:30', 1483798229772386);
INSERT INTO `base_department` VALUES (1496199750554252, 1, 0, 24, '024', '部门024', NULL, NULL, 1, NULL, NULL, '2017-05-31 11:02:31', 1483798229772386, '2017-05-31 11:02:31', 1483798229772386);
INSERT INTO `base_department` VALUES (1496199750773388, 1, 0, 25, '025', '部门025', NULL, NULL, 1, NULL, NULL, '2017-05-31 11:02:31', 1483798229772386, '2017-05-31 11:02:31', 1483798229772386);
INSERT INTO `base_department` VALUES (1496199750960775, 1, 0, 26, '026', '部门026', NULL, NULL, 1, NULL, NULL, '2017-05-31 11:02:31', 1483798229772386, '2017-05-31 11:02:31', 1483798229772386);
INSERT INTO `base_department` VALUES (1496199751147899, 1, 0, 27, '027', '部门027', NULL, NULL, 1, NULL, NULL, '2017-05-31 11:02:31', 1483798229772386, '2017-05-31 11:02:31', 1483798229772386);
INSERT INTO `base_department` VALUES (1496199751350375, 1, 0, 28, '028', '部门028', NULL, NULL, 1, NULL, NULL, '2017-05-31 11:02:31', 1483798229772386, '2017-05-31 11:02:31', 1483798229772386);
INSERT INTO `base_department` VALUES (1496199751584101, 1, 0, 29, '029', '部门029', NULL, NULL, 1, NULL, NULL, '2017-05-31 11:02:32', 1483798229772386, '2017-05-31 11:02:32', 1483798229772386);
INSERT INTO `base_department` VALUES (1496199751771558, 1, 0, 30, '030', '部门030', NULL, NULL, 1, NULL, NULL, '2017-05-31 11:02:32', 1483798229772386, '2017-05-31 11:02:32', 1483798229772386);

-- ----------------------------
-- Table structure for base_role
-- ----------------------------
DROP TABLE IF EXISTS `base_role`;
CREATE TABLE `base_role`  (
  `id` bigint(30) NOT NULL COMMENT '角色ID',
  `systemId` bigint(30) NULL DEFAULT NULL COMMENT '系统ID',
  `sortNumber` int(11) NULL DEFAULT NULL COMMENT '排序编号',
  `name` varchar(100) CHARACTER SET utf8 COLLATE utf8_general_ci NULL DEFAULT NULL COMMENT '角色名称',
  `status` int(11) NULL DEFAULT NULL COMMENT '状态\r\n-1:逻辑删除;0:已禁用/待审核;1:正常',
  `remark` text CHARACTER SET utf8 COLLATE utf8_general_ci NULL COMMENT '备注说明',
  `otherJson` text CHARACTER SET utf8 COLLATE utf8_general_ci NULL COMMENT '其他设置JSON字符串',
  `createTime` datetime(0) NULL DEFAULT NULL COMMENT '创建时间',
  `createUserId` bigint(20) NULL DEFAULT NULL COMMENT '创建用户ID',
  `updateTime` datetime(0) NULL DEFAULT NULL COMMENT '更新时间',
  `updateUserId` bigint(20) NULL DEFAULT NULL COMMENT '更新用户ID',
  PRIMARY KEY (`id`) USING BTREE
) ENGINE = InnoDB CHARACTER SET = utf8 COLLATE = utf8_general_ci COMMENT = '角色信息\r\n角色基础信息\r\n' ROW_FORMAT = Compact;

-- ----------------------------
-- Records of base_role
-- ----------------------------
INSERT INTO `base_role` VALUES (1, 1, 1, '超级系统管理员', 1, NULL, NULL, '2016-12-16 22:39:00', 1481163390092603, '2017-01-05 08:32:33', 1481163343534554);
INSERT INTO `base_role` VALUES (1483576333993822, 1, 3, '系统管理员', 1, '拥有除多系统管理外的所有权限', NULL, '2017-01-05 08:32:13', 1481163343534554, '2017-01-05 08:32:13', 1481163343534554);
INSERT INTO `base_role` VALUES (1483840657975899, 1, 10, '北京分公司老总', 1, NULL, NULL, '2017-01-08 09:57:37', 1483798229772386, '2017-01-08 09:57:37', 1483798229772386);

-- ----------------------------
-- Table structure for base_role_permission
-- ----------------------------
DROP TABLE IF EXISTS `base_role_permission`;
CREATE TABLE `base_role_permission`  (
  `id` bigint(30) NOT NULL COMMENT '角色权限ID',
  `menuId` bigint(30) NULL DEFAULT NULL COMMENT '菜单ID',
  `actionId` bigint(30) NULL DEFAULT NULL COMMENT '动作ID',
  `roleId` bigint(30) NULL DEFAULT NULL COMMENT '角色ID',
  `dataPermission` int(11) NULL DEFAULT 1 COMMENT '数据权限\r\n1:所有权限;2:本部门及子部门;3:本部门;4:仅本人;5:特定部门;6:特定人员',
  `specialIds` text CHARACTER SET utf8 COLLATE utf8_general_ci NULL COMMENT '特定IDs\r\ndataPermission=5时代表特定部门IDs；dataPermission=6时代表特定人员IDs。多个ID之间使用半角逗号分隔',
  `status` int(11) NULL DEFAULT NULL COMMENT '状态\r\n-1:逻辑删除;0:已禁用/待审核;1:正常',
  `remark` text CHARACTER SET utf8 COLLATE utf8_general_ci NULL COMMENT '备注说明',
  `otherJson` text CHARACTER SET utf8 COLLATE utf8_general_ci NULL COMMENT '其他设置JSON字符串',
  `createTime` datetime(0) NULL DEFAULT NULL COMMENT '创建时间',
  `createUserId` bigint(20) NULL DEFAULT NULL COMMENT '创建用户ID',
  `updateTime` datetime(0) NULL DEFAULT NULL COMMENT '更新时间',
  `updateUserId` bigint(20) NULL DEFAULT NULL COMMENT '更新用户ID',
  PRIMARY KEY (`id`) USING BTREE
) ENGINE = InnoDB CHARACTER SET = utf8 COLLATE = utf8_general_ci COMMENT = '角色权限\r\n角色拥有权限信息表\r\n' ROW_FORMAT = Compact;

-- ----------------------------
-- Records of base_role_permission
-- ----------------------------
INSERT INTO `base_role_permission` VALUES (1483797309617165, 1482640318563308, 1483502737794014, 1, 1, NULL, 1, NULL, '{}', '2017-01-07 21:55:09', 1481163343534554, '2017-01-07 21:55:09', 1481163343534554);
INSERT INTO `base_role_permission` VALUES (1483797309740310, 1482640318563308, 1483507422310202, 1, 1, NULL, 1, NULL, '{}', '2017-01-07 21:55:09', 1481163343534554, '2017-01-07 21:55:09', 1481163343534554);
INSERT INTO `base_role_permission` VALUES (1483797309862788, 1482640318563308, 1483507073600142, 1, 1, NULL, 1, NULL, '{}', '2017-01-07 21:55:09', 1481163343534554, '2017-01-07 21:55:09', 1481163343534554);
INSERT INTO `base_role_permission` VALUES (1483797309984500, 1482640318563308, 1483507113765259, 1, 1, NULL, 1, NULL, '{}', '2017-01-07 21:55:09', 1481163343534554, '2017-01-07 21:55:09', 1481163343534554);
INSERT INTO `base_role_permission` VALUES (1483797310106893, 1482640318563308, 1483507093561121, 1, 1, NULL, 1, NULL, '{}', '2017-01-07 21:55:10', 1481163343534554, '2017-01-07 21:55:10', 1481163343534554);
INSERT INTO `base_role_permission` VALUES (1483797310179245, 1482640318563308, 1483507173939364, 1, 1, NULL, 1, NULL, '{}', '2017-01-07 21:55:10', 1481163343534554, '2017-01-07 21:55:10', 1481163343534554);
INSERT INTO `base_role_permission` VALUES (1483797310238059, 1482640318563308, 1483507125536603, 1, 1, NULL, 1, NULL, '{}', '2017-01-07 21:55:10', 1481163343534554, '2017-01-07 21:55:10', 1481163343534554);
INSERT INTO `base_role_permission` VALUES (1483797310302301, 1482640318563308, 1483507241280435, 1, 1, NULL, 1, NULL, '{}', '2017-01-07 21:55:10', 1481163343534554, '2017-01-07 21:55:10', 1481163343534554);
INSERT INTO `base_role_permission` VALUES (1483797310361991, 1482640318563308, 1483507099547878, 1, 1, NULL, 1, NULL, '{}', '2017-01-07 21:55:10', 1481163343534554, '2017-01-07 21:55:10', 1481163343534554);
INSERT INTO `base_role_permission` VALUES (1483797310424001, 1482640379709261, 1483788274741651, 1, 1, NULL, 1, NULL, '{}', '2017-01-07 21:55:10', 1481163343534554, '2017-01-07 21:55:10', 1481163343534554);
INSERT INTO `base_role_permission` VALUES (1483797310483703, 1482640379709261, 1483788340725798, 1, 1, NULL, 1, NULL, '{}', '2017-01-07 21:55:10', 1481163343534554, '2017-01-07 21:55:10', 1481163343534554);
INSERT INTO `base_role_permission` VALUES (1483797310546249, 1482640379709261, 1483788650367637, 1, 1, NULL, 1, NULL, '{}', '2017-01-07 21:55:10', 1481163343534554, '2017-01-07 21:55:10', 1481163343534554);
INSERT INTO `base_role_permission` VALUES (1483797310605951, 1482640379709261, 1483788723282838, 1, 1, NULL, 1, NULL, '{}', '2017-01-07 21:55:10', 1481163343534554, '2017-01-07 21:55:10', 1481163343534554);
INSERT INTO `base_role_permission` VALUES (1483797310668961, 1482639945265710, 1483788805511342, 1, 1, NULL, 1, NULL, '{}', '2017-01-07 21:55:10', 1481163343534554, '2017-01-07 21:55:10', 1481163343534554);
INSERT INTO `base_role_permission` VALUES (1483797310727519, 1482637008202383, 1483783326584802, 1, 1, NULL, 1, NULL, '{}', '2017-01-07 21:55:10', 1481163343534554, '2017-01-07 21:55:10', 1481163343534554);
INSERT INTO `base_role_permission` VALUES (1483797310879366, 1482637008202383, 1483783358740559, 1, 1, NULL, 1, NULL, '{}', '2017-01-07 21:55:10', 1481163343534554, '2017-01-07 21:55:10', 1481163343534554);
INSERT INTO `base_role_permission` VALUES (1483797310959305, 1482637008202383, 1483783377637700, 1, 1, NULL, 1, NULL, '{}', '2017-01-07 21:55:10', 1481163343534554, '2017-01-07 21:55:10', 1481163343534554);
INSERT INTO `base_role_permission` VALUES (1483797311000058, 1482637008202383, 1483787859123312, 1, 1, NULL, 1, NULL, '{}', '2017-01-07 21:55:11', 1481163343534554, '2017-01-07 21:55:11', 1481163343534554);
INSERT INTO `base_role_permission` VALUES (1483797311037202, 1482637008202383, 1483787875609507, 1, 1, NULL, 1, NULL, '{}', '2017-01-07 21:55:11', 1481163343534554, '2017-01-07 21:55:11', 1481163343534554);
INSERT INTO `base_role_permission` VALUES (1483797311078110, 1482637008202383, 1483784347267060, 1, 1, NULL, 1, NULL, '{}', '2017-01-07 21:55:11', 1481163343534554, '2017-01-07 21:55:11', 1481163343534554);
INSERT INTO `base_role_permission` VALUES (1483797311125605, 1482637008202383, 1483788063301364, 1, 1, NULL, 1, NULL, '{}', '2017-01-07 21:55:11', 1481163343534554, '2017-01-07 21:55:11', 1481163343534554);
INSERT INTO `base_role_permission` VALUES (1483797311178408, 1482468733903912, 0, 1, 1, NULL, 1, NULL, '{}', '2017-01-07 21:55:11', 1481163343534554, '2017-01-07 21:55:11', 1481163343534554);
INSERT INTO `base_role_permission` VALUES (1483797311214297, 1482636603448540, 0, 1, 1, NULL, 1, NULL, '{}', '2017-01-07 21:55:11', 1481163343534554, '2017-01-07 21:55:11', 1481163343534554);
INSERT INTO `base_role_permission` VALUES (1483797311244018, 1482637116384527, 0, 1, 1, NULL, 1, NULL, '{}', '2017-01-07 21:55:11', 1481163343534554, '2017-01-07 21:55:11', 1481163343534554);
INSERT INTO `base_role_permission` VALUES (1483797311269966, 1482637157762612, 0, 1, 1, NULL, 1, NULL, '{}', '2017-01-07 21:55:11', 1481163343534554, '2017-01-07 21:55:11', 1481163343534554);
INSERT INTO `base_role_permission` VALUES (1483797311311028, 1482637276555383, 0, 1, 1, NULL, 1, NULL, '{}', '2017-01-07 21:55:11', 1481163343534554, '2017-01-07 21:55:11', 1481163343534554);
INSERT INTO `base_role_permission` VALUES (1483797311348579, 1482468941453029, 0, 1, 1, NULL, 1, NULL, '{}', '2017-01-07 21:55:11', 1481163343534554, '2017-01-07 21:55:11', 1481163343534554);
INSERT INTO `base_role_permission` VALUES (1483797311378836, 1482640410448990, 0, 1, 1, NULL, 1, NULL, '{}', '2017-01-07 21:55:11', 1481163343534554, '2017-01-07 21:55:11', 1481163343534554);
INSERT INTO `base_role_permission` VALUES (1483840304285647, 1482640318563308, 1483502737794014, 1483576333993822, 2, NULL, 1, NULL, '{}', '2017-01-08 09:51:44', 1483798229772386, '2017-01-08 09:51:44', 1483798229772386);
INSERT INTO `base_role_permission` VALUES (1483840304407215, 1482640318563308, 1483507422310202, 1483576333993822, 2, NULL, 1, NULL, '{}', '2017-01-08 09:51:44', 1483798229772386, '2017-01-08 09:51:44', 1483798229772386);
INSERT INTO `base_role_permission` VALUES (1483840304540012, 1482640318563308, 1483507073600142, 1483576333993822, 1, NULL, 1, NULL, '{}', '2017-01-08 09:51:44', 1483798229772386, '2017-01-08 09:51:44', 1483798229772386);
INSERT INTO `base_role_permission` VALUES (1483840304662260, 1482640318563308, 1483507113765259, 1483576333993822, 1, NULL, 1, NULL, '{}', '2017-01-08 09:51:44', 1483798229772386, '2017-01-08 09:51:44', 1483798229772386);
INSERT INTO `base_role_permission` VALUES (1483840304784971, 1482640318563308, 1483507093561121, 1483576333993822, 1, NULL, 1, NULL, '{}', '2017-01-08 09:51:44', 1483798229772386, '2017-01-08 09:51:44', 1483798229772386);
INSERT INTO `base_role_permission` VALUES (1483840304932354, 1482640318563308, 1483507173939364, 1483576333993822, 1, NULL, 1, NULL, '{}', '2017-01-08 09:51:44', 1483798229772386, '2017-01-08 09:51:44', 1483798229772386);
INSERT INTO `base_role_permission` VALUES (1483840304995163, 1482640318563308, 1483507125536603, 1483576333993822, 1, NULL, 1, NULL, '{}', '2017-01-08 09:51:44', 1483798229772386, '2017-01-08 09:51:44', 1483798229772386);
INSERT INTO `base_role_permission` VALUES (1483840305054832, 1482640318563308, 1483507241280435, 1483576333993822, 1, NULL, 1, NULL, '{}', '2017-01-08 09:51:45', 1483798229772386, '2017-01-08 09:51:45', 1483798229772386);
INSERT INTO `base_role_permission` VALUES (1483840305117267, 1482640318563308, 1483507099547878, 1483576333993822, 1, NULL, 1, NULL, '{}', '2017-01-08 09:51:45', 1483798229772386, '2017-01-08 09:51:45', 1483798229772386);
INSERT INTO `base_role_permission` VALUES (1483840305176545, 1482640410448990, 1483840201083782, 1483576333993822, 2, NULL, 1, NULL, '{}', '2017-01-08 09:51:45', 1483798229772386, '2017-01-08 09:51:45', 1483798229772386);
INSERT INTO `base_role_permission` VALUES (1483840305239979, 1482640410448990, 1483840225689469, 1483576333993822, 1, NULL, 1, NULL, '{}', '2017-01-08 09:51:45', 1483798229772386, '2017-01-08 09:51:45', 1483798229772386);
INSERT INTO `base_role_permission` VALUES (1483840305298793, 1482640410448990, 1483840231988865, 1483576333993822, 1, NULL, 1, NULL, '{}', '2017-01-08 09:51:45', 1483798229772386, '2017-01-08 09:51:45', 1483798229772386);
INSERT INTO `base_role_permission` VALUES (1483840305361228, 1482640410448990, 1483840238098982, 1483576333993822, 1, NULL, 1, NULL, '{}', '2017-01-08 09:51:45', 1483798229772386, '2017-01-08 09:51:45', 1483798229772386);
INSERT INTO `base_role_permission` VALUES (1483840305420650, 1482640410448990, 1483840242568317, 1483576333993822, 1, NULL, 1, NULL, '{}', '2017-01-08 09:51:45', 1483798229772386, '2017-01-08 09:51:45', 1483798229772386);
INSERT INTO `base_role_permission` VALUES (1483840305483928, 1482640410448990, 1483840248538503, 1483576333993822, 1, NULL, 1, NULL, '{}', '2017-01-08 09:51:45', 1483798229772386, '2017-01-08 09:51:45', 1483798229772386);
INSERT INTO `base_role_permission` VALUES (1483840305553891, 1482640410448990, 1483840253424572, 1483576333993822, 1, NULL, 1, NULL, '{}', '2017-01-08 09:51:45', 1483798229772386, '2017-01-08 09:51:45', 1483798229772386);
INSERT INTO `base_role_permission` VALUES (1483840305616058, 1482640379709261, 1483788274741651, 1483576333993822, 1, NULL, 1, NULL, '{}', '2017-01-08 09:51:45', 1483798229772386, '2017-01-08 09:51:45', 1483798229772386);
INSERT INTO `base_role_permission` VALUES (1483840305675748, 1482640379709261, 1483788340725798, 1483576333993822, 1, NULL, 1, NULL, '{}', '2017-01-08 09:51:45', 1483798229772386, '2017-01-08 09:51:45', 1483798229772386);
INSERT INTO `base_role_permission` VALUES (1483840305739294, 1482640379709261, 1483788650367637, 1483576333993822, 1, NULL, 1, NULL, '{}', '2017-01-08 09:51:45', 1483798229772386, '2017-01-08 09:51:45', 1483798229772386);
INSERT INTO `base_role_permission` VALUES (1483840305798429, 1482640379709261, 1483788723282838, 1483576333993822, 1, NULL, 1, NULL, '{}', '2017-01-08 09:51:45', 1483798229772386, '2017-01-08 09:51:45', 1483798229772386);
INSERT INTO `base_role_permission` VALUES (1483840305861707, 1482639945265710, 1483788805511342, 1483576333993822, 1, NULL, 1, NULL, '{}', '2017-01-08 09:51:45', 1483798229772386, '2017-01-08 09:51:45', 1483798229772386);
INSERT INTO `base_role_permission` VALUES (1483840305920142, 1482468733903912, 0, 1483576333993822, 1, NULL, 1, NULL, '{}', '2017-01-08 09:51:45', 1483798229772386, '2017-01-08 09:51:45', 1483798229772386);
INSERT INTO `base_role_permission` VALUES (1483840305982110, 1482636603448540, 0, 1483576333993822, 1, NULL, 1, NULL, '{}', '2017-01-08 09:51:45', 1483798229772386, '2017-01-08 09:51:45', 1483798229772386);
INSERT INTO `base_role_permission` VALUES (1483840306042620, 1482637116384527, 0, 1483576333993822, 1, NULL, 1, NULL, '{}', '2017-01-08 09:51:46', 1483798229772386, '2017-01-08 09:51:46', 1483798229772386);
INSERT INTO `base_role_permission` VALUES (1483840306093846, 1482637157762612, 0, 1483576333993822, 1, NULL, 1, NULL, '{}', '2017-01-08 09:51:46', 1483798229772386, '2017-01-08 09:51:46', 1483798229772386);
INSERT INTO `base_role_permission` VALUES (1483840306141641, 1482637276555383, 0, 1483576333993822, 1, NULL, 1, NULL, '{}', '2017-01-08 09:51:46', 1483798229772386, '2017-01-08 09:51:46', 1483798229772386);
INSERT INTO `base_role_permission` VALUES (1483840306182538, 1482468941453029, 0, 1483576333993822, 1, NULL, 1, NULL, '{}', '2017-01-08 09:51:46', 1483798229772386, '2017-01-08 09:51:46', 1483798229772386);

-- ----------------------------
-- Table structure for base_system
-- ----------------------------
DROP TABLE IF EXISTS `base_system`;
CREATE TABLE `base_system`  (
  `id` bigint(30) NOT NULL COMMENT '系统ID\r\nID=1的为默认基础框架系统',
  `fullName` varchar(100) CHARACTER SET utf8 COLLATE utf8_general_ci NULL DEFAULT NULL COMMENT '系统全称',
  `shortName` varchar(100) CHARACTER SET utf8 COLLATE utf8_general_ci NULL DEFAULT NULL COMMENT '系统简称',
  `url` varchar(255) CHARACTER SET utf8 COLLATE utf8_general_ci NULL DEFAULT NULL COMMENT '访问URL\r\n到应用存放路径(ContextPath)为止，不必以“/”结尾',
  `filePath` varchar(20) CHARACTER SET utf8 COLLATE utf8_general_ci NULL DEFAULT NULL COMMENT '文件路径\r\n附件、资源文件或者模板页面存储路径标识。本机上运行的子系统必填而且必须唯一，非本机系统应该为空',
  `loginUrl` varchar(255) CHARACTER SET utf8 COLLATE utf8_general_ci NULL DEFAULT '/login' COMMENT '用户登录地址',
  `adminUrl` varchar(255) CHARACTER SET utf8 COLLATE utf8_general_ci NULL DEFAULT NULL COMMENT '后台管理地址',
  `contactPerson` varchar(255) CHARACTER SET utf8 COLLATE utf8_general_ci NULL DEFAULT NULL COMMENT '联系人',
  `contactMobile` varchar(25) CHARACTER SET utf8 COLLATE utf8_general_ci NULL DEFAULT NULL COMMENT '联系手机',
  `contactQQ` varchar(255) CHARACTER SET utf8 COLLATE utf8_general_ci NULL DEFAULT NULL COMMENT '联系QQ',
  `contactEmail` varchar(255) CHARACTER SET utf8 COLLATE utf8_general_ci NULL DEFAULT NULL COMMENT '联系E-mail',
  `status` int(11) NULL DEFAULT NULL COMMENT '状态\r\n-1:逻辑删除;0:已禁用/待审核;1:正常',
  `remark` text CHARACTER SET utf8 COLLATE utf8_general_ci NULL COMMENT '备注说明',
  `otherJson` text CHARACTER SET utf8 COLLATE utf8_general_ci NULL COMMENT '其他设置JSON字符串',
  `createTime` datetime(0) NULL DEFAULT NULL COMMENT '创建时间',
  `createUserId` bigint(20) NULL DEFAULT NULL COMMENT '创建用户ID',
  `updateTime` datetime(0) NULL DEFAULT NULL COMMENT '更新时间',
  `updateUserId` bigint(20) NULL DEFAULT NULL COMMENT '更新用户ID',
  PRIMARY KEY (`id`) USING BTREE
) ENGINE = InnoDB CHARACTER SET = utf8 COLLATE = utf8_general_ci COMMENT = '系统信息\r\n各个子系统或者相关系统的基础信息\r\n' ROW_FORMAT = Compact;

-- ----------------------------
-- Records of base_system
-- ----------------------------
INSERT INTO `base_system` VALUES (1, '旅行师快速开发框架', '旅行师开发平台', 'http://127.0.0.1', 'default', '/admin/login', '/admin/', '管理员', '18092738888', '83828282', 'admin@qq.com', 1, NULL, '{\"userName\":\"user\"}', '2016-12-07 21:55:00', 1, '2017-04-16 23:09:06', 1483798229772386);
INSERT INTO `base_system` VALUES (1482629836003406, '旅行师旅游网站管理系统', '旅行师CMS', 'http://127.0.0.3', 'default', '/admin/login', '/admin/', '张小珺', '13291336565', '65765756', '65765756@qq.com', 1, NULL, NULL, NULL, NULL, '2018-07-10 08:25:40', 1483798229772386);

-- ----------------------------
-- Table structure for base_system_menu
-- ----------------------------
DROP TABLE IF EXISTS `base_system_menu`;
CREATE TABLE `base_system_menu`  (
  `id` bigint(30) NOT NULL COMMENT '菜单ID',
  `systemId` bigint(30) NULL DEFAULT NULL COMMENT '系统ID',
  `parentId` bigint(30) NULL DEFAULT NULL COMMENT '父级菜单ID',
  `sortNumber` int(11) NULL DEFAULT NULL COMMENT '排序编号',
  `menuNumber` varchar(255) CHARACTER SET utf8 COLLATE utf8_general_ci NULL DEFAULT NULL COMMENT '菜单编号',
  `name` varchar(100) CHARACTER SET utf8 COLLATE utf8_general_ci NULL DEFAULT NULL COMMENT '菜单名称',
  `url` varchar(255) CHARACTER SET utf8 COLLATE utf8_general_ci NULL DEFAULT NULL COMMENT '链接URL\r\n访问外部链接地址使用http开始的完整URL地址，访问本系统或者子系统使用以/开头的相对路径URL',
  `target` varchar(20) CHARACTER SET utf8 COLLATE utf8_general_ci NULL DEFAULT NULL COMMENT '目标窗口\r\n目标窗口名称，新建窗口_blank，顶级窗口_top，本窗口请留空或者_self，其他固定名称的窗口请直接填写窗口名称',
  `helpUrl` varchar(255) CHARACTER SET utf8 COLLATE utf8_general_ci NULL DEFAULT NULL COMMENT '帮助文档URL',
  `iconSkin` varchar(255) CHARACTER SET utf8 COLLATE utf8_general_ci NULL DEFAULT NULL COMMENT '图标\r\n字体样式图标直接填写CSS样式名称如fa-home、icon-attachment等，图片URL',
  `briefDescription` varchar(255) CHARACTER SET utf8 COLLATE utf8_general_ci NULL DEFAULT NULL COMMENT '简要说明',
  `status` int(11) NULL DEFAULT NULL COMMENT '状态\r\n-1:逻辑删除;0:已禁用/待审核;1:正常',
  `remark` text CHARACTER SET utf8 COLLATE utf8_general_ci NULL COMMENT '备注说明',
  `otherJson` text CHARACTER SET utf8 COLLATE utf8_general_ci NULL COMMENT '其他设置JSON字符串',
  `createTime` datetime(0) NULL DEFAULT NULL COMMENT '创建时间',
  `createUserId` bigint(20) NULL DEFAULT NULL COMMENT '创建用户ID',
  `updateTime` datetime(0) NULL DEFAULT NULL COMMENT '更新时间',
  `updateUserId` bigint(20) NULL DEFAULT NULL COMMENT '更新用户ID',
  PRIMARY KEY (`id`) USING BTREE
) ENGINE = InnoDB CHARACTER SET = utf8 COLLATE = utf8_general_ci COMMENT = '系统菜单信息\r\n各个子系统或者相关系统的基础信息\r\n' ROW_FORMAT = Compact;

-- ----------------------------
-- Records of base_system_menu
-- ----------------------------
INSERT INTO `base_system_menu` VALUES (1482468733903912, 1, 0, 1, '001', '首页', '/admin/', '', '/111.html', 'icon icon-home2 ', '说明，简要说明', 1, '备注说明，备注说明，BeiZhuShuoMing', NULL, NULL, NULL, '2017-01-21 01:32:22', 1483798229772386);
INSERT INTO `base_system_menu` VALUES (1482468941453029, 1, 0, 3, '003', '系统管理设置', '/admin/baseSystem/', NULL, NULL, 'icon icon-hammer-wrench ', NULL, 1, NULL, NULL, NULL, NULL, '2017-01-21 01:32:22', 1483798229772386);
INSERT INTO `base_system_menu` VALUES (1482629982799431, 1482629836003406, 0, 1, '001', '首页', '/admin/', NULL, NULL, 'icon icon-home2 ', NULL, 1, NULL, NULL, '2016-12-25 09:39:42', 1481163390092603, '2016-12-25 09:41:05', 1481163390092603);
INSERT INTO `base_system_menu` VALUES (1482630072185476, 1482629836003406, 0, 2, '002', '常规内容管理', NULL, NULL, NULL, 'fa fa-th  ', NULL, 1, NULL, NULL, '2016-12-25 09:41:12', 1481163390092603, '2016-12-25 09:43:35', 1481163390092603);
INSERT INTO `base_system_menu` VALUES (1482630238553746, 1482629836003406, 0, 3, '003', '旅游内容管理', NULL, NULL, NULL, 'fa fa-paper-plane ', NULL, 1, NULL, NULL, '2016-12-25 09:43:58', 1481163390092603, '2016-12-25 09:44:35', 1481163390092603);
INSERT INTO `base_system_menu` VALUES (1482630280054439, 1482629836003406, 0, 4, '004', '微信公众账号', NULL, NULL, NULL, 'fa fa-weixin ', NULL, 1, NULL, NULL, '2016-12-25 09:44:40', 1481163390092603, '2016-12-25 09:45:04', 1481163390092603);
INSERT INTO `base_system_menu` VALUES (1482630375127272, 1482629836003406, 0, 5, '005', '资源附件', NULL, NULL, NULL, 'icon icon-attachment ', NULL, 1, NULL, NULL, '2016-12-25 09:46:15', 1481163390092603, '2016-12-25 09:46:45', 1481163390092603);
INSERT INTO `base_system_menu` VALUES (1482630408370446, 1482629836003406, 0, 6, '006', '网站栏目管理', NULL, NULL, NULL, 'icon icon-tree7 ', NULL, 1, NULL, NULL, '2016-12-25 09:46:48', 1481163390092603, '2016-12-25 09:47:30', 1481163390092603);
INSERT INTO `base_system_menu` VALUES (1482630453609090, 1482629836003406, 0, 7, '007', '用户管理', NULL, NULL, NULL, 'icon icon-users ', NULL, 1, NULL, NULL, '2016-12-25 09:47:33', 1481163390092603, '2016-12-25 09:49:28', 1481163390092603);
INSERT INTO `base_system_menu` VALUES (1482630573564533, 1482629836003406, 0, 8, '008', '系统设置', NULL, NULL, NULL, 'icon icon-hammer-wrench ', NULL, 1, NULL, NULL, '2016-12-25 09:49:33', 1481163390092603, '2016-12-25 09:50:04', 1481163390092603);
INSERT INTO `base_system_menu` VALUES (1482630750174914, 1482629836003406, 1482630573564533, 1, '008001', '网站参数', NULL, NULL, NULL, 'icon icon-earth ', NULL, 1, NULL, NULL, '2016-12-25 09:52:30', 1481163390092603, '2016-12-25 09:52:30', 1481163390092603);
INSERT INTO `base_system_menu` VALUES (1482630776686788, 1482629836003406, 1482630573564533, 2, '008002', '附件上传设置', NULL, NULL, NULL, NULL, NULL, 1, NULL, NULL, '2016-12-25 09:52:56', 1481163390092603, '2016-12-25 09:52:56', 1481163390092603);
INSERT INTO `base_system_menu` VALUES (1482630801200554, 1482629836003406, 1482630573564533, 3, '008003', '支付宝参数', NULL, NULL, NULL, NULL, NULL, 1, NULL, NULL, '2016-12-25 09:53:21', 1481163390092603, '2016-12-25 09:53:21', 1481163390092603);
INSERT INTO `base_system_menu` VALUES (1482630831594704, 1482629836003406, 1482630573564533, 4, '008004', '分组设置', NULL, NULL, NULL, 'fa fa-group ', NULL, 1, NULL, NULL, '2016-12-25 09:53:51', 1481163390092603, '2016-12-25 09:53:51', 1481163390092603);
INSERT INTO `base_system_menu` VALUES (1482630878785661, 1482629836003406, 1482630573564533, 5, '008005', '角色权限', NULL, NULL, NULL, NULL, NULL, 1, NULL, NULL, '2016-12-25 09:54:38', 1481163390092603, '2016-12-25 09:54:38', 1481163390092603);
INSERT INTO `base_system_menu` VALUES (1482630948555472, 1482629836003406, 1482630573564533, 6, '008006', '网站管理', NULL, NULL, NULL, 'icon icon-earth ', NULL, 1, NULL, NULL, '2016-12-25 09:55:48', 1481163390092603, '2016-12-25 09:55:48', 1481163390092603);
INSERT INTO `base_system_menu` VALUES (1482630990796387, 1482629836003406, 1482630453609090, 1, '007001', '用户列表', NULL, NULL, NULL, NULL, NULL, 1, NULL, NULL, '2016-12-25 09:56:30', 1481163390092603, '2016-12-25 09:56:30', 1481163390092603);
INSERT INTO `base_system_menu` VALUES (1482631005602126, 1482629836003406, 1482630453609090, 2, '007002', '消息通知', NULL, NULL, NULL, NULL, NULL, 1, NULL, NULL, '2016-12-25 09:56:45', 1481163390092603, '2016-12-25 09:56:45', 1481163390092603);
INSERT INTO `base_system_menu` VALUES (1482631022114723, 1482629836003406, 1482630453609090, 3, '007003', '评论管理', NULL, NULL, NULL, NULL, NULL, 1, NULL, NULL, '2016-12-25 09:57:02', 1481163390092603, '2016-12-25 09:57:02', 1481163390092603);
INSERT INTO `base_system_menu` VALUES (1482631039864509, 1482629836003406, 1482630453609090, 4, '007004', '充值记录', NULL, NULL, NULL, NULL, NULL, 1, NULL, NULL, '2016-12-25 09:57:19', 1481163390092603, '2016-12-25 09:57:19', 1481163390092603);
INSERT INTO `base_system_menu` VALUES (1482631059981191, 1482629836003406, 1482630453609090, 5, '007005', '访问日志', NULL, NULL, NULL, NULL, NULL, 1, NULL, NULL, '2016-12-25 09:57:39', 1481163390092603, '2016-12-25 09:57:39', 1481163390092603);
INSERT INTO `base_system_menu` VALUES (1482631075079921, 1482629836003406, 1482630453609090, 6, '007006', '流量统计', NULL, NULL, NULL, NULL, NULL, 1, NULL, NULL, '2016-12-25 09:57:55', 1481163390092603, '2016-12-25 09:57:55', 1481163390092603);
INSERT INTO `base_system_menu` VALUES (1482631097903399, 1482629836003406, 1482630408370446, 1, '006001', '内容分类', NULL, NULL, NULL, NULL, NULL, 1, NULL, NULL, '2016-12-25 09:58:17', 1481163390092603, '2016-12-25 09:58:17', 1481163390092603);
INSERT INTO `base_system_menu` VALUES (1482631110780654, 1482629836003406, 1482630408370446, 2, '006002', '专题设置', NULL, NULL, NULL, NULL, NULL, 1, NULL, NULL, '2016-12-25 09:58:30', 1481163390092603, '2016-12-25 09:58:30', 1481163390092603);
INSERT INTO `base_system_menu` VALUES (1482631125180225, 1482629836003406, 1482630408370446, 3, '006003', '标签设置', NULL, NULL, NULL, NULL, NULL, 1, NULL, NULL, '2016-12-25 09:58:45', 1481163390092603, '2016-12-25 09:58:45', 1481163390092603);
INSERT INTO `base_system_menu` VALUES (1482631149706742, 1482629836003406, 1482630408370446, 4, '006004', '网站栏目设置', NULL, NULL, NULL, NULL, NULL, 1, NULL, NULL, '2016-12-25 09:59:09', 1481163390092603, '2016-12-25 09:59:09', 1481163390092603);
INSERT INTO `base_system_menu` VALUES (1482631197200828, 1482629836003406, 1482630375127272, 1, '005001', '图片管理', NULL, NULL, NULL, 'icon icon-stack-picture ', NULL, 1, NULL, NULL, '2016-12-25 09:59:57', 1481163390092603, '2016-12-25 09:59:57', 1481163390092603);
INSERT INTO `base_system_menu` VALUES (1482631271832225, 1482629836003406, 1482630375127272, 2, '005002', '音频视频', NULL, NULL, NULL, 'icon icon-film4 ', NULL, 1, NULL, NULL, '2016-12-25 10:01:11', 1481163390092603, '2016-12-25 10:01:11', 1481163390092603);
INSERT INTO `base_system_menu` VALUES (1482631387723738, 1482629836003406, 1482630375127272, 3, '005003', '其他附件', NULL, NULL, NULL, 'icon icon-file-text3 ', NULL, 1, NULL, NULL, '2016-12-25 10:03:07', 1481163390092603, '2016-12-25 10:03:07', 1481163390092603);
INSERT INTO `base_system_menu` VALUES (1482631432116754, 1482629836003406, 1482630375127272, 4, '005004', '附件上传', NULL, NULL, NULL, 'icon icon-file-upload2 ', NULL, 1, NULL, NULL, '2016-12-25 10:03:52', 1481163390092603, '2016-12-25 10:03:52', 1481163390092603);
INSERT INTO `base_system_menu` VALUES (1482631454798538, 1482629836003406, 1482630280054439, 1, '004001', '消息发送', NULL, NULL, NULL, NULL, NULL, 1, NULL, NULL, '2016-12-25 10:04:14', 1481163390092603, '2016-12-25 10:04:14', 1481163390092603);
INSERT INTO `base_system_menu` VALUES (1482631467789048, 1482629836003406, 1482630280054439, 2, '004002', '微信资源', NULL, NULL, NULL, NULL, NULL, 1, NULL, NULL, '2016-12-25 10:04:27', 1481163390092603, '2016-12-25 10:04:27', 1481163390092603);
INSERT INTO `base_system_menu` VALUES (1482631481721993, 1482629836003406, 1482630280054439, 3, '004003', '用户列表', NULL, NULL, NULL, NULL, NULL, 1, NULL, NULL, '2016-12-25 10:04:41', 1481163390092603, '2016-12-25 10:04:41', 1481163390092603);
INSERT INTO `base_system_menu` VALUES (1482631499659402, 1482629836003406, 1482630280054439, 4, '004004', '自动回复设置', NULL, NULL, NULL, NULL, NULL, 1, NULL, NULL, '2016-12-25 10:04:59', 1481163390092603, '2016-12-25 10:04:59', 1481163390092603);
INSERT INTO `base_system_menu` VALUES (1482631513116057, 1482629836003406, 1482630280054439, 5, '004005', '微信菜单设置', NULL, NULL, NULL, NULL, NULL, 1, NULL, NULL, '2016-12-25 10:05:13', 1481163390092603, '2016-12-25 10:05:13', 1481163390092603);
INSERT INTO `base_system_menu` VALUES (1482631532849773, 1482629836003406, 1482630280054439, 6, '004006', '微信参数设置', NULL, NULL, NULL, NULL, NULL, 1, NULL, NULL, '2016-12-25 10:05:32', 1481163390092603, '2016-12-25 10:05:32', 1481163390092603);
INSERT INTO `base_system_menu` VALUES (1482631693716672, 1482629836003406, 1482630238553746, 1, '003001', '旅游线路', NULL, NULL, NULL, NULL, NULL, 1, NULL, NULL, '2016-12-25 10:08:13', 1481163390092603, '2016-12-25 10:08:13', 1481163390092603);
INSERT INTO `base_system_menu` VALUES (1482631719786592, 1482629836003406, 1482630238553746, 2, '003002', '景点门票', NULL, NULL, NULL, NULL, NULL, 1, NULL, NULL, '2016-12-25 10:08:39', 1481163390092603, '2016-12-25 10:08:39', 1481163390092603);
INSERT INTO `base_system_menu` VALUES (1482631746527675, 1482629836003406, 1482630238553746, 3, '003003', '酒店民宿', NULL, NULL, NULL, NULL, NULL, 1, NULL, NULL, '2016-12-25 10:09:06', 1481163390092603, '2016-12-25 10:09:06', 1481163390092603);
INSERT INTO `base_system_menu` VALUES (1482631762539194, 1482629836003406, 1482630238553746, 4, '003004', '包车租车', NULL, NULL, NULL, NULL, NULL, 1, NULL, NULL, '2016-12-25 10:09:22', 1481163390092603, '2016-12-25 10:09:22', 1481163390092603);
INSERT INTO `base_system_menu` VALUES (1482631774327347, 1482629836003406, 1482630238553746, 5, '003005', '陪游导游', NULL, NULL, NULL, NULL, NULL, 1, NULL, NULL, '2016-12-25 10:09:34', 1481163390092603, '2016-12-25 10:10:51', 1481163390092603);
INSERT INTO `base_system_menu` VALUES (1482631809279554, 1482629836003406, 1482630238553746, 6, '003006', '订单管理', NULL, NULL, NULL, NULL, NULL, 1, NULL, NULL, '2016-12-25 10:10:09', 1481163390092603, '2016-12-25 10:10:09', 1481163390092603);
INSERT INTO `base_system_menu` VALUES (1482631895929091, 1482629836003406, 1482630072185476, 1, '002001', '新闻文章', NULL, NULL, NULL, NULL, NULL, 1, NULL, NULL, '2016-12-25 10:11:35', 1481163390092603, '2016-12-25 10:11:35', 1481163390092603);
INSERT INTO `base_system_menu` VALUES (1482631917336900, 1482629836003406, 1482630072185476, 2, '002002', '图文列表', NULL, NULL, NULL, NULL, NULL, 1, NULL, NULL, '2016-12-25 10:11:57', 1481163390092603, '2016-12-25 10:11:57', 1481163390092603);
INSERT INTO `base_system_menu` VALUES (1482631938620637, 1482629836003406, 1482630072185476, 3, '002003', '视频资源', NULL, NULL, NULL, NULL, NULL, 1, NULL, NULL, '2016-12-25 10:12:18', 1481163390092603, '2016-12-25 10:12:18', 1481163390092603);
INSERT INTO `base_system_menu` VALUES (1482631964513121, 1482629836003406, 1482630072185476, 4, '002004', '所有内容', NULL, NULL, NULL, NULL, NULL, 1, NULL, NULL, '2016-12-25 10:12:44', 1481163390092603, '2016-12-25 10:12:44', 1481163390092603);
INSERT INTO `base_system_menu` VALUES (1482636603448540, 1, 0, 5, '002', '一级菜单演示', NULL, NULL, NULL, 'icon icon-city ', NULL, 1, NULL, NULL, '2016-12-25 11:30:03', 1481163390092603, '2017-01-21 01:32:25', 1483798229772386);
INSERT INTO `base_system_menu` VALUES (1482637008202383, 1, 1482468941453029, 5, '003005', '子系统管理', '/admin/baseSystem/', NULL, NULL, 'icon icon-color-sampler ', NULL, 1, NULL, NULL, '2016-12-25 11:36:48', 1481163390092603, '2017-01-21 01:28:48', 1483798229772386);
INSERT INTO `base_system_menu` VALUES (1482637116384527, 1, 1482636603448540, 1, '002001', '二级菜单演示', NULL, NULL, NULL, 'icon icon-menu2 ', NULL, 1, NULL, NULL, '2016-12-25 11:38:36', 1481163390092603, '2017-01-21 01:31:57', 1483798229772386);
INSERT INTO `base_system_menu` VALUES (1482637157762612, 1, 1482637116384527, 1, '002001001', '3级菜单演示', NULL, NULL, NULL, 'icon icon-address-book3 ', NULL, 1, NULL, NULL, '2016-12-25 11:39:17', 1481163390092603, '2017-01-11 16:48:33', 1483798229772386);
INSERT INTO `base_system_menu` VALUES (1482637276555383, 1, 1482637157762612, 1, '002001001001', '4级菜单演示', NULL, NULL, NULL, 'icon icon-design ', NULL, 1, '建议最多四级菜单,菜单级数大于4级可能会影响系统菜单显示效果', NULL, '2016-12-25 11:41:16', 1481163390092603, '2017-01-21 01:22:49', 1483798229772386);
INSERT INTO `base_system_menu` VALUES (1482639945265710, 1, 1482468941453029, 4, '003004', '功能菜单管理', 'javascript:layer.open({type:2,content:basePath+\'/admin/baseSystemMenu/menuManage\',area:[\'97%\',\'95%\']});', NULL, NULL, 'icon icon-tree7 ', NULL, 1, NULL, NULL, '2016-12-25 12:25:45', 1481163390092603, '2017-01-21 01:28:48', 1483798229772386);
INSERT INTO `base_system_menu` VALUES (1482640318563308, 1, 1482468941453029, 1, '003001', '用户管理', '/admin/baseUser/', NULL, NULL, 'icon icon-users ', NULL, 1, NULL, NULL, '2016-12-25 12:31:58', 1481163390092603, '2017-01-21 01:28:47', 1483798229772386);
INSERT INTO `base_system_menu` VALUES (1482640379709261, 1, 1482468941453029, 3, '003003', '组织架构设置', '/admin/baseDepartment/', NULL, NULL, 'icon icon-tree6 ', NULL, 1, NULL, NULL, '2016-12-25 12:32:59', 1481163390092603, '2017-01-21 01:28:47', 1483798229772386);
INSERT INTO `base_system_menu` VALUES (1482640410448990, 1, 1482468941453029, 2, '003002', '角色管理', '/admin/baseRole/', NULL, NULL, 'icon icon-user-check ', NULL, 1, NULL, NULL, '2016-12-25 12:33:30', 1481163390092603, '2017-01-21 01:28:47', 1483798229772386);
INSERT INTO `base_system_menu` VALUES (1484574113555585, 1, 1484792547220254, 1, '004001', '自定义表单', '/admin/oaCustomForm/', NULL, NULL, 'icon icon-profile ', NULL, 1, NULL, NULL, '2017-01-16 21:41:54', 1481163343534554, '2017-01-21 01:31:44', 1483798229772386);
INSERT INTO `base_system_menu` VALUES (1484792547220254, 1, 0, 4, '004', '快速开发平台', NULL, NULL, NULL, 'icon icon-design ', NULL, 1, NULL, NULL, '2017-01-19 10:22:27', 1481163343534554, '2017-01-21 01:32:22', 1483798229772386);
INSERT INTO `base_system_menu` VALUES (1484796490322821, 1, 1484792547220254, 3, '004003', '代码自动生成', NULL, NULL, NULL, 'icon icon-circle-code ', NULL, 1, NULL, NULL, '2017-01-19 11:28:10', 1481163343534554, '2017-01-21 01:31:44', 1483798229772386);
INSERT INTO `base_system_menu` VALUES (1484893994638985, 1, 1484792547220254, 2, '004002', '表单实体化', NULL, NULL, NULL, 'icon icon-database-insert ', NULL, NULL, NULL, NULL, '2017-01-20 14:33:15', 1481163343534554, '2017-01-21 01:31:44', 1483798229772386);
INSERT INTO `base_system_menu` VALUES (1484894205495400, 1, 1484792547220254, 4, '004004', 'API管理', NULL, NULL, NULL, 'icon icon-flip-vertical3 ', NULL, NULL, NULL, NULL, '2017-01-20 14:36:45', 1481163343534554, '2017-01-21 01:31:44', 1483798229772386);
INSERT INTO `base_system_menu` VALUES (1484895060569125, 1, 1484792547220254, 5, '004005', '自动生成效果演示', NULL, NULL, NULL, 'icon icon-file-text ', NULL, 1, NULL, NULL, '2017-01-20 14:51:01', 1481163343534554, '2017-01-21 01:31:44', 1483798229772386);

-- ----------------------------
-- Table structure for base_user
-- ----------------------------
DROP TABLE IF EXISTS `base_user`;
CREATE TABLE `base_user`  (
  `id` bigint(20) NOT NULL COMMENT '用户ID',
  `userName` varchar(255) CHARACTER SET utf8 COLLATE utf8_general_ci NULL DEFAULT NULL COMMENT '用户名',
  `password` varchar(255) CHARACTER SET utf8 COLLATE utf8_general_ci NULL DEFAULT NULL COMMENT '登录密码',
  `email` varchar(255) CHARACTER SET utf8 COLLATE utf8_general_ci NULL DEFAULT NULL COMMENT 'E-mail',
  `mobile` varchar(255) CHARACTER SET utf8 COLLATE utf8_general_ci NULL DEFAULT NULL COMMENT '手机',
  `otherContact` varchar(255) CHARACTER SET utf8 COLLATE utf8_general_ci NULL DEFAULT NULL COMMENT '其他联系方式',
  `nikename` varchar(255) CHARACTER SET utf8 COLLATE utf8_general_ci NULL DEFAULT NULL COMMENT '昵称',
  `photoURL` varchar(255) CHARACTER SET utf8 COLLATE utf8_general_ci NULL DEFAULT NULL COMMENT '照片URL',
  `realName` varchar(255) CHARACTER SET utf8 COLLATE utf8_general_ci NULL DEFAULT NULL COMMENT '真实姓名',
  `roleId` bigint(20) NULL DEFAULT NULL COMMENT '角色ID',
  `departmentId` bigint(20) NULL DEFAULT NULL COMMENT '部门ID',
  `status` int(11) NULL DEFAULT NULL COMMENT '状态\r\n-1:逻辑删除;0:已禁用/待审核;1:正常',
  `remark` text CHARACTER SET utf8 COLLATE utf8_general_ci NULL COMMENT '备注说明',
  `otherJson` text CHARACTER SET utf8 COLLATE utf8_general_ci NULL COMMENT '其他设置JSON字符串',
  `createTime` datetime(0) NULL DEFAULT NULL COMMENT '创建时间',
  `createUserId` bigint(20) NULL DEFAULT NULL COMMENT '创建用户ID',
  `updateTime` datetime(0) NULL DEFAULT NULL COMMENT '更新时间',
  `updateUserId` bigint(20) NULL DEFAULT NULL COMMENT '更新用户Id',
  PRIMARY KEY (`id`) USING BTREE
) ENGINE = InnoDB CHARACTER SET = utf8 COLLATE = utf8_general_ci COMMENT = '用户信息\r\n公用的系统用户基础信息' ROW_FORMAT = Compact;

-- ----------------------------
-- Records of base_user
-- ----------------------------
INSERT INTO `base_user` VALUES (1481163343534554, 'mayier', '05570cd71f87c90d3afef25def5f33ed', 'mayier@163.com', '1112221212', '435435', '马三哥', '/12121/dfd.jpg', '马一二', 1, 1483534390480675, 1, NULL, '{\"style\":\"lightblue\"}', NULL, NULL, '2017-01-08 09:40:43', 1481163343534554);
INSERT INTO `base_user` VALUES (1481163390092603, 'madj', 'a72f7149bac8318344635c6711af9bfb', 'madj@163.com', '1232323232', '876343454', '笨笨马', '/123/123.gif', '马登军', 1483576333993822, 1483534432769016, 1, '备注说明说明', '{\"style\":\"default\"}', NULL, 1, NULL, 1);
INSERT INTO `base_user` VALUES (1483798229772386, '管理员', '05570cd71f87c90d3afef25def5f33ed', 'admin@lvxs.cn', '13555905909', NULL, '超管哥', NULL, '马三军', 1, 1483530295553321, 1, NULL, '{\"style\":\"darkblue\"}', '2017-01-07 22:10:29', 1481163343534554, '2017-01-11 14:50:03', 1481163390092603);
INSERT INTO `base_user` VALUES (1483814559239470, '王五', '05570cd71f87c90d3afef25def5f33ed', 'wangwu@163.com', '13243434343', '45546546', NULL, NULL, '王五五', 1, 1483534373678324, 1, NULL, NULL, '2017-01-08 02:42:39', 1481163343534554, '2017-01-11 13:16:19', 1481163390092603);
INSERT INTO `base_user` VALUES (1493169289903043, 'miaogeng', '5bbdfcfb90b8e66689c606869ea8574a', '332905115@qq.com', '13572452991', 'gboshi@vip.qq.com', 'G博士', NULL, '苗耿', 1, 1483534330700902, 1, NULL, NULL, '2017-04-26 09:14:50', 1483798229772386, '2017-04-26 09:14:50', 1483798229772386);

-- ----------------------------
-- Table structure for base_user_department
-- ----------------------------
DROP TABLE IF EXISTS `base_user_department`;
CREATE TABLE `base_user_department`  (
  `id` bigint(30) NOT NULL COMMENT '用户角色ID',
  `userId` bigint(30) NULL DEFAULT NULL COMMENT '用户ID',
  `departmentId` bigint(30) NULL DEFAULT NULL COMMENT '部门ID',
  PRIMARY KEY (`id`) USING BTREE
) ENGINE = InnoDB CHARACTER SET = utf8 COLLATE = utf8_general_ci COMMENT = '用户部门\r\n用户附加部门关联表，用于一个用户属于多个部门的情况\r\n' ROW_FORMAT = Compact;

-- ----------------------------
-- Table structure for base_user_role
-- ----------------------------
DROP TABLE IF EXISTS `base_user_role`;
CREATE TABLE `base_user_role`  (
  `id` bigint(30) NOT NULL COMMENT '用户角色ID',
  `userId` bigint(30) NULL DEFAULT NULL COMMENT '用户ID',
  `roleId` bigint(30) NULL DEFAULT NULL COMMENT '角色ID',
  PRIMARY KEY (`id`) USING BTREE
) ENGINE = InnoDB CHARACTER SET = utf8 COLLATE = utf8_general_ci COMMENT = '用户角色\r\n用户附加角色关联表\r\n' ROW_FORMAT = Compact;

-- ----------------------------
-- Records of base_user_role
-- ----------------------------
INSERT INTO `base_user_role` VALUES (1483839644065859, 1481163343534554, 1483576333993822);
INSERT INTO `base_user_role` VALUES (1484111779233468, 1483814559239470, 1483576333993822);
INSERT INTO `base_user_role` VALUES (1484117403822643, 1483798229772386, 1483576333993822);
INSERT INTO `base_user_role` VALUES (1484117403880880, 1483798229772386, 1483840657975899);

-- ----------------------------
-- Table structure for cms_classify
-- ----------------------------
DROP TABLE IF EXISTS `cms_classify`;
CREATE TABLE `cms_classify`  (
  `classifyId` bigint(20) NOT NULL COMMENT '栏目ID',
  `classifyName` varchar(255) CHARACTER SET utf8 COLLATE utf8_general_ci NULL DEFAULT NULL COMMENT '栏目名称',
  `webSiteId` bigint(20) NULL DEFAULT NULL COMMENT '网站ID',
  `parentId` bigint(20) NULL DEFAULT NULL COMMENT '父级栏目ID',
  `classifyNumber` varchar(255) CHARACTER SET utf8 COLLATE utf8_general_ci NULL DEFAULT NULL COMMENT '栏目编号',
  `sortNumber` int(11) NULL DEFAULT 100 COMMENT '排序编号\r\n越小越靠前显示，默认值100',
  `keyWords` varchar(255) CHARACTER SET utf8 COLLATE utf8_general_ci NULL DEFAULT NULL COMMENT 'SEO关键词\r\n每个关键词之间使用半角逗号分割。',
  `description` varchar(1000) CHARACTER SET utf8 COLLATE utf8_general_ci NULL DEFAULT NULL COMMENT '栏目内容描述',
  `ico1Url` varchar(255) CHARACTER SET utf8 COLLATE utf8_general_ci NULL DEFAULT NULL COMMENT '栏目图标1URL',
  `ico2Url` varchar(255) CHARACTER SET utf8 COLLATE utf8_general_ci NULL DEFAULT NULL COMMENT '栏目图标2URL',
  `ico3Url` varchar(255) CHARACTER SET utf8 COLLATE utf8_general_ci NULL DEFAULT NULL COMMENT '栏目图标3URL',
  `classifyHtml` text CHARACTER SET utf8 COLLATE utf8_general_ci NULL COMMENT '栏目HTML内容',
  `userLevel` int(11) NULL DEFAULT 0 COMMENT '用户级别要求',
  `browseCount` bigint(255) NULL DEFAULT 0 COMMENT '浏览次数',
  `status` int(11) NULL DEFAULT NULL COMMENT '状态\r\n-1:逻辑删除;0:已禁用/待审核;1:正常',
  `remark` text CHARACTER SET utf8 COLLATE utf8_general_ci NULL COMMENT '备注说明',
  `otherJson` text CHARACTER SET utf8 COLLATE utf8_general_ci NULL COMMENT '其他设置JSON字符串',
  `createTime` datetime(0) NULL DEFAULT NULL COMMENT '创建时间',
  `createUserId` bigint(20) NULL DEFAULT NULL COMMENT '创建用户ID',
  `updateTime` datetime(0) NULL DEFAULT NULL COMMENT '更新时间',
  `updateUserId` bigint(20) NULL DEFAULT NULL COMMENT '更新用户ID',
  PRIMARY KEY (`classifyId`) USING BTREE
) ENGINE = InnoDB CHARACTER SET = utf8 COLLATE = utf8_general_ci COMMENT = '网站栏目基础信息\r\nCMS的网站栏目基础信息表' ROW_FORMAT = Dynamic;

-- ----------------------------
-- Table structure for cms_website
-- ----------------------------
DROP TABLE IF EXISTS `cms_website`;
CREATE TABLE `cms_website`  (
  `siteId` bigint(30) NOT NULL,
  `siteName` varchar(100) CHARACTER SET utf8 COLLATE utf8_general_ci NOT NULL COMMENT '网站名称',
  `shortName` varchar(100) CHARACTER SET utf8 COLLATE utf8_general_ci NULL DEFAULT NULL COMMENT '简短名称',
  `domain` varchar(50) CHARACTER SET utf8 COLLATE utf8_general_ci NOT NULL COMMENT '域名',
  `sitePath` varchar(20) CHARACTER SET utf8 COLLATE utf8_general_ci NOT NULL COMMENT '路径',
  `domainAlias` varchar(255) CHARACTER SET utf8 COLLATE utf8_general_ci NULL DEFAULT NULL COMMENT '域名别名',
  `domainRedirect` varchar(255) CHARACTER SET utf8 COLLATE utf8_general_ci NULL DEFAULT NULL COMMENT '域名重定向',
  `description` varchar(255) CHARACTER SET utf8 COLLATE utf8_general_ci NULL DEFAULT NULL COMMENT '站点描述',
  `keywords` varchar(255) CHARACTER SET utf8 COLLATE utf8_general_ci NULL DEFAULT NULL COMMENT '站点关键字',
  `finalStep` tinyint(4) NULL DEFAULT 2 COMMENT '终审级别',
  `afterCheck` tinyint(4) NULL DEFAULT 2 COMMENT '审核后\r\n1:不能修改删除;2:修改后退回;3:修改后不变',
  `tplIndex` varchar(255) CHARACTER SET utf8 COLLATE utf8_general_ci NULL DEFAULT NULL COMMENT '首页模板',
  `defImg` varchar(255) CHARACTER SET utf8 COLLATE utf8_general_ci NULL DEFAULT '/r/default/images/no_picture.gif' COMMENT '图片不存在时默认图片',
  `loginUrl` varchar(255) CHARACTER SET utf8 COLLATE utf8_general_ci NULL DEFAULT '/login' COMMENT '用户登录地址',
  `adminUrl` varchar(255) CHARACTER SET utf8 COLLATE utf8_general_ci NULL DEFAULT NULL COMMENT '后台管理地址',
  `markOn` tinyint(1) NULL DEFAULT 1 COMMENT '开启图片水印',
  `markWidth` int(11) NULL DEFAULT 120 COMMENT '图片最小宽度',
  `markHeight` int(11) NULL DEFAULT 120 COMMENT '图片最小高度',
  `markImage` varchar(100) CHARACTER SET utf8 COLLATE utf8_general_ci NULL DEFAULT '/r/default/images/watermark.png' COMMENT '图片水印',
  `markContent` varchar(100) CHARACTER SET utf8 COLLATE utf8_general_ci NULL DEFAULT 'www.lvxs.cn' COMMENT '文字水印内容',
  `markSize` int(11) NULL DEFAULT 20 COMMENT '文字水印大小',
  `markColor` varchar(10) CHARACTER SET utf8 COLLATE utf8_general_ci NULL DEFAULT '#FF0000' COMMENT '文字水印颜色',
  `markAlpha` int(11) NULL DEFAULT 50 COMMENT '水印透明度（0-100）',
  `markPosition` int(11) NULL DEFAULT 1 COMMENT '水印位置(0-5)',
  `markOffsetX` int(11) NULL DEFAULT 0 COMMENT 'x坐标偏移量',
  `markOffsetY` int(11) NULL DEFAULT 0 COMMENT 'y坐标偏移量',
  `downloadCode` varchar(32) CHARACTER SET utf8 COLLATE utf8_general_ci NULL DEFAULT 'LvxsCMS' COMMENT '下载防盗链md5混淆码',
  `downloadTime` int(11) NULL DEFAULT 12 COMMENT '下载有效时间（小时）',
  `emailHost` varchar(50) CHARACTER SET utf8 COLLATE utf8_general_ci NULL DEFAULT NULL COMMENT '邮件发送服务器',
  `emailEncoding` varchar(20) CHARACTER SET utf8 COLLATE utf8_general_ci NULL DEFAULT NULL COMMENT '邮件发送编码',
  `emailUsername` varchar(100) CHARACTER SET utf8 COLLATE utf8_general_ci NULL DEFAULT NULL COMMENT '邮箱用户名',
  `emailPassword` varchar(100) CHARACTER SET utf8 COLLATE utf8_general_ci NULL DEFAULT NULL COMMENT '邮箱密码',
  `emailPersonal` varchar(100) CHARACTER SET utf8 COLLATE utf8_general_ci NULL DEFAULT NULL COMMENT '邮箱发件人',
  `emailValidate` tinyint(1) NULL DEFAULT 0 COMMENT '开启邮箱验证',
  `viewOnlyChecked` tinyint(1) NULL DEFAULT 0 COMMENT '只有终审才能浏览内容页',
  `contactPerson` varchar(255) CHARACTER SET utf8 COLLATE utf8_general_ci NULL DEFAULT NULL COMMENT '联系人',
  `contactMobile` varchar(25) CHARACTER SET utf8 COLLATE utf8_general_ci NULL DEFAULT NULL COMMENT '联系手机',
  `contactQQ` varchar(255) CHARACTER SET utf8 COLLATE utf8_general_ci NULL DEFAULT NULL COMMENT '联系QQ',
  `contactEmail` varchar(255) CHARACTER SET utf8 COLLATE utf8_general_ci NULL DEFAULT NULL COMMENT '联系E-mail',
  `serviceEndDate` date NULL DEFAULT NULL COMMENT '服务到期时间',
  `createTime` datetime(0) NULL DEFAULT NULL COMMENT '创建时间',
  `status` int(11) NULL DEFAULT NULL COMMENT '状态\r\n-1逻辑删除、0审批中/暂停、1正常',
  PRIMARY KEY (`siteId`) USING BTREE,
  UNIQUE INDEX `ak_domain_path`(`domain`) USING BTREE
) ENGINE = InnoDB CHARACTER SET = utf8 COLLATE = utf8_general_ci COMMENT = '站点基础信息' ROW_FORMAT = Compact;

-- ----------------------------
-- Records of cms_website
-- ----------------------------
INSERT INTO `cms_website` VALUES (1468165655813815, '墨道精细化智能管理平台', '墨道办公平台', 'www.lvxs.cn', 'default', 'lvxs.cn;localhost;127.0.0.1;', 'cnitti.cn;www.cnitti.cn;web.lvxs.cn;sites.lvxs.cn;', '第一个网站，默认站点，旅行师', '第一,默认,旅行师', 2, 2, NULL, '/r/default/images/no_picture.gif', '/login', NULL, 1, 120, 120, '/r/default/images/watermark.png', 'www.lvxs.cn', 20, '#FF0000', 50, 1, 0, 0, 'LvxsCMS', 12, NULL, NULL, NULL, NULL, NULL, 0, 0, '马登军', 'hgfjhg ', '83876769', 'madada@163.com', '9999-12-31', '2016-07-11 01:31:14', 1);
INSERT INTO `cms_website` VALUES (1468512374662248, '丽江秘境旅游', '丽江秘境', 'ljmj.lvxs.cn', 'ljmj', 'www.ljmijing.com;ljmijing.com', 'www.lijiangmijing.com;lijiangmijing.com', '丽江秘境旅游网，丽江地接，丽江散客、丽江团队接待', '丽江,地接,散客,香格里拉', 2, 2, NULL, '/r/default/images/no_picture.gif', '/login', NULL, 1, 120, 120, '/r/default/images/watermark.png', 'www.lvxs.cn', 20, '#FF0000', 50, 1, 0, 0, 'LvxsCMS', 12, NULL, NULL, NULL, NULL, NULL, 0, 0, '李霞', '18989898888', '98098987', '98098987@qq.com', '9999-12-31', NULL, 1);
INSERT INTO `cms_website` VALUES (1468561455840079, '批量网站全称1', '站点简称1', '127.0.1.1', 'site1', NULL, NULL, NULL, NULL, 1, 1, NULL, '/r/default/images/no_picture.gif', '/login', NULL, 1, 120, 120, '/r/default/images/watermark.png', 'www.lvxs.cn', 20, '#FF0000', 50, 1, 0, 0, 'LvxsCMS', 12, NULL, NULL, NULL, NULL, NULL, 0, 0, '李涛', NULL, NULL, NULL, '9999-12-31', NULL, 1);
INSERT INTO `cms_website` VALUES (1468561456267250, '批量网站全称2', '站点简称2', '127.0.1.2', 'site2', NULL, NULL, NULL, NULL, 1, 1, NULL, '/r/default/images/no_picture.gif', '/login', NULL, 1, 120, 120, '/r/default/images/watermark.png', 'www.lvxs.cn', 20, '#FF0000', 50, 1, 0, 0, 'LvxsCMS', 12, NULL, NULL, NULL, NULL, NULL, 0, 0, '李涛', NULL, NULL, NULL, '9999-12-31', NULL, 1);
INSERT INTO `cms_website` VALUES (1468561456411399, '批量网站全称3', '站点简称3', '127.0.1.3', 'site3', NULL, NULL, NULL, NULL, 1, 1, NULL, '/r/default/images/no_picture.gif', '/login', NULL, 1, 120, 120, '/r/default/images/watermark.png', 'www.lvxs.cn', 20, '#FF0000', 50, 1, 0, 0, 'LvxsCMS', 12, NULL, NULL, NULL, NULL, NULL, 0, 0, '李涛', NULL, NULL, NULL, '9999-12-31', NULL, 1);
INSERT INTO `cms_website` VALUES (1468561456644911, '批量网站全称5', '站点简称5', '127.0.1.5', 'site5', NULL, NULL, NULL, NULL, 1, 1, NULL, '/r/default/images/no_picture.gif', '/login', NULL, 1, 120, 120, '/r/default/images/watermark.png', 'www.lvxs.cn', 20, '#FF0000', 50, 1, 0, 0, 'LvxsCMS', 12, NULL, NULL, NULL, NULL, NULL, 0, 0, '李涛', NULL, NULL, NULL, '9999-12-31', NULL, 1);
INSERT INTO `cms_website` VALUES (1468561456755280, '批量网站全称6', '站点简称6', '127.0.1.6', 'site6', NULL, NULL, NULL, NULL, 1, 1, NULL, '/r/default/images/no_picture.gif', '/login', NULL, 1, 120, 120, '/r/default/images/watermark.png', 'www.lvxs.cn', 20, '#FF0000', 50, 1, 0, 0, 'LvxsCMS', 12, NULL, NULL, NULL, NULL, NULL, 0, 0, '李涛', NULL, NULL, NULL, '9999-12-31', NULL, 1);
INSERT INTO `cms_website` VALUES (1468561456866371, '批量网站全称7', '站点简称7', '127.0.1.7', 'site7', NULL, NULL, NULL, NULL, 1, 1, NULL, '/r/default/images/no_picture.gif', '/login', NULL, 1, 120, 120, '/r/default/images/watermark.png', 'www.lvxs.cn', 20, '#FF0000', 50, 1, 0, 0, 'LvxsCMS', 12, NULL, NULL, NULL, NULL, NULL, 0, 0, '李涛', NULL, NULL, NULL, '9999-12-31', NULL, 1);
INSERT INTO `cms_website` VALUES (1468561456977461, '批量网站全称8', '站点简称8', '127.0.1.8', 'site8', NULL, NULL, NULL, NULL, 1, 1, NULL, '/r/default/images/no_picture.gif', '/login', NULL, 1, 120, 120, '/r/default/images/watermark.png', 'www.lvxs.cn', 20, '#FF0000', 50, 1, 0, 0, 'LvxsCMS', 12, NULL, NULL, NULL, NULL, NULL, 0, 0, '李涛', NULL, NULL, NULL, '9999-12-31', NULL, 1);
INSERT INTO `cms_website` VALUES (1468561457099856, '批量网站全称9', '站点简称9', '127.0.1.9', 'site9', NULL, NULL, NULL, NULL, 1, 1, NULL, '/r/default/images/no_picture.gif', '/login', NULL, 1, 120, 120, '/r/default/images/watermark.png', 'www.lvxs.cn', 20, '#FF0000', 50, 1, 0, 0, 'LvxsCMS', 12, NULL, NULL, NULL, NULL, NULL, 0, 0, '李涛', NULL, NULL, NULL, '9999-12-31', NULL, 1);
INSERT INTO `cms_website` VALUES (1468561457177846, '批量网站全称10', '站点简称10', '127.0.1.10', 'site10', NULL, NULL, NULL, NULL, 1, 1, NULL, '/r/default/images/no_picture.gif', '/login', NULL, 1, 120, 120, '/r/default/images/watermark.png', 'www.lvxs.cn', 20, '#FF0000', 50, 1, 0, 0, 'LvxsCMS', 12, NULL, NULL, NULL, NULL, NULL, 0, 0, '李涛', NULL, NULL, NULL, '9999-12-31', NULL, 1);
INSERT INTO `cms_website` VALUES (1468561457243284, '批量网站全称11', '站点简称11', '127.0.1.11', 'site11', NULL, NULL, NULL, NULL, 1, 1, NULL, '/r/default/images/no_picture.gif', '/login', NULL, 1, 120, 120, '/r/default/images/watermark.png', 'www.lvxs.cn', 20, '#FF0000', 50, 1, 0, 0, 'LvxsCMS', 12, NULL, NULL, NULL, NULL, NULL, 0, 0, '李涛', NULL, NULL, NULL, '9999-12-31', NULL, 1);
INSERT INTO `cms_website` VALUES (1468561457275624, '批量网站全称12', '站点简称12', '127.0.1.12', 'site12', NULL, NULL, NULL, NULL, 1, 1, NULL, '/r/default/images/no_picture.gif', '/login', NULL, 1, 120, 120, '/r/default/images/watermark.png', 'www.lvxs.cn', 20, '#FF0000', 50, 1, 0, 0, 'LvxsCMS', 12, NULL, NULL, NULL, NULL, NULL, 0, 0, '李涛', NULL, NULL, NULL, '9999-12-31', NULL, 1);
INSERT INTO `cms_website` VALUES (1468561457299539, '批量网站全称13', '站点简称13', '127.0.1.13', 'site13', NULL, NULL, NULL, NULL, 1, 1, NULL, '/r/default/images/no_picture.gif', '/login', NULL, 1, 120, 120, '/r/default/images/watermark.png', 'www.lvxs.cn', 20, '#FF0000', 50, 1, 0, 0, 'LvxsCMS', 12, NULL, NULL, NULL, NULL, NULL, 0, 0, '李涛', NULL, NULL, NULL, '9999-12-31', NULL, 1);
INSERT INTO `cms_website` VALUES (1468561457343347, '批量网站全称15', '站点简称15', '127.0.1.15', 'site15', NULL, NULL, NULL, NULL, 1, 1, NULL, '/r/default/images/no_picture.gif', '/login', NULL, 1, 120, 120, '/r/default/images/watermark.png', 'www.lvxs.cn', 20, '#FF0000', 50, 1, 0, 0, 'LvxsCMS', 12, NULL, NULL, NULL, NULL, NULL, 0, 0, '李涛', NULL, NULL, NULL, '9999-12-31', NULL, 1);
INSERT INTO `cms_website` VALUES (1468561457374248, '批量网站全称16', '站点简称16', '127.0.1.16', 'site16', NULL, NULL, NULL, NULL, 1, 1, NULL, '/r/default/images/no_picture.gif', '/login', NULL, 1, 120, 120, '/r/default/images/watermark.png', 'www.lvxs.cn', 20, '#FF0000', 50, 1, 0, 0, 'LvxsCMS', 12, NULL, NULL, NULL, NULL, NULL, 0, 0, '李涛', NULL, NULL, NULL, '9999-12-31', NULL, 1);
INSERT INTO `cms_website` VALUES (1468561457410630, '批量网站全称17', '站点简称17', '127.0.1.17', 'site17', NULL, NULL, NULL, NULL, 1, 1, NULL, '/r/default/images/no_picture.gif', '/login', NULL, 1, 120, 120, '/r/default/images/watermark.png', 'www.lvxs.cn', 20, '#FF0000', 50, 1, 0, 0, 'LvxsCMS', 12, NULL, NULL, NULL, NULL, NULL, 0, 0, '李涛', NULL, NULL, NULL, '9999-12-31', NULL, 1);
INSERT INTO `cms_website` VALUES (1468561457430503, '批量网站全称18', '站点简称18', '127.0.1.18', 'site18', NULL, NULL, NULL, NULL, 1, 1, NULL, '/r/default/images/no_picture.gif', '/login', NULL, 1, 120, 120, '/r/default/images/watermark.png', 'www.lvxs.cn', 20, '#FF0000', 50, 1, 0, 0, 'LvxsCMS', 12, NULL, NULL, NULL, NULL, NULL, 0, 0, '李涛', NULL, NULL, NULL, '9999-12-31', NULL, 1);
INSERT INTO `cms_website` VALUES (1468561457454758, '批量网站全称19', '站点简称19', '127.0.1.19', 'site19', NULL, NULL, NULL, NULL, 1, 1, NULL, '/r/default/images/no_picture.gif', '/login', NULL, 1, 120, 120, '/r/default/images/watermark.png', 'www.lvxs.cn', 20, '#FF0000', 50, 1, 0, 0, 'LvxsCMS', 12, NULL, NULL, NULL, NULL, NULL, 0, 0, '李涛', NULL, NULL, NULL, '9999-12-31', NULL, 1);
INSERT INTO `cms_website` VALUES (1468561457488577, '批量网站全称20', '站点简称20', '127.0.1.20', 'site20', NULL, NULL, NULL, NULL, 1, 1, NULL, '/r/default/images/no_picture.gif', '/login', NULL, 1, 120, 120, '/r/default/images/watermark.png', 'www.lvxs.cn', 20, '#FF0000', 50, 1, 0, 0, 'LvxsCMS', 12, NULL, NULL, NULL, NULL, NULL, 0, 0, '李涛', NULL, NULL, NULL, '9999-12-31', NULL, 1);
INSERT INTO `cms_website` VALUES (1468561457508294, '批量网站全称21', '站点简称21', '127.0.1.21', 'site21', NULL, NULL, NULL, NULL, 1, 1, NULL, '/r/default/images/no_picture.gif', '/login', NULL, 1, 120, 120, '/r/default/images/watermark.png', 'www.lvxs.cn', 20, '#FF0000', 50, 1, 0, 0, 'LvxsCMS', 12, NULL, NULL, NULL, NULL, NULL, 0, 0, '李涛', NULL, NULL, NULL, '9999-12-31', NULL, 1);
INSERT INTO `cms_website` VALUES (1468561457554986, '批量网站全称22', '站点简称22', '127.0.1.22', 'site22', NULL, NULL, NULL, NULL, 1, 1, NULL, '/r/default/images/no_picture.gif', '/login', NULL, 1, 120, 120, '/r/default/images/watermark.png', 'www.lvxs.cn', 20, '#FF0000', 50, 1, 0, 0, 'LvxsCMS', 12, NULL, NULL, NULL, NULL, NULL, 0, 0, '李涛', NULL, NULL, NULL, '9999-12-31', NULL, 1);
INSERT INTO `cms_website` VALUES (1468561457586326, '批量网站全称23', '站点简称23', '127.0.1.23', 'site23', NULL, NULL, NULL, NULL, 1, 1, NULL, '/r/default/images/no_picture.gif', '/login', NULL, 1, 120, 120, '/r/default/images/watermark.png', 'www.lvxs.cn', 20, '#FF0000', 50, 1, 0, 0, 'LvxsCMS', 12, NULL, NULL, NULL, NULL, NULL, 0, 0, '李涛', NULL, NULL, NULL, '9999-12-31', NULL, 1);
INSERT INTO `cms_website` VALUES (1468561457652763, '批量网站全称25', '站点简称25', '127.0.1.25', 'site25', NULL, NULL, NULL, NULL, 1, 1, NULL, '/r/default/images/no_picture.gif', '/login', NULL, 1, 120, 120, '/r/default/images/watermark.png', 'www.lvxs.cn', 20, '#FF0000', 50, 1, 0, 0, 'LvxsCMS', 12, NULL, NULL, NULL, NULL, NULL, 0, 0, '李涛', NULL, NULL, NULL, '9999-12-31', NULL, 1);
INSERT INTO `cms_website` VALUES (1468561457687386, '批量网站全称26', '站点简称26', '127.0.1.26', 'site26', NULL, NULL, NULL, NULL, 1, 1, NULL, '/r/default/images/no_picture.gif', '/login', NULL, 1, 120, 120, '/r/default/images/watermark.png', 'www.lvxs.cn', 20, '#FF0000', 50, 1, 0, 0, 'LvxsCMS', 12, NULL, NULL, NULL, NULL, NULL, 0, 0, '李涛', NULL, NULL, NULL, '9999-12-31', NULL, 1);
INSERT INTO `cms_website` VALUES (1468561457719726, '批量网站全称27', '站点简称27', '127.0.1.27', 'site27', NULL, NULL, NULL, NULL, 1, 1, NULL, '/r/default/images/no_picture.gif', '/login', NULL, 1, 120, 120, '/r/default/images/watermark.png', 'www.lvxs.cn', 20, '#FF0000', 50, 1, 0, 0, 'LvxsCMS', 12, NULL, NULL, NULL, NULL, NULL, 0, 0, '李涛', NULL, NULL, NULL, '9999-12-31', NULL, 1);
INSERT INTO `cms_website` VALUES (1468561457754009, '批量网站全称28', '站点简称28', '127.0.1.28', 'site28', NULL, NULL, NULL, NULL, 1, 1, NULL, '/r/default/images/no_picture.gif', '/login', NULL, 1, 120, 120, '/r/default/images/watermark.png', 'www.lvxs.cn', 20, '#FF0000', 50, 1, 0, 0, 'LvxsCMS', 12, NULL, NULL, NULL, NULL, NULL, 0, 0, '李涛', NULL, NULL, NULL, '9999-12-31', NULL, 1);
INSERT INTO `cms_website` VALUES (1468561457786349, '批量网站全称29', '站点简称29', '127.0.1.29', 'site29', NULL, NULL, NULL, NULL, 1, 1, NULL, '/r/default/images/no_picture.gif', '/login', NULL, 1, 120, 120, '/r/default/images/watermark.png', 'www.lvxs.cn', 20, '#FF0000', 50, 1, 0, 0, 'LvxsCMS', 12, NULL, NULL, NULL, NULL, NULL, 0, 0, '李涛', NULL, NULL, NULL, '9999-12-31', NULL, 1);
INSERT INTO `cms_website` VALUES (1468561457842604, '批量网站全称30', '站点简称30', '127.0.1.30', 'site30', NULL, NULL, NULL, NULL, 1, 1, NULL, '/r/default/images/no_picture.gif', '/login', NULL, 1, 120, 120, '/r/default/images/watermark.png', 'www.lvxs.cn', 20, '#FF0000', 50, 1, 0, 0, 'LvxsCMS', 12, NULL, NULL, NULL, NULL, NULL, 0, 0, '李涛', NULL, NULL, NULL, '9999-12-31', NULL, 1);
INSERT INTO `cms_website` VALUES (1468561457874945, '批量网站全称31', '站点简称31', '127.0.1.31', 'site31', NULL, NULL, NULL, NULL, 1, 1, NULL, '/r/default/images/no_picture.gif', '/login', NULL, 1, 120, 120, '/r/default/images/watermark.png', 'www.lvxs.cn', 20, '#FF0000', 50, 1, 0, 0, 'LvxsCMS', 12, NULL, NULL, NULL, NULL, NULL, 0, 0, '李涛', NULL, NULL, NULL, '9999-12-31', NULL, 1);
INSERT INTO `cms_website` VALUES (1468561457898478, '批量网站全称32', '站点简称32', '127.0.1.32', 'site32', NULL, NULL, NULL, NULL, 1, 1, NULL, '/r/default/images/no_picture.gif', '/login', NULL, 1, 120, 120, '/r/default/images/watermark.png', 'www.lvxs.cn', 20, '#FF0000', 50, 1, 0, 0, 'LvxsCMS', 12, NULL, NULL, NULL, NULL, NULL, 0, 0, '李涛', NULL, NULL, NULL, '9999-12-31', NULL, 1);
INSERT INTO `cms_website` VALUES (1468561457918031, '批量网站全称33', '站点简称33', '127.0.1.33', 'site33', NULL, NULL, NULL, NULL, 1, 1, NULL, '/r/default/images/no_picture.gif', '/login', NULL, 1, 120, 120, '/r/default/images/watermark.png', 'www.lvxs.cn', 20, '#FF0000', 50, 1, 0, 0, 'LvxsCMS', 12, NULL, NULL, NULL, NULL, NULL, 0, 0, '李涛', NULL, NULL, NULL, '9999-12-31', NULL, 1);
INSERT INTO `cms_website` VALUES (1468561457985993, '批量网站全称35', '站点简称35', '127.0.1.35', 'site35', NULL, NULL, NULL, NULL, 1, 1, NULL, '/r/default/images/no_picture.gif', '/login', NULL, 1, 120, 120, '/r/default/images/watermark.png', 'www.lvxs.cn', 20, '#FF0000', 50, 1, 0, 0, 'LvxsCMS', 12, NULL, NULL, NULL, NULL, NULL, 0, 0, '李涛', NULL, NULL, NULL, '9999-12-31', NULL, 1);
INSERT INTO `cms_website` VALUES (1468561458009413, '批量网站全称36', '站点简称36', '127.0.1.36', 'site36', NULL, NULL, NULL, NULL, 1, 1, NULL, '/r/default/images/no_picture.gif', '/login', NULL, 1, 120, 120, '/r/default/images/watermark.png', 'www.lvxs.cn', 20, '#FF0000', 50, 1, 0, 0, 'LvxsCMS', 12, NULL, NULL, NULL, NULL, NULL, 0, 0, '李涛', NULL, NULL, NULL, '9999-12-31', NULL, 1);
INSERT INTO `cms_website` VALUES (1468561458029285, '批量网站全称37', '站点简称37', '127.0.1.37', 'site37', NULL, NULL, NULL, NULL, 1, 1, NULL, '/r/default/images/no_picture.gif', '/login', NULL, 1, 120, 120, '/r/default/images/watermark.png', 'www.lvxs.cn', 20, '#FF0000', 50, 1, 0, 0, 'LvxsCMS', 12, NULL, NULL, NULL, NULL, NULL, 0, 0, '李涛', NULL, NULL, NULL, '9999-12-31', NULL, 1);
INSERT INTO `cms_website` VALUES (1468561458497436, '批量网站全称50', '站点简称50', '127.0.1.50', 'site50', NULL, NULL, NULL, NULL, 1, 1, NULL, '/r/default/images/no_picture.gif', '/login', NULL, 1, 120, 120, '/r/default/images/watermark.png', 'www.lvxs.cn', 20, '#FF0000', 50, 1, 0, 0, 'LvxsCMS', 12, NULL, NULL, NULL, NULL, NULL, 0, 0, '李涛', NULL, NULL, NULL, '9999-12-31', NULL, 1);
INSERT INTO `cms_website` VALUES (1468561458528138, '批量网站全称51', '站点简称51', '127.0.1.51', 'site51', NULL, NULL, NULL, NULL, 1, 1, NULL, '/r/default/images/no_picture.gif', '/login', NULL, 1, 120, 120, '/r/default/images/watermark.png', 'www.lvxs.cn', 20, '#FF0000', 50, 1, 0, 0, 'LvxsCMS', 12, NULL, NULL, NULL, NULL, NULL, 0, 0, '李涛', NULL, NULL, NULL, '9999-12-31', NULL, 1);
INSERT INTO `cms_website` VALUES (1468561458563760, '批量网站全称52', '站点简称52', '127.0.1.52', 'site52', NULL, NULL, NULL, NULL, 1, 1, NULL, '/r/default/images/no_picture.gif', '/login', NULL, 1, 120, 120, '/r/default/images/watermark.png', 'www.lvxs.cn', 20, '#FF0000', 50, 1, 0, 0, 'LvxsCMS', 12, NULL, NULL, NULL, NULL, NULL, 0, 0, '李涛', NULL, NULL, NULL, '9999-12-31', NULL, 1);
INSERT INTO `cms_website` VALUES (1468561458595100, '批量网站全称53', '站点简称53', '127.0.1.53', 'site53', NULL, NULL, NULL, NULL, 1, 1, NULL, '/r/default/images/no_picture.gif', '/login', NULL, 1, 120, 120, '/r/default/images/watermark.png', 'www.lvxs.cn', 20, '#FF0000', 50, 1, 0, 0, 'LvxsCMS', 12, NULL, NULL, NULL, NULL, NULL, 0, 0, '李涛', NULL, NULL, NULL, '9999-12-31', NULL, 1);
INSERT INTO `cms_website` VALUES (1468561458661623, '批量网站全称55', '站点简称55', '127.0.1.55', 'site55', NULL, NULL, NULL, NULL, 1, 1, NULL, '/r/default/images/no_picture.gif', '/login', NULL, 1, 120, 120, '/r/default/images/watermark.png', 'www.lvxs.cn', 20, '#FF0000', 50, 1, 0, 0, 'LvxsCMS', 12, NULL, NULL, NULL, NULL, NULL, 0, 0, '李涛', NULL, NULL, NULL, '9999-12-31', NULL, 1);
INSERT INTO `cms_website` VALUES (1468561458696203, '批量网站全称56', '站点简称56', '127.0.1.56', 'site56', NULL, NULL, NULL, NULL, 1, 1, NULL, '/r/default/images/no_picture.gif', '/login', NULL, 1, 120, 120, '/r/default/images/watermark.png', 'www.lvxs.cn', 20, '#FF0000', 50, 1, 0, 0, 'LvxsCMS', 12, NULL, NULL, NULL, NULL, NULL, 0, 0, '李涛', NULL, NULL, NULL, '9999-12-31', NULL, 1);
INSERT INTO `cms_website` VALUES (1468561458728543, '批量网站全称57', '站点简称57', '127.0.1.57', 'site57', NULL, NULL, NULL, NULL, 1, 1, NULL, '/r/default/images/no_picture.gif', '/login', NULL, 1, 120, 120, '/r/default/images/watermark.png', 'www.lvxs.cn', 20, '#FF0000', 50, 1, 0, 0, 'LvxsCMS', 12, NULL, NULL, NULL, NULL, NULL, 0, 0, '李涛', NULL, NULL, NULL, '9999-12-31', NULL, 1);
INSERT INTO `cms_website` VALUES (1468561458763825, '批量网站全称58', '站点简称58', '127.0.1.58', 'site58', NULL, NULL, NULL, NULL, 1, 1, NULL, '/r/default/images/no_picture.gif', '/login', NULL, 1, 120, 120, '/r/default/images/watermark.png', 'www.lvxs.cn', 20, '#FF0000', 50, 1, 0, 0, 'LvxsCMS', 12, NULL, NULL, NULL, NULL, NULL, 0, 0, '李涛', NULL, NULL, NULL, '9999-12-31', NULL, 1);
INSERT INTO `cms_website` VALUES (1468561458807571, '批量网站全称59', '站点简称59', '127.0.1.59', 'site59', NULL, NULL, NULL, NULL, 1, 1, NULL, '/r/default/images/no_picture.gif', '/login', NULL, 1, 120, 120, '/r/default/images/watermark.png', 'www.lvxs.cn', 20, '#FF0000', 50, 1, 0, 0, 'LvxsCMS', 12, NULL, NULL, NULL, NULL, NULL, 0, 0, '李涛', NULL, NULL, NULL, '9999-12-31', NULL, 1);
INSERT INTO `cms_website` VALUES (1468561458838193, '批量网站全称60', '站点简称60', '127.0.1.60', 'site60', NULL, NULL, NULL, NULL, 1, 1, NULL, '/r/default/images/no_picture.gif', '/login', NULL, 1, 120, 120, '/r/default/images/watermark.png', 'www.lvxs.cn', 20, '#FF0000', 50, 1, 0, 0, 'LvxsCMS', 12, NULL, NULL, NULL, NULL, NULL, 0, 0, '李涛', NULL, NULL, NULL, '9999-12-31', NULL, 1);
INSERT INTO `cms_website` VALUES (1468561458874916, '批量网站全称61', '站点简称61', '127.0.1.61', 'site61', NULL, NULL, NULL, NULL, 1, 1, NULL, '/r/default/images/no_picture.gif', '/login', NULL, 1, 120, 120, '/r/default/images/watermark.png', 'www.lvxs.cn', 20, '#FF0000', 50, 1, 0, 0, 'LvxsCMS', 12, NULL, NULL, NULL, NULL, NULL, 0, 0, '李涛', NULL, NULL, NULL, '9999-12-31', NULL, 1);
INSERT INTO `cms_website` VALUES (1468561458941157, '批量网站全称62', '站点简称62', '127.0.1.62', 'site62', NULL, NULL, NULL, NULL, 1, 1, NULL, '/r/default/images/no_picture.gif', '/login', NULL, 1, 120, 120, '/r/default/images/watermark.png', 'www.lvxs.cn', 20, '#FF0000', 50, 1, 0, 0, 'LvxsCMS', 12, NULL, NULL, NULL, NULL, NULL, 0, 0, '李涛', NULL, NULL, NULL, '9999-12-31', NULL, 1);
INSERT INTO `cms_website` VALUES (1468561458972694, '批量网站全称63', '站点简称63', '127.0.1.63', 'site63', NULL, NULL, NULL, NULL, 1, 1, NULL, '/r/default/images/no_picture.gif', '/login', NULL, 1, 120, 120, '/r/default/images/watermark.png', 'www.lvxs.cn', 20, '#FF0000', 50, 1, 0, 0, 'LvxsCMS', 12, NULL, NULL, NULL, NULL, NULL, 0, 0, '李涛', NULL, NULL, NULL, '9999-12-31', NULL, 1);
INSERT INTO `cms_website` VALUES (1468561459029752, '批量网站全称65', '站点简称65', '127.0.1.65', 'site65', NULL, NULL, NULL, NULL, 1, 1, NULL, '/r/default/images/no_picture.gif', '/login', NULL, 1, 120, 120, '/r/default/images/watermark.png', 'www.lvxs.cn', 20, '#FF0000', 50, 1, 0, 0, 'LvxsCMS', 12, NULL, NULL, NULL, NULL, NULL, 0, 0, '李涛', NULL, NULL, NULL, '9999-12-31', NULL, 1);
INSERT INTO `cms_website` VALUES (1468561459060909, '批量网站全称66', '站点简称66', '127.0.1.66', 'site66', NULL, NULL, NULL, NULL, 1, 1, NULL, '/r/default/images/no_picture.gif', '/login', NULL, 1, 120, 120, '/r/default/images/watermark.png', 'www.lvxs.cn', 20, '#FF0000', 50, 1, 0, 0, 'LvxsCMS', 12, NULL, NULL, NULL, NULL, NULL, 0, 0, '李涛', NULL, NULL, NULL, '9999-12-31', NULL, 1);
INSERT INTO `cms_website` VALUES (1468561459085967, '批量网站全称67', '站点简称67', '127.0.1.67', 'site67', NULL, NULL, NULL, NULL, 1, 1, NULL, '/r/default/images/no_picture.gif', '/login', NULL, 1, 120, 120, '/r/default/images/watermark.png', 'www.lvxs.cn', 20, '#FF0000', 50, 1, 0, 0, 'LvxsCMS', 12, NULL, NULL, NULL, NULL, NULL, 0, 0, '李涛', NULL, NULL, NULL, '9999-12-31', NULL, 1);
INSERT INTO `cms_website` VALUES (1468561459138621, '批量网站全称68', '站点简称68', '127.0.1.68', 'site68', NULL, NULL, NULL, NULL, 1, 1, NULL, '/r/default/images/no_picture.gif', '/login', NULL, 1, 120, 120, '/r/default/images/watermark.png', 'www.lvxs.cn', 20, '#FF0000', 50, 1, 0, 0, 'LvxsCMS', 12, NULL, NULL, NULL, NULL, NULL, 0, 0, '李涛', NULL, NULL, NULL, '9999-12-31', NULL, 1);
INSERT INTO `cms_website` VALUES (1468561459174440, '批量网站全称69', '站点简称69', '127.0.1.69', 'site69', NULL, NULL, NULL, NULL, 1, 1, NULL, '/r/default/images/no_picture.gif', '/login', NULL, 1, 120, 120, '/r/default/images/watermark.png', 'www.lvxs.cn', 20, '#FF0000', 50, 1, 0, 0, 'LvxsCMS', 12, NULL, NULL, NULL, NULL, NULL, 0, 0, '李涛', NULL, NULL, NULL, '9999-12-31', NULL, 1);
INSERT INTO `cms_website` VALUES (1468561459204058, '批量网站全称70', '站点简称70', '127.0.1.70', 'site70', NULL, NULL, NULL, NULL, 1, 1, NULL, '/r/default/images/no_picture.gif', '/login', NULL, 1, 120, 120, '/r/default/images/watermark.png', 'www.lvxs.cn', 20, '#FF0000', 50, 1, 0, 0, 'LvxsCMS', 12, NULL, NULL, NULL, NULL, NULL, 0, 0, '李涛', NULL, NULL, NULL, '9999-12-31', NULL, 1);
INSERT INTO `cms_website` VALUES (1468561459240441, '批量网站全称71', '站点简称71', '127.0.1.71', 'site71', NULL, NULL, NULL, NULL, 1, 1, NULL, '/r/default/images/no_picture.gif', '/login', NULL, 1, 120, 120, '/r/default/images/watermark.png', 'www.lvxs.cn', 20, '#FF0000', 50, 1, 0, 0, 'LvxsCMS', 12, NULL, NULL, NULL, NULL, NULL, 0, 0, '李涛', NULL, NULL, NULL, '9999-12-31', NULL, 1);
INSERT INTO `cms_website` VALUES (1468561459271021, '批量网站全称72', '站点简称72', '127.0.1.72', 'site72', NULL, NULL, NULL, NULL, 1, 1, NULL, '/r/default/images/no_picture.gif', '/login', NULL, 1, 120, 120, '/r/default/images/watermark.png', 'www.lvxs.cn', 20, '#FF0000', 50, 1, 0, 0, 'LvxsCMS', 12, NULL, NULL, NULL, NULL, NULL, 0, 0, '李涛', NULL, NULL, NULL, '9999-12-31', NULL, 1);
INSERT INTO `cms_website` VALUES (1468561459306782, '批量网站全称73', '站点简称73', '127.0.1.73', 'site73', NULL, NULL, NULL, NULL, 1, 1, NULL, '/r/default/images/no_picture.gif', '/login', NULL, 1, 120, 120, '/r/default/images/watermark.png', 'www.lvxs.cn', 20, '#FF0000', 50, 1, 0, 0, 'LvxsCMS', 12, NULL, NULL, NULL, NULL, NULL, 0, 0, '李涛', NULL, NULL, NULL, '9999-12-31', NULL, 1);
INSERT INTO `cms_website` VALUES (1468561459384068, '批量网站全称75', '站点简称75', '127.0.1.75', 'site75', NULL, NULL, NULL, NULL, 1, 1, NULL, '/r/default/images/no_picture.gif', '/login', NULL, 1, 120, 120, '/r/default/images/watermark.png', 'www.lvxs.cn', 20, '#FF0000', 50, 1, 0, 0, 'LvxsCMS', 12, NULL, NULL, NULL, NULL, NULL, 0, 0, '李涛', NULL, NULL, NULL, '9999-12-31', NULL, 1);
INSERT INTO `cms_website` VALUES (1468561459415648, '批量网站全称76', '站点简称76', '127.0.1.76', 'site76', NULL, NULL, NULL, NULL, 1, 1, NULL, '/r/default/images/no_picture.gif', '/login', NULL, 1, 120, 120, '/r/default/images/watermark.png', 'www.lvxs.cn', 20, '#FF0000', 50, 1, 0, 0, 'LvxsCMS', 12, NULL, NULL, NULL, NULL, NULL, 0, 0, '李涛', NULL, NULL, NULL, '9999-12-31', NULL, 1);
INSERT INTO `cms_website` VALUES (1468561459451649, '批量网站全称77', '站点简称77', '127.0.1.77', 'site77', NULL, NULL, NULL, NULL, 1, 1, NULL, '/r/default/images/no_picture.gif', '/login', NULL, 1, 120, 120, '/r/default/images/watermark.png', 'www.lvxs.cn', 20, '#FF0000', 50, 1, 0, 0, 'LvxsCMS', 12, NULL, NULL, NULL, NULL, NULL, 0, 0, '李涛', NULL, NULL, NULL, '9999-12-31', NULL, 1);
INSERT INTO `cms_website` VALUES (1468561459481511, '批量网站全称78', '站点简称78', '127.0.1.78', 'site78', NULL, NULL, NULL, NULL, 1, 1, NULL, '/r/default/images/no_picture.gif', '/login', NULL, 1, 120, 120, '/r/default/images/watermark.png', 'www.lvxs.cn', 20, '#FF0000', 50, 1, 0, 0, 'LvxsCMS', 12, NULL, NULL, NULL, NULL, NULL, 0, 0, '李涛', NULL, NULL, NULL, '9999-12-31', NULL, 1);
INSERT INTO `cms_website` VALUES (1468561459517893, '批量网站全称79', '站点简称79', '127.0.1.79', 'site79', NULL, NULL, NULL, NULL, 1, 1, NULL, '/r/default/images/no_picture.gif', '/login', NULL, 1, 120, 120, '/r/default/images/watermark.png', 'www.lvxs.cn', 20, '#FF0000', 50, 1, 0, 0, 'LvxsCMS', 12, NULL, NULL, NULL, NULL, NULL, 0, 0, '李涛', NULL, NULL, NULL, '9999-12-31', NULL, 1);
INSERT INTO `cms_website` VALUES (1468561459548437, '批量网站全称80', '站点简称80', '127.0.1.80', 'site80', NULL, NULL, NULL, NULL, 1, 1, NULL, '/r/default/images/no_picture.gif', '/login', NULL, 1, 120, 120, '/r/default/images/watermark.png', 'www.lvxs.cn', 20, '#FF0000', 50, 1, 0, 0, 'LvxsCMS', 12, NULL, NULL, NULL, NULL, NULL, 0, 0, '李涛', NULL, NULL, NULL, '9999-12-31', NULL, 1);
INSERT INTO `cms_website` VALUES (1468561459584820, '批量网站全称81', '站点简称81', '127.0.1.81', 'site81', NULL, NULL, NULL, NULL, 1, 1, NULL, '/r/default/images/no_picture.gif', '/login', NULL, 1, 120, 120, '/r/default/images/watermark.png', 'www.lvxs.cn', 20, '#FF0000', 50, 1, 0, 0, 'LvxsCMS', 12, NULL, NULL, NULL, NULL, NULL, 0, 0, '李涛', NULL, NULL, NULL, '9999-12-31', NULL, 1);
INSERT INTO `cms_website` VALUES (1468561459615399, '批量网站全称82', '站点简称82', '127.0.1.82', 'site82', NULL, NULL, NULL, NULL, 1, 1, NULL, '/r/default/images/no_picture.gif', '/login', NULL, 1, 120, 120, '/r/default/images/watermark.png', 'www.lvxs.cn', 20, '#FF0000', 50, 1, 0, 0, 'LvxsCMS', 12, NULL, NULL, NULL, NULL, NULL, 0, 0, '李涛', NULL, NULL, NULL, '9999-12-31', NULL, 1);
INSERT INTO `cms_website` VALUES (1468561459651782, '批量网站全称83', '站点简称83', '127.0.1.83', 'site83', NULL, NULL, NULL, NULL, 1, 1, NULL, '/r/default/images/no_picture.gif', '/login', NULL, 1, 120, 120, '/r/default/images/watermark.png', 'www.lvxs.cn', 20, '#FF0000', 50, 1, 0, 0, 'LvxsCMS', 12, NULL, NULL, NULL, NULL, NULL, 0, 0, '李涛', NULL, NULL, NULL, '9999-12-31', NULL, 1);
INSERT INTO `cms_website` VALUES (1468561459728289, '批量网站全称85', '站点简称85', '127.0.1.85', 'site85', NULL, NULL, NULL, NULL, 1, 1, NULL, '/r/default/images/no_picture.gif', '/login', NULL, 1, 120, 120, '/r/default/images/watermark.png', 'www.lvxs.cn', 20, '#FF0000', 50, 1, 0, 0, 'LvxsCMS', 12, NULL, NULL, NULL, NULL, NULL, 0, 0, '李涛', NULL, NULL, NULL, '9999-12-31', NULL, 1);
INSERT INTO `cms_website` VALUES (1468561459759868, '批量网站全称86', '站点简称86', '127.0.1.86', 'site86', NULL, NULL, NULL, NULL, 1, 1, NULL, '/r/default/images/no_picture.gif', '/login', NULL, 1, 120, 120, '/r/default/images/watermark.png', 'www.lvxs.cn', 20, '#FF0000', 50, 1, 0, 0, 'LvxsCMS', 12, NULL, NULL, NULL, NULL, NULL, 0, 0, '李涛', NULL, NULL, NULL, '9999-12-31', NULL, 1);
INSERT INTO `cms_website` VALUES (1468561459795251, '批量网站全称87', '站点简称87', '127.0.1.87', 'site87', NULL, NULL, NULL, NULL, 1, 1, NULL, '/r/default/images/no_picture.gif', '/login', NULL, 1, 120, 120, '/r/default/images/watermark.png', 'www.lvxs.cn', 20, '#FF0000', 50, 1, 0, 0, 'LvxsCMS', 12, NULL, NULL, NULL, NULL, NULL, 0, 0, '李涛', NULL, NULL, NULL, '9999-12-31', NULL, 1);
INSERT INTO `cms_website` VALUES (1468561459825391, '批量网站全称88', '站点简称88', '127.0.1.88', 'site88', NULL, NULL, NULL, NULL, 1, 1, NULL, '/r/default/images/no_picture.gif', '/login', NULL, 1, 120, 120, '/r/default/images/watermark.png', 'www.lvxs.cn', 20, '#FF0000', 50, 1, 0, 0, 'LvxsCMS', 12, NULL, NULL, NULL, NULL, NULL, 0, 0, '李涛', NULL, NULL, NULL, '9999-12-31', NULL, 1);
INSERT INTO `cms_website` VALUES (1468561459861774, '批量网站全称89', '站点简称89', '127.0.1.89', 'site89', NULL, NULL, NULL, NULL, 1, 1, NULL, '/r/default/images/no_picture.gif', '/login', NULL, 1, 120, 120, '/r/default/images/watermark.png', 'www.lvxs.cn', 20, '#FF0000', 50, 1, 0, 0, 'LvxsCMS', 12, NULL, NULL, NULL, NULL, NULL, 0, 0, '李涛', NULL, NULL, NULL, '9999-12-31', NULL, 1);
INSERT INTO `cms_website` VALUES (1468561459892311, '批量网站全称90', '站点简称90', '127.0.1.90', 'site90', NULL, NULL, NULL, NULL, 1, 1, NULL, '/r/default/images/no_picture.gif', '/login', NULL, 1, 120, 120, '/r/default/images/watermark.png', 'www.lvxs.cn', 20, '#FF0000', 50, 1, 0, 0, 'LvxsCMS', 12, NULL, NULL, NULL, NULL, NULL, 0, 0, '李涛', NULL, NULL, NULL, '9999-12-31', NULL, 1);
INSERT INTO `cms_website` VALUES (1468561460170252, '批量网站全称958', '站点简称958', '127.0.1.958', 'site958', 'ertert', 'rtetert', NULL, NULL, 1, 1, NULL, '/r/default/images/no_picture.gif', '/login', NULL, 1, 120, 120, '/r/default/images/watermark.png', 'www.lvxs.cn', 20, '#FF0000', 50, 1, 0, 0, 'LvxsCMS', 12, NULL, NULL, '2546375864@qq.com', 'p123456', NULL, 0, 0, '李涛', NULL, NULL, NULL, '9999-12-31', NULL, 1);
INSERT INTO `cms_website` VALUES (1468561460194126, '都来呀自媒体1', '都来呀1', 'www.cnitti.cn', 'doulaiya1', 'cnitti.cn', NULL, '都来呀自媒体', '笑话,段子,自媒体', 2, 2, NULL, '/r/default/images/no_picture.gif', '/login', NULL, 1, 120, 120, '/r/default/images/watermark.png', 'www.lvxs.cn', 20, '#FF0000', 50, 1, 0, 0, 'LvxsCMS', 12, NULL, NULL, NULL, NULL, NULL, 0, 0, '李军强', '15787878666', '87666980', '87666980@qq.com', '9999-12-31', NULL, 1);
INSERT INTO `cms_website` VALUES (1468561460238253, '中国工艺书画家协会', '书画协会', 'shxh.lvxs.cn', 'shxh', 'www.shxh.com', NULL, '中国工艺书画家协会', '工艺,书画,协会', 1, 3, NULL, '/r/default/images/no_picture.gif', '/login', NULL, 1, 120, 120, '/r/default/images/watermark.png', 'www.lvxs.cn', 20, '#FF0000', 50, 1, 0, 0, 'LvxsCMS', 12, NULL, NULL, NULL, NULL, NULL, 0, 0, '李涛', '13767676676', '657657567', '657657567@qq.com', '9999-12-31', NULL, 1);
INSERT INTO `cms_website` VALUES (1468561460294189, '批量网站全称100', '站点简称100', '127.0.1.100', 'site100', NULL, NULL, NULL, NULL, 1, 1, NULL, '/r/default/images/no_picture.gif', '/login', NULL, 1, 120, 120, '/r/default/images/watermark.png', 'www.lvxs.cn', 20, '#FF0000', 50, 1, 0, 0, 'LvxsCMS', 12, NULL, NULL, NULL, NULL, NULL, 0, 0, '李涛', NULL, NULL, NULL, '9999-12-31', NULL, 1);
INSERT INTO `cms_website` VALUES (1468561460325047, '批量网站全称101', '站点简称101', '127.0.1.101', 'site101', NULL, NULL, NULL, NULL, 1, 1, NULL, '/r/default/images/no_picture.gif', '/login', NULL, 1, 120, 120, '/r/default/images/watermark.png', 'www.lvxs.cn', 20, '#FF0000', 50, 1, 0, 0, 'LvxsCMS', 12, NULL, NULL, NULL, NULL, NULL, 0, 0, '李涛', NULL, NULL, NULL, '9999-12-31', NULL, 1);
INSERT INTO `cms_website` VALUES (1468561460349302, '批量网站全称102', '站点简称102', '127.0.1.102', 'site102', NULL, NULL, NULL, NULL, 1, 1, NULL, '/r/default/images/no_picture.gif', '/login', NULL, 1, 120, 120, '/r/default/images/watermark.png', 'www.lvxs.cn', 20, '#FF0000', 50, 1, 0, 0, 'LvxsCMS', 12, NULL, NULL, NULL, NULL, NULL, 0, 0, '李涛', NULL, NULL, NULL, '9999-12-31', NULL, 1);
INSERT INTO `cms_website` VALUES (1468561460370935, '批量网站全称103', '站点简称103', '127.0.1.103', 'site103', NULL, NULL, NULL, NULL, 1, 1, NULL, '/r/default/images/no_picture.gif', '/login', NULL, 1, 120, 120, '/r/default/images/watermark.png', 'www.lvxs.cn', 20, '#FF0000', 50, 1, 0, 0, 'LvxsCMS', 12, NULL, NULL, NULL, NULL, NULL, 0, 0, '李涛', NULL, NULL, NULL, '9999-12-31', NULL, 1);
INSERT INTO `cms_website` VALUES (1468561460436094, '批量网站全称105', '站点简称105', '127.0.1.105', 'site105', NULL, NULL, NULL, NULL, 1, 1, NULL, '/r/default/images/no_picture.gif', '/login', NULL, 1, 120, 120, '/r/default/images/watermark.png', 'www.lvxs.cn', 20, '#FF0000', 50, 1, 0, 0, 'LvxsCMS', 12, NULL, NULL, NULL, NULL, NULL, 0, 0, '李涛', NULL, NULL, NULL, '9999-12-31', NULL, 1);
INSERT INTO `cms_website` VALUES (1468561460471994, '批量网站全称106', '站点简称106', '127.0.1.106', 'site106', NULL, NULL, NULL, NULL, 1, 1, NULL, '/r/default/images/no_picture.gif', '/login', NULL, 1, 120, 120, '/r/default/images/watermark.png', 'www.lvxs.cn', 20, '#FF0000', 50, 1, 0, 0, 'LvxsCMS', 12, NULL, NULL, NULL, NULL, NULL, 0, 0, '李涛', NULL, NULL, NULL, '9999-12-31', NULL, 1);
INSERT INTO `cms_website` VALUES (1468561460492968, '批量网站全称107', '站点简称107', '127.0.1.107', 'site107', NULL, NULL, NULL, NULL, 1, 1, NULL, '/r/default/images/no_picture.gif', '/login', NULL, 1, 120, 120, '/r/default/images/watermark.png', 'www.lvxs.cn', 20, '#FF0000', 50, 1, 0, 0, 'LvxsCMS', 12, NULL, NULL, NULL, NULL, NULL, 0, 0, '李涛', NULL, NULL, NULL, '9999-12-31', NULL, 1);
INSERT INTO `cms_website` VALUES (1468561460516563, '批量网站全称108', '站点简称108', '127.0.1.108', 'site108', NULL, NULL, NULL, NULL, 1, 1, NULL, '/r/default/images/no_picture.gif', '/login', NULL, 1, 120, 120, '/r/default/images/watermark.png', 'www.lvxs.cn', 20, '#FF0000', 50, 1, 0, 0, 'LvxsCMS', 12, NULL, NULL, NULL, NULL, NULL, 0, 0, '李涛', NULL, NULL, NULL, '9999-12-31', NULL, 1);
INSERT INTO `cms_website` VALUES (1468561460536436, '批量网站全称109', '站点简称109', '127.0.1.109', 'site109', NULL, NULL, NULL, NULL, 1, 1, NULL, '/r/default/images/no_picture.gif', '/login', NULL, 1, 120, 120, '/r/default/images/watermark.png', 'www.lvxs.cn', 20, '#FF0000', 50, 1, 0, 0, 'LvxsCMS', 12, NULL, NULL, NULL, NULL, NULL, 0, 0, '李涛', NULL, NULL, NULL, '9999-12-31', NULL, 1);
INSERT INTO `cms_website` VALUES (1468561460560691, '批量网站全称110', '站点简称110', '127.0.1.110', 'site110', NULL, NULL, NULL, NULL, 1, 1, NULL, '/r/default/images/no_picture.gif', '/login', NULL, 1, 120, 120, '/r/default/images/watermark.png', 'www.lvxs.cn', 20, '#FF0000', 50, 1, 0, 0, 'LvxsCMS', 12, NULL, NULL, NULL, NULL, NULL, 0, 0, '李涛', NULL, NULL, NULL, '9999-12-31', NULL, 1);
INSERT INTO `cms_website` VALUES (1468561460603903, '批量网站全称111', '站点简称111', '127.0.1.111', 'site111', NULL, NULL, NULL, NULL, 1, 1, NULL, '/r/default/images/no_picture.gif', '/login', NULL, 1, 120, 120, '/r/default/images/watermark.png', 'www.lvxs.cn', 20, '#FF0000', 50, 1, 0, 0, 'LvxsCMS', 12, NULL, NULL, NULL, NULL, NULL, 0, 0, '李涛', NULL, NULL, NULL, '9999-12-31', NULL, 1);
INSERT INTO `cms_website` VALUES (1468561460638567, '批量网站全称112', '站点简称112', '127.0.1.112', 'site112', NULL, NULL, NULL, NULL, 1, 1, NULL, '/r/default/images/no_picture.gif', '/login', NULL, 1, 120, 120, '/r/default/images/watermark.png', 'www.lvxs.cn', 20, '#FF0000', 50, 1, 0, 0, 'LvxsCMS', 12, NULL, NULL, NULL, NULL, NULL, 0, 0, '李涛', NULL, NULL, NULL, '9999-12-31', NULL, 1);
INSERT INTO `cms_website` VALUES (1468561460682695, '批量网站全称113', '站点简称113', '127.0.1.113', 'site113', NULL, NULL, NULL, NULL, 1, 1, NULL, '/r/default/images/no_picture.gif', '/login', NULL, 1, 120, 120, '/r/default/images/watermark.png', 'www.lvxs.cn', 20, '#FF0000', 50, 1, 0, 0, 'LvxsCMS', 12, NULL, NULL, NULL, NULL, NULL, 0, 0, '李涛', NULL, NULL, NULL, '9999-12-31', NULL, 1);
INSERT INTO `cms_website` VALUES (1468561460749936, '批量网站全称115', '站点简称115', '127.0.1.115', 'site115', NULL, NULL, NULL, NULL, 1, 1, NULL, '/r/default/images/no_picture.gif', '/login', NULL, 1, 120, 120, '/r/default/images/watermark.png', 'www.lvxs.cn', 20, '#FF0000', 50, 1, 0, 0, 'LvxsCMS', 12, NULL, NULL, NULL, NULL, NULL, 0, 0, '李涛', NULL, NULL, NULL, '9999-12-31', NULL, 1);
INSERT INTO `cms_website` VALUES (1468561460780473, '批量网站全称116', '站点简称116', '127.0.1.116', 'site116', NULL, NULL, NULL, NULL, 1, 1, NULL, '/r/default/images/no_picture.gif', '/login', NULL, 1, 120, 120, '/r/default/images/watermark.png', 'www.lvxs.cn', 20, '#FF0000', 50, 1, 0, 0, 'LvxsCMS', 12, NULL, NULL, NULL, NULL, NULL, 0, 0, '李涛', NULL, NULL, NULL, '9999-12-31', NULL, 1);
INSERT INTO `cms_website` VALUES (1468561460815095, '批量网站全称117', '站点简称117', '127.0.1.117', 'site117', NULL, NULL, NULL, NULL, 1, 1, NULL, '/r/default/images/no_picture.gif', '/login', NULL, 1, 120, 120, '/r/default/images/watermark.png', 'www.lvxs.cn', 20, '#FF0000', 50, 1, 0, 0, 'LvxsCMS', 12, NULL, NULL, NULL, NULL, NULL, 0, 0, '李涛', NULL, NULL, NULL, '9999-12-31', NULL, 1);
INSERT INTO `cms_website` VALUES (1468561460846995, '批量网站全称118', '站点简称118', '127.0.1.118', 'site118', NULL, NULL, NULL, NULL, 1, 1, NULL, '/r/default/images/no_picture.gif', '/login', NULL, 1, 120, 120, '/r/default/images/watermark.png', 'www.lvxs.cn', 20, '#FF0000', 50, 1, 0, 0, 'LvxsCMS', 12, NULL, NULL, NULL, NULL, NULL, 0, 0, '李涛', NULL, NULL, NULL, '9999-12-31', NULL, 1);
INSERT INTO `cms_website` VALUES (1468561460882378, '批量网站全称119', '站点简称119', '127.0.1.119', 'site119', NULL, NULL, NULL, NULL, 1, 1, NULL, '/r/default/images/no_picture.gif', '/login', NULL, 1, 120, 120, '/r/default/images/watermark.png', 'www.lvxs.cn', 20, '#FF0000', 50, 1, 0, 0, 'LvxsCMS', 12, NULL, NULL, NULL, NULL, NULL, 0, 0, '李涛', NULL, NULL, NULL, '9999-12-31', NULL, 1);
INSERT INTO `cms_website` VALUES (1468561460913957, '批量网站全称120', '站点简称120', '127.0.1.120', 'site120', NULL, NULL, NULL, NULL, 1, 1, NULL, '/r/default/images/no_picture.gif', '/login', NULL, 1, 120, 120, '/r/default/images/watermark.png', 'www.lvxs.cn', 20, '#FF0000', 50, 1, 0, 0, 'LvxsCMS', 12, NULL, NULL, NULL, NULL, NULL, 0, 0, '李涛', NULL, NULL, NULL, '9999-12-31', NULL, 1);
INSERT INTO `cms_website` VALUES (1468561460948537, '批量网站全称121', '站点简称121', '127.0.1.121', 'site121', NULL, NULL, NULL, NULL, 1, 1, NULL, '/r/default/images/no_picture.gif', '/login', NULL, 1, 120, 120, '/r/default/images/watermark.png', 'www.lvxs.cn', 20, '#FF0000', 50, 1, 0, 0, 'LvxsCMS', 12, NULL, NULL, NULL, NULL, NULL, 0, 0, '李涛', NULL, NULL, NULL, '9999-12-31', NULL, 1);
INSERT INTO `cms_website` VALUES (1468561460979395, '批量网站全称122', '站点简称122', '127.0.1.122', 'site122', NULL, NULL, NULL, NULL, 1, 1, NULL, '/r/default/images/no_picture.gif', '/login', NULL, 1, 120, 120, '/r/default/images/watermark.png', 'www.lvxs.cn', 20, '#FF0000', 50, 1, 0, 0, 'LvxsCMS', 12, NULL, NULL, NULL, NULL, NULL, 0, 0, '李涛', NULL, NULL, NULL, '9999-12-31', NULL, 1);
INSERT INTO `cms_website` VALUES (1468561461026527, '批量网站全称123', '站点简称123', '127.0.1.123', 'site123', NULL, NULL, NULL, NULL, 1, 1, NULL, '/r/default/images/no_picture.gif', '/login', NULL, 1, 120, 120, '/r/default/images/watermark.png', 'www.lvxs.cn', 20, '#FF0000', 50, 1, 0, 0, 'LvxsCMS', 12, NULL, NULL, NULL, NULL, NULL, 0, 0, '李涛', NULL, NULL, NULL, '9999-12-31', NULL, 1);
INSERT INTO `cms_website` VALUES (1468561461092465, '批量网站全称125', '站点简称125', '127.0.1.125', 'site125', NULL, NULL, NULL, NULL, 1, 1, NULL, '/r/default/images/no_picture.gif', '/login', NULL, 1, 120, 120, '/r/default/images/watermark.png', 'www.lvxs.cn', 20, '#FF0000', 50, 1, 0, 0, 'LvxsCMS', 12, NULL, NULL, NULL, NULL, NULL, 0, 0, '李涛', NULL, NULL, NULL, '9999-12-31', NULL, 1);
INSERT INTO `cms_website` VALUES (1468561461123044, '批量网站全称126', '站点简称126', '127.0.1.126', 'site126', NULL, NULL, NULL, NULL, 1, 1, NULL, '/r/default/images/no_picture.gif', '/login', NULL, 1, 120, 120, '/r/default/images/watermark.png', 'www.lvxs.cn', 20, '#FF0000', 50, 1, 0, 0, 'LvxsCMS', 12, NULL, NULL, NULL, NULL, NULL, 0, 0, '李涛', NULL, NULL, NULL, '9999-12-31', NULL, 1);
INSERT INTO `cms_website` VALUES (1468561461159427, '批量网站全称127', '站点简称127', '127.0.1.127', 'site127', NULL, NULL, NULL, NULL, 1, 1, NULL, '/r/default/images/no_picture.gif', '/login', NULL, 1, 120, 120, '/r/default/images/watermark.png', 'www.lvxs.cn', 20, '#FF0000', 50, 1, 0, 0, 'LvxsCMS', 12, NULL, NULL, NULL, NULL, NULL, 0, 0, '李涛', NULL, NULL, NULL, '9999-12-31', NULL, 1);
INSERT INTO `cms_website` VALUES (1468561461213822, '批量网站全称128', '站点简称128', '127.0.1.128', 'site128', NULL, NULL, NULL, NULL, 1, 1, NULL, '/r/default/images/no_picture.gif', '/login', NULL, 1, 120, 120, '/r/default/images/watermark.png', 'www.lvxs.cn', 20, '#FF0000', 50, 1, 0, 0, 'LvxsCMS', 12, NULL, NULL, NULL, NULL, NULL, 0, 0, '李涛', NULL, NULL, NULL, '9999-12-31', NULL, 1);
INSERT INTO `cms_website` VALUES (1468561461248402, '批量网站全称129', '站点简称129', '127.0.1.129', 'site129', NULL, NULL, NULL, NULL, 1, 1, NULL, '/r/default/images/no_picture.gif', '/login', NULL, 1, 120, 120, '/r/default/images/watermark.png', 'www.lvxs.cn', 20, '#FF0000', 50, 1, 0, 0, 'LvxsCMS', 12, NULL, NULL, NULL, NULL, NULL, 0, 0, '李涛', NULL, NULL, NULL, '9999-12-31', NULL, 1);
INSERT INTO `cms_website` VALUES (1468561461278263, '批量网站全称130', '站点简称130', '127.0.1.130', 'site130', NULL, NULL, NULL, NULL, 1, 1, NULL, '/r/default/images/no_picture.gif', '/login', NULL, 1, 120, 120, '/r/default/images/watermark.png', 'www.lvxs.cn', 20, '#FF0000', 50, 1, 0, 0, 'LvxsCMS', 12, NULL, NULL, NULL, NULL, NULL, 0, 0, '李涛', NULL, NULL, NULL, '9999-12-31', NULL, 1);
INSERT INTO `cms_website` VALUES (1468561461304657, '批量网站全称131', '站点简称131', '127.0.1.131', 'site131', NULL, NULL, NULL, NULL, 1, 1, NULL, '/r/default/images/no_picture.gif', '/login', NULL, 1, 120, 120, '/r/default/images/watermark.png', 'www.lvxs.cn', 20, '#FF0000', 50, 1, 0, 0, 'LvxsCMS', 12, NULL, NULL, NULL, NULL, NULL, 0, 0, '李涛', NULL, NULL, NULL, '9999-12-31', NULL, 1);
INSERT INTO `cms_website` VALUES (1468561461335236, '批量网站全称132', '站点简称132', '127.0.1.132', 'site132', NULL, NULL, NULL, NULL, 1, 1, NULL, '/r/default/images/no_picture.gif', '/login', NULL, 1, 120, 120, '/r/default/images/watermark.png', 'www.lvxs.cn', 20, '#FF0000', 50, 1, 0, 0, 'LvxsCMS', 12, NULL, NULL, NULL, NULL, NULL, 0, 0, '李涛', NULL, NULL, NULL, '9999-12-31', NULL, 1);
INSERT INTO `cms_website` VALUES (1468561461381886, '批量网站全称133', '站点简称133', '127.0.1.133', 'site133', NULL, NULL, NULL, NULL, 1, 1, NULL, '/r/default/images/no_picture.gif', '/login', NULL, 1, 120, 120, '/r/default/images/watermark.png', 'www.lvxs.cn', 20, '#FF0000', 50, 1, 0, 0, 'LvxsCMS', 12, NULL, NULL, NULL, NULL, NULL, 0, 0, '李涛', NULL, NULL, NULL, '9999-12-31', NULL, 1);
INSERT INTO `cms_website` VALUES (1468561461448806, '批量网站全称135', '站点简称135', '127.0.1.135', 'site135', NULL, NULL, NULL, NULL, 1, 1, NULL, '/r/default/images/no_picture.gif', '/login', NULL, 1, 120, 120, '/r/default/images/watermark.png', 'www.lvxs.cn', 20, '#FF0000', 50, 1, 0, 0, 'LvxsCMS', 12, NULL, NULL, NULL, NULL, NULL, 0, 0, '李涛', NULL, NULL, NULL, '9999-12-31', NULL, 1);
INSERT INTO `cms_website` VALUES (1468561461479664, '批量网站全称136', '站点简称136', '127.0.1.136', 'site136', NULL, NULL, NULL, NULL, 1, 1, NULL, '/r/default/images/no_picture.gif', '/login', NULL, 1, 120, 120, '/r/default/images/watermark.png', 'www.lvxs.cn', 20, '#FF0000', 50, 1, 0, 0, 'LvxsCMS', 12, NULL, NULL, NULL, NULL, NULL, 0, 0, '李涛', NULL, NULL, NULL, '9999-12-31', NULL, 1);
INSERT INTO `cms_website` VALUES (1468561461504680, '批量网站全称137', '站点简称137', '127.0.1.137', 'site137', NULL, NULL, NULL, NULL, 1, 1, NULL, '/r/default/images/no_picture.gif', '/login', NULL, 1, 120, 120, '/r/default/images/watermark.png', 'www.lvxs.cn', 20, '#FF0000', 50, 1, 0, 0, 'LvxsCMS', 12, NULL, NULL, NULL, NULL, NULL, 0, 0, '李涛', NULL, NULL, NULL, '9999-12-31', NULL, 1);
INSERT INTO `cms_website` VALUES (1468561461534541, '批量网站全称138', '站点简称138', '127.0.1.138', 'site138', NULL, NULL, NULL, NULL, 1, 1, NULL, '/r/default/images/no_picture.gif', '/login', NULL, 1, 120, 120, '/r/default/images/watermark.png', 'www.lvxs.cn', 20, '#FF0000', 50, 1, 0, 0, 'LvxsCMS', 12, NULL, NULL, NULL, NULL, NULL, 0, 0, '李涛', NULL, NULL, NULL, '9999-12-31', NULL, 1);
INSERT INTO `cms_website` VALUES (1468561461559175, '批量网站全称139', '站点简称139', '127.0.1.139', 'site139', NULL, NULL, NULL, NULL, 1, 1, NULL, '/r/default/images/no_picture.gif', '/login', NULL, 1, 120, 120, '/r/default/images/watermark.png', 'www.lvxs.cn', 20, '#FF0000', 50, 1, 0, 0, 'LvxsCMS', 12, NULL, NULL, NULL, NULL, NULL, 0, 0, '李涛', NULL, NULL, NULL, '9999-12-31', NULL, 1);
INSERT INTO `cms_website` VALUES (1468561461911638, '批量网站全称150', '站点简称150', '127.0.1.150', 'site150', NULL, NULL, NULL, NULL, 1, 1, NULL, '/r/default/images/no_picture.gif', '/login', NULL, 1, 120, 120, '/r/default/images/watermark.png', 'www.lvxs.cn', 20, '#FF0000', 50, 1, 0, 0, 'LvxsCMS', 12, NULL, NULL, NULL, NULL, NULL, 0, 0, '李涛', NULL, NULL, NULL, '9999-12-31', NULL, 1);
INSERT INTO `cms_website` VALUES (1468561461948122, '批量网站全称151', '站点简称151', '127.0.1.151', 'site151', NULL, NULL, NULL, NULL, 1, 1, NULL, '/r/default/images/no_picture.gif', '/login', NULL, 1, 120, 120, '/r/default/images/watermark.png', 'www.lvxs.cn', 20, '#FF0000', 50, 1, 0, 0, 'LvxsCMS', 12, NULL, NULL, NULL, NULL, NULL, 0, 0, '李涛', NULL, NULL, NULL, '9999-12-31', NULL, 1);
INSERT INTO `cms_website` VALUES (1468561462022729, '批量网站全称152', '站点简称152', '127.0.1.152', 'site152', NULL, NULL, NULL, NULL, 1, 1, NULL, '/r/default/images/no_picture.gif', '/login', NULL, 1, 120, 120, '/r/default/images/watermark.png', 'www.lvxs.cn', 20, '#FF0000', 50, 1, 0, 0, 'LvxsCMS', 12, NULL, NULL, NULL, NULL, NULL, 0, 0, '李涛', NULL, NULL, NULL, '9999-12-31', NULL, 1);
INSERT INTO `cms_website` VALUES (1468561462058772, '批量网站全称153', '站点简称153', '127.0.1.153', 'site153', NULL, NULL, NULL, NULL, 1, 1, NULL, '/r/default/images/no_picture.gif', '/login', NULL, 1, 120, 120, '/r/default/images/watermark.png', 'www.lvxs.cn', 20, '#FF0000', 50, 1, 0, 0, 'LvxsCMS', 12, NULL, NULL, NULL, NULL, NULL, 0, 0, '李涛', NULL, NULL, NULL, '9999-12-31', NULL, 1);
INSERT INTO `cms_website` VALUES (1468561462136223, '批量网站全称155', '站点简称155', '127.0.1.155', 'site155', NULL, NULL, NULL, NULL, 1, 1, NULL, '/r/default/images/no_picture.gif', '/login', NULL, 1, 120, 120, '/r/default/images/watermark.png', 'www.lvxs.cn', 20, '#FF0000', 50, 1, 0, 0, 'LvxsCMS', 12, NULL, NULL, NULL, NULL, NULL, 0, 0, '李涛', NULL, NULL, NULL, '9999-12-31', NULL, 1);
INSERT INTO `cms_website` VALUES (1468561462178552, '批量网站全称156', '站点简称156', '127.0.1.156', 'site156', NULL, NULL, NULL, NULL, 1, 1, NULL, '/r/default/images/no_picture.gif', '/login', NULL, 1, 120, 120, '/r/default/images/watermark.png', 'www.lvxs.cn', 20, '#FF0000', 50, 1, 0, 0, 'LvxsCMS', 12, NULL, NULL, NULL, NULL, NULL, 0, 0, '李涛', NULL, NULL, NULL, '9999-12-31', NULL, 1);
INSERT INTO `cms_website` VALUES (1468561462291400, '批量网站全称157', '站点简称157', '127.0.1.157', 'site157', NULL, NULL, NULL, NULL, 1, 1, NULL, '/r/default/images/no_picture.gif', '/login', NULL, 1, 120, 120, '/r/default/images/watermark.png', 'www.lvxs.cn', 20, '#FF0000', 50, 1, 0, 0, 'LvxsCMS', 12, NULL, NULL, NULL, NULL, NULL, 0, 0, '李涛', NULL, NULL, NULL, '9999-12-31', NULL, 1);
INSERT INTO `cms_website` VALUES (1468561462333729, '批量网站全称158', '站点简称158', '127.0.1.158', 'site158', NULL, NULL, NULL, NULL, 1, 1, NULL, '/r/default/images/no_picture.gif', '/login', NULL, 1, 120, 120, '/r/default/images/watermark.png', 'www.lvxs.cn', 20, '#FF0000', 50, 1, 0, 0, 'LvxsCMS', 12, NULL, NULL, NULL, NULL, NULL, 0, 0, '李涛', NULL, NULL, NULL, '9999-12-31', NULL, 1);
INSERT INTO `cms_website` VALUES (1468561462380374, '批量网站全称159', '站点简称159', '127.0.1.159', 'site159', NULL, NULL, NULL, NULL, 1, 1, NULL, '/r/default/images/no_picture.gif', '/login', NULL, 1, 120, 120, '/r/default/images/watermark.png', 'www.lvxs.cn', 20, '#FF0000', 50, 1, 0, 0, 'LvxsCMS', 12, NULL, NULL, NULL, NULL, NULL, 0, 0, '李涛', NULL, NULL, NULL, '9999-12-31', NULL, 1);
INSERT INTO `cms_website` VALUES (1468561462433070, '批量网站全称160', '站点简称160', '127.0.1.160', 'site160', NULL, NULL, NULL, NULL, 1, 1, NULL, '/r/default/images/no_picture.gif', '/login', NULL, 1, 120, 120, '/r/default/images/watermark.png', 'www.lvxs.cn', 20, '#FF0000', 50, 1, 0, 0, 'LvxsCMS', 12, NULL, NULL, NULL, NULL, NULL, 0, 0, '李涛', NULL, NULL, NULL, '9999-12-31', NULL, 1);
INSERT INTO `cms_website` VALUES (1468561462491705, '批量网站全称161', '站点简称161', '127.0.1.161', 'site161', NULL, NULL, NULL, NULL, 1, 1, NULL, '/r/default/images/no_picture.gif', '/login', NULL, 1, 120, 120, '/r/default/images/watermark.png', 'www.lvxs.cn', 20, '#FF0000', 50, 1, 0, 0, 'LvxsCMS', 12, NULL, NULL, NULL, NULL, NULL, 0, 0, '李涛', NULL, NULL, NULL, '9999-12-31', NULL, 1);
INSERT INTO `cms_website` VALUES (1468561462521284, '批量网站全称162', '站点简称162', '127.0.1.162', 'site162', NULL, NULL, NULL, NULL, 1, 1, NULL, '/r/default/images/no_picture.gif', '/login', NULL, 1, 120, 120, '/r/default/images/watermark.png', 'www.lvxs.cn', 20, '#FF0000', 50, 1, 0, 0, 'LvxsCMS', 12, NULL, NULL, NULL, NULL, NULL, 0, 0, '李涛', NULL, NULL, NULL, '9999-12-31', NULL, 1);
INSERT INTO `cms_website` VALUES (1468561462557667, '批量网站全称163', '站点简称163', '127.0.1.163', 'site163', NULL, NULL, NULL, NULL, 1, 1, NULL, '/r/default/images/no_picture.gif', '/login', NULL, 1, 120, 120, '/r/default/images/watermark.png', 'www.lvxs.cn', 20, '#FF0000', 50, 1, 0, 0, 'LvxsCMS', 12, NULL, NULL, NULL, NULL, NULL, 0, 0, '李涛', NULL, NULL, NULL, '9999-12-31', NULL, 1);
INSERT INTO `cms_website` VALUES (1468561462624751, '批量网站全称165', '站点简称165', '127.0.1.165', 'site165', NULL, NULL, NULL, NULL, 1, 1, NULL, '/r/default/images/no_picture.gif', '/login', NULL, 1, 120, 120, '/r/default/images/watermark.png', 'www.lvxs.cn', 20, '#FF0000', 50, 1, 0, 0, 'LvxsCMS', 12, NULL, NULL, NULL, NULL, NULL, 0, 0, '李涛', NULL, NULL, NULL, '9999-12-31', NULL, 1);
INSERT INTO `cms_website` VALUES (1468561462655331, '批量网站全称166', '站点简称166', '127.0.1.166', 'site166', NULL, NULL, NULL, NULL, 1, 1, NULL, '/r/default/images/no_picture.gif', '/login', NULL, 1, 120, 120, '/r/default/images/watermark.png', 'www.lvxs.cn', 20, '#FF0000', 50, 1, 0, 0, 'LvxsCMS', 12, NULL, NULL, NULL, NULL, NULL, 0, 0, '李涛', NULL, NULL, NULL, '9999-12-31', NULL, 1);
INSERT INTO `cms_website` VALUES (1468561462691714, '批量网站全称167', '站点简称167', '127.0.1.167', 'site167', NULL, NULL, NULL, NULL, 1, 1, NULL, '/r/default/images/no_picture.gif', '/login', NULL, 1, 120, 120, '/r/default/images/watermark.png', 'www.lvxs.cn', 20, '#FF0000', 50, 1, 0, 0, 'LvxsCMS', 12, NULL, NULL, NULL, NULL, NULL, 0, 0, '李涛', NULL, NULL, NULL, '9999-12-31', NULL, 1);
INSERT INTO `cms_website` VALUES (1468561462721575, '批量网站全称168', '站点简称168', '127.0.1.168', 'site168', NULL, NULL, NULL, NULL, 1, 1, NULL, '/r/default/images/no_picture.gif', '/login', NULL, 1, 120, 120, '/r/default/images/watermark.png', 'www.lvxs.cn', 20, '#FF0000', 50, 1, 0, 0, 'LvxsCMS', 12, NULL, NULL, NULL, NULL, NULL, 0, 0, '李涛', NULL, NULL, NULL, '9999-12-31', NULL, 1);
INSERT INTO `cms_website` VALUES (1468561462757236, '批量网站全称169', '站点简称169', '127.0.1.169', 'site169', NULL, NULL, NULL, NULL, 1, 1, NULL, '/r/default/images/no_picture.gif', '/login', NULL, 1, 120, 120, '/r/default/images/watermark.png', 'www.lvxs.cn', 20, '#FF0000', 50, 1, 0, 0, 'LvxsCMS', 12, NULL, NULL, NULL, NULL, NULL, 0, 0, '李涛', NULL, NULL, NULL, '9999-12-31', NULL, 1);
INSERT INTO `cms_website` VALUES (1468561462801364, '批量网站全称170', '站点简称170', '127.0.1.170', 'site170', NULL, NULL, NULL, NULL, 1, 1, NULL, '/r/default/images/no_picture.gif', '/login', NULL, 1, 120, 120, '/r/default/images/watermark.png', 'www.lvxs.cn', 20, '#FF0000', 50, 1, 0, 0, 'LvxsCMS', 12, NULL, NULL, NULL, NULL, NULL, 0, 0, '李涛', NULL, NULL, NULL, '9999-12-31', NULL, 1);
INSERT INTO `cms_website` VALUES (1468561462832901, '批量网站全称171', '站点简称171', '127.0.1.171', 'site171', NULL, NULL, NULL, NULL, 1, 1, NULL, '/r/default/images/no_picture.gif', '/login', NULL, 1, 120, 120, '/r/default/images/watermark.png', 'www.lvxs.cn', 20, '#FF0000', 50, 1, 0, 0, 'LvxsCMS', 12, NULL, NULL, NULL, NULL, NULL, 0, 0, '李涛', NULL, NULL, NULL, '9999-12-31', NULL, 1);
INSERT INTO `cms_website` VALUES (1468561462868284, '批量网站全称172', '站点简称172', '127.0.1.172', 'site172', NULL, NULL, NULL, NULL, 1, 1, NULL, '/r/default/images/no_picture.gif', '/login', NULL, 1, 120, 120, '/r/default/images/watermark.png', 'www.lvxs.cn', 20, '#FF0000', 50, 1, 0, 0, 'LvxsCMS', 12, NULL, NULL, NULL, NULL, NULL, 0, 0, '李涛', NULL, NULL, NULL, '9999-12-31', NULL, 1);
INSERT INTO `cms_website` VALUES (1468561462898424, '批量网站全称173', '站点简称173', '127.0.1.173', 'site173', NULL, NULL, NULL, NULL, 1, 1, NULL, '/r/default/images/no_picture.gif', '/login', NULL, 1, 120, 120, '/r/default/images/watermark.png', 'www.lvxs.cn', 20, '#FF0000', 50, 1, 0, 0, 'LvxsCMS', 12, NULL, NULL, NULL, NULL, NULL, 0, 0, '李涛', NULL, NULL, NULL, '9999-12-31', NULL, 1);
INSERT INTO `cms_website` VALUES (1468561462965386, '批量网站全称175', '站点简称175', '127.0.1.175', 'site175', NULL, NULL, NULL, NULL, 1, 1, NULL, '/r/default/images/no_picture.gif', '/login', NULL, 1, 120, 120, '/r/default/images/watermark.png', 'www.lvxs.cn', 20, '#FF0000', 50, 1, 0, 0, 'LvxsCMS', 12, NULL, NULL, NULL, NULL, NULL, 0, 0, '李涛', NULL, NULL, NULL, '9999-12-31', NULL, 1);
INSERT INTO `cms_website` VALUES (1468561463001387, '批量网站全称176', '站点简称176', '127.0.1.176', 'site176', NULL, NULL, NULL, NULL, 1, 1, NULL, '/r/default/images/no_picture.gif', '/login', NULL, 1, 120, 120, '/r/default/images/watermark.png', 'www.lvxs.cn', 20, '#FF0000', 50, 1, 0, 0, 'LvxsCMS', 12, NULL, NULL, NULL, NULL, NULL, 0, 0, '李涛', NULL, NULL, NULL, '9999-12-31', NULL, 1);
INSERT INTO `cms_website` VALUES (1468561463031823, '批量网站全称177', '站点简称177', '127.0.1.177', 'site177', NULL, NULL, NULL, NULL, 1, 1, NULL, '/r/default/images/no_picture.gif', '/login', NULL, 1, 120, 120, '/r/default/images/watermark.png', 'www.lvxs.cn', 20, '#FF0000', 50, 1, 0, 0, 'LvxsCMS', 12, NULL, NULL, NULL, NULL, NULL, 0, 0, '李涛', NULL, NULL, NULL, '9999-12-31', NULL, 1);
INSERT INTO `cms_website` VALUES (1468561463067546, '批量网站全称178', '站点简称178', '127.0.1.178', 'site178', NULL, NULL, NULL, NULL, 1, 1, NULL, '/r/default/images/no_picture.gif', '/login', NULL, 1, 120, 120, '/r/default/images/watermark.png', 'www.lvxs.cn', 20, '#FF0000', 50, 1, 0, 0, 'LvxsCMS', 12, NULL, NULL, NULL, NULL, NULL, 0, 0, '李涛', NULL, NULL, NULL, '9999-12-31', NULL, 1);
INSERT INTO `cms_website` VALUES (1468561463098168, '批量网站全称179', '站点简称179', '127.0.1.179', 'site179', NULL, NULL, NULL, NULL, 1, 1, NULL, '/r/default/images/no_picture.gif', '/login', NULL, 1, 120, 120, '/r/default/images/watermark.png', 'www.lvxs.cn', 20, '#FF0000', 50, 1, 0, 0, 'LvxsCMS', 12, NULL, NULL, NULL, NULL, NULL, 0, 0, '李涛', NULL, NULL, NULL, '9999-12-31', NULL, 1);
INSERT INTO `cms_website` VALUES (1468561463145198, '批量网站全称180', '站点简称180', '127.0.1.180', 'site180', NULL, NULL, NULL, NULL, 1, 1, NULL, '/r/default/images/no_picture.gif', '/login', NULL, 1, 120, 120, '/r/default/images/watermark.png', 'www.lvxs.cn', 20, '#FF0000', 50, 1, 0, 0, 'LvxsCMS', 12, NULL, NULL, NULL, NULL, NULL, 0, 0, '李涛', NULL, NULL, NULL, '9999-12-31', NULL, 1);
INSERT INTO `cms_website` VALUES (1468561463214681, '批量网站全称181', '站点简称181', '127.0.1.181', 'site181', NULL, NULL, NULL, NULL, 1, 1, NULL, '/r/default/images/no_picture.gif', '/login', NULL, 1, 120, 120, '/r/default/images/watermark.png', 'www.lvxs.cn', 20, '#FF0000', 50, 1, 0, 0, 'LvxsCMS', 12, NULL, NULL, NULL, NULL, NULL, 0, 0, '李涛', NULL, NULL, NULL, '9999-12-31', NULL, 1);
INSERT INTO `cms_website` VALUES (1468561463279358, '批量网站全称182', '站点简称182', '127.0.1.182', 'site182', NULL, NULL, NULL, NULL, 1, 1, NULL, '/r/default/images/no_picture.gif', '/login', NULL, 1, 120, 120, '/r/default/images/watermark.png', 'www.lvxs.cn', 20, '#FF0000', 50, 1, 0, 0, 'LvxsCMS', 12, NULL, NULL, NULL, NULL, NULL, 0, 0, '李涛', NULL, NULL, NULL, '9999-12-31', NULL, 1);
INSERT INTO `cms_website` VALUES (1468561463404716, '批量网站全称183', '站点简称183', '127.0.1.183', 'site183', NULL, NULL, NULL, NULL, 1, 1, NULL, '/r/default/images/no_picture.gif', '/login', NULL, 1, 120, 120, '/r/default/images/watermark.png', 'www.lvxs.cn', 20, '#FF0000', 50, 1, 0, 0, 'LvxsCMS', 12, NULL, NULL, NULL, NULL, NULL, 0, 0, '李涛', NULL, NULL, NULL, '9999-12-31', NULL, 1);
INSERT INTO `cms_website` VALUES (1468561463487188, '批量网站全称185', '站点简称185', '127.0.1.185', 'site185', NULL, NULL, NULL, NULL, 1, 1, NULL, '/r/default/images/no_picture.gif', '/login', NULL, 1, 120, 120, '/r/default/images/watermark.png', 'www.lvxs.cn', 20, '#FF0000', 50, 1, 0, 0, 'LvxsCMS', 12, NULL, NULL, NULL, NULL, NULL, 0, 0, '李涛', NULL, NULL, NULL, '9999-12-31', NULL, 1);
INSERT INTO `cms_website` VALUES (1468561463512864, '批量网站全称186', '站点简称186', '127.0.1.186', 'site186', NULL, NULL, NULL, NULL, 1, 1, NULL, '/r/default/images/no_picture.gif', '/login', NULL, 1, 120, 120, '/r/default/images/watermark.png', 'www.lvxs.cn', 20, '#FF0000', 50, 1, 0, 0, 'LvxsCMS', 12, NULL, NULL, NULL, NULL, NULL, 0, 0, '李涛', NULL, NULL, NULL, '9999-12-31', NULL, 1);
INSERT INTO `cms_website` VALUES (1468561463542004, '批量网站全称187', '站点简称187', '127.0.1.187', 'site187', NULL, NULL, NULL, NULL, 1, 1, NULL, '/r/default/images/no_picture.gif', '/login', NULL, 1, 120, 120, '/r/default/images/watermark.png', 'www.lvxs.cn', 20, '#FF0000', 50, 1, 0, 0, 'LvxsCMS', 12, NULL, NULL, NULL, NULL, NULL, 0, 0, '李涛', NULL, NULL, NULL, '9999-12-31', NULL, 1);
INSERT INTO `cms_website` VALUES (1468561463568737, '批量网站全称188', '站点简称188', '127.0.1.188', 'site188', NULL, NULL, NULL, NULL, 1, 1, NULL, '/r/default/images/no_picture.gif', '/login', NULL, 1, 120, 120, '/r/default/images/watermark.png', 'www.lvxs.cn', 20, '#FF0000', 50, 1, 0, 0, 'LvxsCMS', 12, NULL, NULL, NULL, NULL, NULL, 0, 0, '李涛', NULL, NULL, NULL, '9999-12-31', NULL, 1);
INSERT INTO `cms_website` VALUES (1468561463598599, '批量网站全称189', '站点简称189', '127.0.1.189', 'site189', NULL, NULL, NULL, NULL, 1, 1, NULL, '/r/default/images/no_picture.gif', '/login', NULL, 1, 120, 120, '/r/default/images/watermark.png', 'www.lvxs.cn', 20, '#FF0000', 50, 1, 0, 0, 'LvxsCMS', 12, NULL, NULL, NULL, NULL, NULL, 0, 0, '李涛', NULL, NULL, NULL, '9999-12-31', NULL, 1);
INSERT INTO `cms_website` VALUES (1468561463645853, '批量网站全称190', '站点简称190', '127.0.1.190', 'site190', NULL, NULL, NULL, NULL, 1, 1, NULL, '/r/default/images/no_picture.gif', '/login', NULL, 1, 120, 120, '/r/default/images/watermark.png', 'www.lvxs.cn', 20, '#FF0000', 50, 1, 0, 0, 'LvxsCMS', 12, NULL, NULL, NULL, NULL, NULL, 0, 0, '李涛', NULL, NULL, NULL, '9999-12-31', NULL, 1);
INSERT INTO `cms_website` VALUES (1468561463686039, '批量网站全称191', '站点简称191', '127.0.1.191', 'site191', NULL, NULL, NULL, NULL, 1, 1, NULL, '/r/default/images/no_picture.gif', '/login', NULL, 1, 120, 120, '/r/default/images/watermark.png', 'www.lvxs.cn', 20, '#FF0000', 50, 1, 0, 0, 'LvxsCMS', 12, NULL, NULL, NULL, NULL, NULL, 0, 0, '李涛', NULL, NULL, NULL, '9999-12-31', NULL, 1);
INSERT INTO `cms_website` VALUES (1468561463712773, '批量网站全称192', '站点简称192', '127.0.1.192', 'site192', NULL, NULL, NULL, NULL, 1, 1, NULL, '/r/default/images/no_picture.gif', '/login', NULL, 1, 120, 120, '/r/default/images/watermark.png', 'www.lvxs.cn', 20, '#FF0000', 50, 1, 0, 0, 'LvxsCMS', 12, NULL, NULL, NULL, NULL, NULL, 0, 0, '李涛', NULL, NULL, NULL, '9999-12-31', NULL, 1);
INSERT INTO `cms_website` VALUES (1468561463742635, '批量网站全称193', '站点简称193', '127.0.1.193', 'site193', NULL, NULL, NULL, NULL, 1, 1, NULL, '/r/default/images/no_picture.gif', '/login', NULL, 1, 120, 120, '/r/default/images/watermark.png', 'www.lvxs.cn', 20, '#FF0000', 50, 1, 0, 0, 'LvxsCMS', 12, NULL, NULL, NULL, NULL, NULL, 0, 0, '李涛', NULL, NULL, NULL, '9999-12-31', NULL, 1);
INSERT INTO `cms_website` VALUES (1468561463808072, '批量网站全称195', '站点简称195', '127.0.1.195', 'site195', NULL, NULL, NULL, NULL, 1, 1, NULL, '/r/default/images/no_picture.gif', '/login', NULL, 1, 120, 120, '/r/default/images/watermark.png', 'www.lvxs.cn', 20, '#FF0000', 50, 1, 0, 0, 'LvxsCMS', 12, NULL, NULL, NULL, NULL, NULL, 0, 0, '李涛', NULL, NULL, NULL, '9999-12-31', NULL, 1);
INSERT INTO `cms_website` VALUES (1468561463845258, '批量网站全称196', '站点简称196', '127.0.1.196', 'site196', NULL, NULL, NULL, NULL, 1, 1, NULL, '/r/default/images/no_picture.gif', '/login', NULL, 1, 120, 120, '/r/default/images/watermark.png', 'www.lvxs.cn', 20, '#FF0000', 50, 1, 0, 0, 'LvxsCMS', 12, NULL, NULL, NULL, NULL, NULL, 0, 0, '李涛', NULL, NULL, NULL, '9999-12-31', NULL, 1);
INSERT INTO `cms_website` VALUES (1468561463875035, '批量网站全称197', '站点简称197', '127.0.1.197', 'site197', NULL, NULL, NULL, NULL, 1, 1, NULL, '/r/default/images/no_picture.gif', '/login', NULL, 1, 120, 120, '/r/default/images/watermark.png', 'www.lvxs.cn', 20, '#FF0000', 50, 1, 0, 0, 'LvxsCMS', 12, NULL, NULL, NULL, NULL, NULL, 0, 0, '李涛', NULL, NULL, NULL, '9999-12-31', NULL, 1);
INSERT INTO `cms_website` VALUES (1468561463900329, '批量网站全称198', '站点简称198', '127.0.1.198', 'site198', NULL, NULL, NULL, NULL, 1, 1, NULL, '/r/default/images/no_picture.gif', '/login', NULL, 1, 120, 120, '/r/default/images/watermark.png', 'www.lvxs.cn', 20, '#FF0000', 50, 1, 0, 0, 'LvxsCMS', 12, NULL, NULL, NULL, NULL, NULL, 0, 0, '李涛', NULL, NULL, NULL, '9999-12-31', NULL, 1);
INSERT INTO `cms_website` VALUES (1468561463930190, '批量网站全称199', '站点简称199', '127.0.1.199', 'site199', NULL, NULL, NULL, NULL, 1, 1, NULL, '/r/default/images/no_picture.gif', '/login', NULL, 1, 120, 120, '/r/default/images/watermark.png', 'www.lvxs.cn', 20, '#FF0000', 50, 1, 0, 0, 'LvxsCMS', 12, NULL, NULL, NULL, NULL, NULL, 0, 0, '李涛', NULL, NULL, NULL, '9999-12-31', NULL, 1);
INSERT INTO `cms_website` VALUES (1468561463956584, '批量网站全称200', '站点简称200', '127.0.1.200', 'site200', NULL, NULL, NULL, NULL, 1, 1, NULL, '/r/default/images/no_picture.gif', '/login', NULL, 1, 120, 120, '/r/default/images/watermark.png', 'www.lvxs.cn', 20, '#FF0000', 50, 1, 0, 0, 'LvxsCMS', 12, NULL, NULL, NULL, NULL, NULL, 0, 0, '李涛', NULL, NULL, NULL, '9999-12-31', NULL, 1);
INSERT INTO `cms_website` VALUES (1476462017621602, '哈哈乐', '哈哈乐', 'www.hahale.com', 'hahale', 'hahale.com', 'hahale.net', '哈哈乐、乐哈哈', '笑话', 1, 3, NULL, '/r/default/images/no_picture.gif', '/login', NULL, 1, 120, 120, '/r/default/images/watermark.png', 'www.lvxs.cn', 20, '#FF0000', 50, 1, 0, 0, 'LvxsCMS', 12, NULL, NULL, NULL, NULL, NULL, 0, 0, '马登军', '1230-3400-900', '34543544', '3123232@qq.com', '2021-10-10', NULL, 1);
INSERT INTO `cms_website` VALUES (1855709822403420, '批量网站2全称1', '批量站点2简称1', '127.0.2.1', 'test21', '127.0.2.20;127.0.2.21', '127.0.2.35;127.0.2.36;127.0.2.37;', '批量测试站点2', '测试,站点2', 1, 3, NULL, '/r/default/images/no_picture.gif', '/login', NULL, 1, 120, 120, '/r/default/images/watermark.png', 'www.lvxs.cn', 20, '#FF0000', 50, 1, 0, 0, 'LvxsCMS', 12, NULL, NULL, NULL, NULL, NULL, 0, 0, '李小小', '18092738888', '8346888', 'madj8@163.com', '2018-08-08', NULL, 0);
INSERT INTO `cms_website` VALUES (1855714834552511, '批量网站2全称2', '批量站点2简称2', '127.0.2.2', 'test22', '127.0.2.20;127.0.2.21', '127.0.2.35;127.0.2.36;127.0.2.37;', '批量测试站点2', '测试,站点2', 1, 3, NULL, '/r/default/images/no_picture.gif', '/login', NULL, 1, 120, 120, '/r/default/images/watermark.png', 'www.lvxs.cn', 20, '#FF0000', 50, 1, 0, 0, 'LvxsCMS', 12, NULL, NULL, NULL, NULL, NULL, 0, 0, '李小小', '18092738888', '8346888', 'madj8@163.com', '2018-08-08', NULL, 0);
INSERT INTO `cms_website` VALUES (1855715373705448, '批量网站2全称3', '批量站点2简称3', '127.0.2.3', 'test23', '127.0.2.20;127.0.2.21', '127.0.2.35;127.0.2.36;127.0.2.37;', '批量测试站点2', '测试,站点2', 1, 3, NULL, '/r/default/images/no_picture.gif', '/login', NULL, 1, 120, 120, '/r/default/images/watermark.png', 'www.lvxs.cn', 20, '#FF0000', 50, 1, 0, 0, 'LvxsCMS', 12, NULL, NULL, NULL, NULL, NULL, 0, 0, '李小小', '18092738888', '8346888', 'madj8@163.com', '2018-08-08', NULL, 0);
INSERT INTO `cms_website` VALUES (1855716483173012, '批量网站2全称5', '批量站点2简称5', '127.0.2.5', 'test25', '127.0.2.20;127.0.2.21', '127.0.2.35;127.0.2.36;127.0.2.37;', '批量测试站点2', '测试,站点2', 1, 3, NULL, '/r/default/images/no_picture.gif', '/login', NULL, 1, 120, 120, '/r/default/images/watermark.png', 'www.lvxs.cn', 20, '#FF0000', 50, 1, 0, 0, 'LvxsCMS', 12, NULL, NULL, NULL, NULL, NULL, 0, 0, '李小小', '18092738888', '8346888', 'madj8@163.com', '2018-08-08', NULL, 0);
INSERT INTO `cms_website` VALUES (1855717052328763, '批量网站2全称6', '批量站点2简称6', '127.0.2.6', 'test26', '127.0.2.20;127.0.2.21', '127.0.2.35;127.0.2.36;127.0.2.37;', '批量测试站点2', '测试,站点2', 1, 3, NULL, '/r/default/images/no_picture.gif', '/login', NULL, 1, 120, 120, '/r/default/images/watermark.png', 'www.lvxs.cn', 20, '#FF0000', 50, 1, 0, 0, 'LvxsCMS', 12, NULL, NULL, NULL, NULL, NULL, 0, 0, '李小小', '18092738888', '8346888', 'madj8@163.com', '2018-08-08', NULL, 0);
INSERT INTO `cms_website` VALUES (1855717592803082, '批量网站2全称7', '批量站点2简称7', '127.0.2.7', 'test27', '127.0.2.20;127.0.2.21', '127.0.2.35;127.0.2.36;127.0.2.37;', '批量测试站点2', '测试,站点2', 1, 3, NULL, '/r/default/images/no_picture.gif', '/login', NULL, 1, 120, 120, '/r/default/images/watermark.png', 'www.lvxs.cn', 20, '#FF0000', 50, 1, 0, 0, 'LvxsCMS', 12, NULL, NULL, NULL, NULL, NULL, 0, 0, '李小小', '18092738888', '8346888', 'madj8@163.com', '2018-08-08', NULL, 0);
INSERT INTO `cms_website` VALUES (1855718046818279, '批量网站2全称8', '批量站点2简称8', '127.0.2.8', 'test28', '127.0.2.20;127.0.2.21', '127.0.2.35;127.0.2.36;127.0.2.37;', '批量测试站点2', '测试,站点2', 1, 3, NULL, '/r/default/images/no_picture.gif', '/login', NULL, 1, 120, 120, '/r/default/images/watermark.png', 'www.lvxs.cn', 20, '#FF0000', 50, 1, 0, 0, 'LvxsCMS', 12, NULL, NULL, NULL, NULL, NULL, 0, 0, '李小小', '18092738888', '8346888', 'madj8@163.com', '2018-08-08', NULL, 0);
INSERT INTO `cms_website` VALUES (1855718481906364, '批量网站2全称9', '批量站点2简称9', '127.0.2.9', 'test29', '127.0.2.20;127.0.2.21', '127.0.2.35;127.0.2.36;127.0.2.37;', '批量测试站点2', '测试,站点2', 1, 3, NULL, '/r/default/images/no_picture.gif', '/login', NULL, 1, 120, 120, '/r/default/images/watermark.png', 'www.lvxs.cn', 20, '#FF0000', 50, 1, 0, 0, 'LvxsCMS', 12, NULL, NULL, NULL, NULL, NULL, 0, 0, '李小小', '18092738888', '8346888', 'madj8@163.com', '2018-08-08', NULL, 0);
INSERT INTO `cms_website` VALUES (1855718933056398, '批量网站2全称10', '批量站点2简称10', '127.0.2.10', 'test210', '127.0.2.20;127.0.2.21', '127.0.2.35;127.0.2.36;127.0.2.37;', '批量测试站点2', '测试,站点2', 1, 3, NULL, '/r/default/images/no_picture.gif', '/login', NULL, 1, 120, 120, '/r/default/images/watermark.png', 'www.lvxs.cn', 20, '#FF0000', 50, 1, 0, 0, 'LvxsCMS', 12, NULL, NULL, NULL, NULL, NULL, 0, 0, '李小小', '18092738888', '8346888', 'madj8@163.com', '2018-08-08', NULL, 0);
INSERT INTO `cms_website` VALUES (1855719479004435, '批量网站2全称11', '批量站点2简称11', '127.0.2.11', 'test211', '127.0.2.20;127.0.2.21', '127.0.2.35;127.0.2.36;127.0.2.37;', '批量测试站点2', '测试,站点2', 1, 3, NULL, '/r/default/images/no_picture.gif', '/login', NULL, 1, 120, 120, '/r/default/images/watermark.png', 'www.lvxs.cn', 20, '#FF0000', 50, 1, 0, 0, 'LvxsCMS', 12, NULL, NULL, NULL, NULL, NULL, 0, 0, '李小小', '18092738888', '8346888', 'madj8@163.com', '2018-08-08', NULL, 0);
INSERT INTO `cms_website` VALUES (1855720157938228, '批量网站2全称12', '批量站点2简称12', '127.0.2.12', 'test212', '127.0.2.20;127.0.2.21', '127.0.2.35;127.0.2.36;127.0.2.37;', '批量测试站点2', '测试,站点2', 1, 3, NULL, '/r/default/images/no_picture.gif', '/login', NULL, 1, 120, 120, '/r/default/images/watermark.png', 'www.lvxs.cn', 20, '#FF0000', 50, 1, 0, 0, 'LvxsCMS', 12, NULL, NULL, NULL, NULL, NULL, 0, 0, '李小小', '18092738888', '8346888', 'madj8@163.com', '2018-08-08', NULL, 0);
INSERT INTO `cms_website` VALUES (1855722931874416, '批量网站2全称13', '批量站点2简称13', '127.0.2.13', 'test213', '127.0.2.20;127.0.2.21', '127.0.2.35;127.0.2.36;127.0.2.37;', '批量测试站点2', '测试,站点2', 1, 3, NULL, '/r/default/images/no_picture.gif', '/login', NULL, 1, 120, 120, '/r/default/images/watermark.png', 'www.lvxs.cn', 20, '#FF0000', 50, 1, 0, 0, 'LvxsCMS', 12, NULL, NULL, NULL, NULL, NULL, 0, 0, '李小小', '18092738888', '8346888', 'madj8@163.com', '2018-08-08', NULL, 0);
INSERT INTO `cms_website` VALUES (1855724039635721, '批量网站2全称15', '批量站点2简称15', '127.0.2.15', 'test215', '127.0.2.20;127.0.2.21', '127.0.2.35;127.0.2.36;127.0.2.37;', '批量测试站点2', '测试,站点2', 1, 3, NULL, '/r/default/images/no_picture.gif', '/login', NULL, 1, 120, 120, '/r/default/images/watermark.png', 'www.lvxs.cn', 20, '#FF0000', 50, 1, 0, 0, 'LvxsCMS', 12, NULL, NULL, NULL, NULL, NULL, 0, 0, '李小小', '18092738888', '8346888', 'madj8@163.com', '2018-08-08', NULL, 0);
INSERT INTO `cms_website` VALUES (1855724460787203, '批量网站2全称16', '批量站点2简称16', '127.0.2.16', 'test216', '127.0.2.20;127.0.2.21', '127.0.2.35;127.0.2.36;127.0.2.37;', '批量测试站点2', '测试,站点2', 1, 3, NULL, '/r/default/images/no_picture.gif', '/login', NULL, 1, 120, 120, '/r/default/images/watermark.png', 'www.lvxs.cn', 20, '#FF0000', 50, 1, 0, 0, 'LvxsCMS', 12, NULL, NULL, NULL, NULL, NULL, 0, 0, '李小小', '18092738888', '8346888', 'madj8@163.com', '2018-08-08', NULL, 0);
INSERT INTO `cms_website` VALUES (1855724810754661, '批量网站2全称17', '批量站点2简称17', '127.0.2.17', 'test217', '127.0.2.20;127.0.2.21', '127.0.2.35;127.0.2.36;127.0.2.37;', '批量测试站点2', '测试,站点2', 1, 3, NULL, '/r/default/images/no_picture.gif', '/login', NULL, 1, 120, 120, '/r/default/images/watermark.png', 'www.lvxs.cn', 20, '#FF0000', 50, 1, 0, 0, 'LvxsCMS', 12, NULL, NULL, NULL, NULL, NULL, 0, 0, '李小小', '18092738888', '8346888', 'madj8@163.com', '2018-08-08', NULL, 0);
INSERT INTO `cms_website` VALUES (1855725128461376, '批量网站2全称18', '批量站点2简称18', '127.0.2.18', 'test218', '127.0.2.20;127.0.2.21', '127.0.2.35;127.0.2.36;127.0.2.37;', '批量测试站点2', '测试,站点2', 1, 3, NULL, '/r/default/images/no_picture.gif', '/login', NULL, 1, 120, 120, '/r/default/images/watermark.png', 'www.lvxs.cn', 20, '#FF0000', 50, 1, 0, 0, 'LvxsCMS', 12, NULL, NULL, NULL, NULL, NULL, 0, 0, '李小小', '18092738888', '8346888', 'madj8@163.com', '2018-08-08', NULL, 0);
INSERT INTO `cms_website` VALUES (1855725590135500, '批量网站2全称19', '批量站点2简称19', '127.0.2.19', 'test219', '127.0.2.20;127.0.2.21', '127.0.2.35;127.0.2.36;127.0.2.37;', '批量测试站点2', '测试,站点2', 1, 3, NULL, '/r/default/images/no_picture.gif', '/login', NULL, 1, 120, 120, '/r/default/images/watermark.png', 'www.lvxs.cn', 20, '#FF0000', 50, 1, 0, 0, 'LvxsCMS', 12, NULL, NULL, NULL, NULL, NULL, 0, 0, '李小小', '18092738888', '8346888', 'madj8@163.com', '2018-08-08', NULL, 0);
INSERT INTO `cms_website` VALUES (1855725903805349, '批量网站2全称20', '批量站点2简称20', '127.0.2.20', 'test220', '127.0.2.20;127.0.2.21', '127.0.2.35;127.0.2.36;127.0.2.37;', '批量测试站点2', '测试,站点2', 1, 3, NULL, '/r/default/images/no_picture.gif', '/login', NULL, 1, 120, 120, '/r/default/images/watermark.png', 'www.lvxs.cn', 20, '#FF0000', 50, 1, 0, 0, 'LvxsCMS', 12, NULL, NULL, NULL, NULL, NULL, 0, 0, '李小小', '18092738888', '8346888', 'madj8@163.com', '2018-08-08', NULL, 0);
INSERT INTO `cms_website` VALUES (1855726255675771, '批量网站2全称21', '批量站点2简称21', '127.0.2.21', 'test221', '127.0.2.20;127.0.2.21', '127.0.2.35;127.0.2.36;127.0.2.37;', '批量测试站点2', '测试,站点2', 1, 3, NULL, '/r/default/images/no_picture.gif', '/login', NULL, 1, 120, 120, '/r/default/images/watermark.png', 'www.lvxs.cn', 20, '#FF0000', 50, 1, 0, 0, 'LvxsCMS', 12, NULL, NULL, NULL, NULL, NULL, 0, 0, '李小小', '18092738888', '8346888', 'madj8@163.com', '2018-08-08', NULL, 0);
INSERT INTO `cms_website` VALUES (1855726567776206, '批量网站2全称22', '批量站点2简称22', '127.0.2.22', 'test222', '127.0.2.20;127.0.2.21', '127.0.2.35;127.0.2.36;127.0.2.37;', '批量测试站点2', '测试,站点2', 1, 3, NULL, '/r/default/images/no_picture.gif', '/login', NULL, 1, 120, 120, '/r/default/images/watermark.png', 'www.lvxs.cn', 20, '#FF0000', 50, 1, 0, 0, 'LvxsCMS', 12, NULL, NULL, NULL, NULL, NULL, 0, 0, '李小小', '18092738888', '8346888', 'madj8@163.com', '2018-08-08', NULL, 0);
INSERT INTO `cms_website` VALUES (1855726917816368, '批量网站2全称23', '批量站点2简称23', '127.0.2.23', 'test223', '127.0.2.20;127.0.2.21', '127.0.2.35;127.0.2.36;127.0.2.37;', '批量测试站点2', '测试,站点2', 1, 3, NULL, '/r/default/images/no_picture.gif', '/login', NULL, 1, 120, 120, '/r/default/images/watermark.png', 'www.lvxs.cn', 20, '#FF0000', 50, 1, 0, 0, 'LvxsCMS', 12, NULL, NULL, NULL, NULL, NULL, 0, 0, '李小小', '18092738888', '8346888', 'madj8@163.com', '2018-08-08', NULL, 0);
INSERT INTO `cms_website` VALUES (1855727916753269, '批量网站2全称25', '批量站点2简称25', '127.0.2.25', 'test225', '127.0.2.20;127.0.2.21', '127.0.2.35;127.0.2.36;127.0.2.37;', '批量测试站点2', '测试,站点2', 1, 3, NULL, '/r/default/images/no_picture.gif', '/login', NULL, 1, 120, 120, '/r/default/images/watermark.png', 'www.lvxs.cn', 20, '#FF0000', 50, 1, 0, 0, 'LvxsCMS', 12, NULL, NULL, NULL, NULL, NULL, 0, 0, '李小小', '18092738888', '8346888', 'madj8@163.com', '2018-08-08', NULL, 0);
INSERT INTO `cms_website` VALUES (1855728693422897, '批量网站2全称26', '批量站点2简称26', '127.0.2.26', 'test226', '127.0.2.20;127.0.2.21', '127.0.2.35;127.0.2.36;127.0.2.37;', '批量测试站点2', '测试,站点2', 1, 3, NULL, '/r/default/images/no_picture.gif', '/login', NULL, 1, 120, 120, '/r/default/images/watermark.png', 'www.lvxs.cn', 20, '#FF0000', 50, 1, 0, 0, 'LvxsCMS', 12, NULL, NULL, NULL, NULL, NULL, 0, 0, '李小小', '18092738888', '8346888', 'madj8@163.com', '2018-08-08', NULL, 0);
INSERT INTO `cms_website` VALUES (1855729363962223, '批量网站2全称27', '批量站点2简称27', '127.0.2.27', 'test227', '127.0.2.20;127.0.2.21', '127.0.2.35;127.0.2.36;127.0.2.37;', '批量测试站点2', '测试,站点2', 1, 3, NULL, '/r/default/images/no_picture.gif', '/login', NULL, 1, 120, 120, '/r/default/images/watermark.png', 'www.lvxs.cn', 20, '#FF0000', 50, 1, 0, 0, 'LvxsCMS', 12, NULL, NULL, NULL, NULL, NULL, 0, 0, '李小小', '18092738888', '8346888', 'madj8@163.com', '2018-08-08', NULL, 0);
INSERT INTO `cms_website` VALUES (1855730028604461, '批量网站2全称28', '批量站点2简称28', '127.0.2.28', 'test228', '127.0.2.20;127.0.2.21', '127.0.2.35;127.0.2.36;127.0.2.37;', '批量测试站点2', '测试,站点2', 1, 3, NULL, '/r/default/images/no_picture.gif', '/login', NULL, 1, 120, 120, '/r/default/images/watermark.png', 'www.lvxs.cn', 20, '#FF0000', 50, 1, 0, 0, 'LvxsCMS', 12, NULL, NULL, NULL, NULL, NULL, 0, 0, '李小小', '18092738888', '8346888', 'madj8@163.com', '2018-08-08', NULL, 0);
INSERT INTO `cms_website` VALUES (1855730694751989, '批量网站2全称29', '批量站点2简称29', '127.0.2.29', 'test229', '127.0.2.20;127.0.2.21', '127.0.2.35;127.0.2.36;127.0.2.37;', '批量测试站点2', '测试,站点2', 1, 3, NULL, '/r/default/images/no_picture.gif', '/login', NULL, 1, 120, 120, '/r/default/images/watermark.png', 'www.lvxs.cn', 20, '#FF0000', 50, 1, 0, 0, 'LvxsCMS', 12, NULL, NULL, NULL, NULL, NULL, 0, 0, '李小小', '18092738888', '8346888', 'madj8@163.com', '2018-08-08', NULL, 0);
INSERT INTO `cms_website` VALUES (1855731581764128, '批量网站2全称30', '批量站点2简称30', '127.0.2.30', 'test230', '127.0.2.20;127.0.2.21', '127.0.2.35;127.0.2.36;127.0.2.37;', '批量测试站点2', '测试,站点2', 1, 3, NULL, '/r/default/images/no_picture.gif', '/login', NULL, 1, 120, 120, '/r/default/images/watermark.png', 'www.lvxs.cn', 20, '#FF0000', 50, 1, 0, 0, 'LvxsCMS', 12, NULL, NULL, NULL, NULL, NULL, 0, 0, '李小小', '18092738888', '8346888', 'madj8@163.com', '2018-08-08', NULL, 0);
INSERT INTO `cms_website` VALUES (1855732134528659, '批量网站2全称31', '批量站点2简称31', '127.0.2.31', 'test231', '127.0.2.20;127.0.2.21', '127.0.2.35;127.0.2.36;127.0.2.37;', '批量测试站点2', '测试,站点2', 1, 3, NULL, '/r/default/images/no_picture.gif', '/login', NULL, 1, 120, 120, '/r/default/images/watermark.png', 'www.lvxs.cn', 20, '#FF0000', 50, 1, 0, 0, 'LvxsCMS', 12, NULL, NULL, NULL, NULL, NULL, 0, 0, '李小小', '18092738888', '8346888', 'madj8@163.com', '2018-08-08', NULL, 0);
INSERT INTO `cms_website` VALUES (1855733089012962, '批量网站2全称32', '批量站点2简称32', '127.0.2.32', 'test232', '127.0.2.20;127.0.2.21', '127.0.2.35;127.0.2.36;127.0.2.37;', '批量测试站点2', '测试,站点2', 1, 3, NULL, '/r/default/images/no_picture.gif', '/login', NULL, 1, 120, 120, '/r/default/images/watermark.png', 'www.lvxs.cn', 20, '#FF0000', 50, 1, 0, 0, 'LvxsCMS', 12, NULL, NULL, NULL, NULL, NULL, 0, 0, '李小小', '18092738888', '8346888', 'madj8@163.com', '2018-08-08', NULL, 0);
INSERT INTO `cms_website` VALUES (1855734800183549, '批量网站2全称33', '批量站点2简称33', '127.0.2.33', 'test233', '127.0.2.20;127.0.2.21', '127.0.2.35;127.0.2.36;127.0.2.37;', '批量测试站点2', '测试,站点2', 1, 3, NULL, '/r/default/images/no_picture.gif', '/login', NULL, 1, 120, 120, '/r/default/images/watermark.png', 'www.lvxs.cn', 20, '#FF0000', 50, 1, 0, 0, 'LvxsCMS', 12, NULL, NULL, NULL, NULL, NULL, 0, 0, '李小小', '18092738888', '8346888', 'madj8@163.com', '2018-08-08', NULL, 0);
INSERT INTO `cms_website` VALUES (1855735351669440, '批量网站2全称35', '批量站点2简称35', '127.0.2.35', 'test235', '127.0.2.20;127.0.2.21', '127.0.2.35;127.0.2.36;127.0.2.37;', '批量测试站点2', '测试,站点2', 1, 3, NULL, '/r/default/images/no_picture.gif', '/login', NULL, 1, 120, 120, '/r/default/images/watermark.png', 'www.lvxs.cn', 20, '#FF0000', 50, 1, 0, 0, 'LvxsCMS', 12, NULL, NULL, NULL, NULL, NULL, 0, 0, '李小小', '18092738888', '8346888', 'madj8@163.com', '2018-08-08', NULL, 0);
INSERT INTO `cms_website` VALUES (1855735685788768, '批量网站2全称36', '批量站点2简称36', '127.0.2.36', 'test236', '127.0.2.20;127.0.2.21', '127.0.2.35;127.0.2.36;127.0.2.37;', '批量测试站点2', '测试,站点2', 1, 3, NULL, '/r/default/images/no_picture.gif', '/login', NULL, 1, 120, 120, '/r/default/images/watermark.png', 'www.lvxs.cn', 20, '#FF0000', 50, 1, 0, 0, 'LvxsCMS', 12, NULL, NULL, NULL, NULL, NULL, 0, 0, '李小小', '18092738888', '8346888', 'madj8@163.com', '2018-08-08', NULL, 0);
INSERT INTO `cms_website` VALUES (1855735998710258, '批量网站2全称37', '批量站点2简称37', '127.0.2.37', 'test237', '127.0.2.20;127.0.2.21', '127.0.2.35;127.0.2.36;127.0.2.37;', '批量测试站点2', '测试,站点2', 1, 3, NULL, '/r/default/images/no_picture.gif', '/login', NULL, 1, 120, 120, '/r/default/images/watermark.png', 'www.lvxs.cn', 20, '#FF0000', 50, 1, 0, 0, 'LvxsCMS', 12, NULL, NULL, NULL, NULL, NULL, 0, 0, '李小小', '18092738888', '8346888', 'madj8@163.com', '2018-08-08', NULL, 0);
INSERT INTO `cms_website` VALUES (1855736348605019, '批量网站2全称38', '批量站点2简称38', '127.0.2.38', 'test238', '127.0.2.20;127.0.2.21', '127.0.2.35;127.0.2.36;127.0.2.37;', '批量测试站点2', '测试,站点2', 1, 3, NULL, '/r/default/images/no_picture.gif', '/login', NULL, 1, 120, 120, '/r/default/images/watermark.png', 'www.lvxs.cn', 20, '#FF0000', 50, 1, 0, 0, 'LvxsCMS', 12, NULL, NULL, NULL, NULL, NULL, 0, 0, '李小小', '18092738888', '8346888', 'madj8@163.com', '2018-08-08', NULL, 0);
INSERT INTO `cms_website` VALUES (1855736552419857, '批量网站2全称39', '批量站点2简称39', '127.0.2.39', 'test239', '127.0.2.20;127.0.2.21', '127.0.2.35;127.0.2.36;127.0.2.37;', '批量测试站点2', '测试,站点2', 1, 3, NULL, '/r/default/images/no_picture.gif', '/login', NULL, 1, 120, 120, '/r/default/images/watermark.png', 'www.lvxs.cn', 20, '#FF0000', 50, 1, 0, 0, 'LvxsCMS', 12, NULL, NULL, NULL, NULL, NULL, 0, 0, '李小小', '18092738888', '8346888', 'madj8@163.com', '2018-08-08', NULL, 0);
INSERT INTO `cms_website` VALUES (1855739677148849, '批量网站2全称50', '批量站点2简称50', '127.0.2.50', 'test250', '127.0.2.20;127.0.2.21', '127.0.2.35;127.0.2.36;127.0.2.37;', '批量测试站点2', '测试,站点2', 1, 3, NULL, '/r/default/images/no_picture.gif', '/login', NULL, 1, 120, 120, '/r/default/images/watermark.png', 'www.lvxs.cn', 20, '#FF0000', 50, 1, 0, 0, 'LvxsCMS', 12, NULL, NULL, NULL, NULL, NULL, 0, 0, '李小小', '18092738888', '8346888', 'madj8@163.com', '2018-08-08', NULL, 0);
INSERT INTO `cms_website` VALUES (1855740121221523, '批量网站2全称51', '批量站点2简称51', '127.0.2.51', 'test251', '127.0.2.20;127.0.2.21', '127.0.2.35;127.0.2.36;127.0.2.37;', '批量测试站点2', '测试,站点2', 1, 3, NULL, '/r/default/images/no_picture.gif', '/login', NULL, 1, 120, 120, '/r/default/images/watermark.png', 'www.lvxs.cn', 20, '#FF0000', 50, 1, 0, 0, 'LvxsCMS', 12, NULL, NULL, NULL, NULL, NULL, 0, 0, '李小小', '18092738888', '8346888', 'madj8@163.com', '2018-08-08', NULL, 0);
INSERT INTO `cms_website` VALUES (1855740330428842, '批量网站2全称52', '批量站点2简称52', '127.0.2.52', 'test252', '127.0.2.20;127.0.2.21', '127.0.2.35;127.0.2.36;127.0.2.37;', '批量测试站点2', '测试,站点2', 1, 3, NULL, '/r/default/images/no_picture.gif', '/login', NULL, 1, 120, 120, '/r/default/images/watermark.png', 'www.lvxs.cn', 20, '#FF0000', 50, 1, 0, 0, 'LvxsCMS', 12, NULL, NULL, NULL, NULL, NULL, 0, 0, '李小小', '18092738888', '8346888', 'madj8@163.com', '2018-08-08', NULL, 0);
INSERT INTO `cms_website` VALUES (1855741344880317, '批量网站2全称53', '批量站点2简称53', '127.0.2.53', 'test253', '127.0.2.20;127.0.2.21', '127.0.2.35;127.0.2.36;127.0.2.37;', '批量测试站点2', '测试,站点2', 1, 3, NULL, '/r/default/images/no_picture.gif', '/login', NULL, 1, 120, 120, '/r/default/images/watermark.png', 'www.lvxs.cn', 20, '#FF0000', 50, 1, 0, 0, 'LvxsCMS', 12, NULL, NULL, NULL, NULL, NULL, 0, 0, '李小小', '18092738888', '8346888', 'madj8@163.com', '2018-08-08', NULL, 0);
INSERT INTO `cms_website` VALUES (1855741898158001, '批量网站2全称55', '批量站点2简称55', '127.0.2.55', 'test255', '127.0.2.20;127.0.2.21', '127.0.2.35;127.0.2.36;127.0.2.37;', '批量测试站点2', '测试,站点2', 1, 3, NULL, '/r/default/images/no_picture.gif', '/login', NULL, 1, 120, 120, '/r/default/images/watermark.png', 'www.lvxs.cn', 20, '#FF0000', 50, 1, 0, 0, 'LvxsCMS', 12, NULL, NULL, NULL, NULL, NULL, 0, 0, '李小小', '18092738888', '8346888', 'madj8@163.com', '2018-08-08', NULL, 0);
INSERT INTO `cms_website` VALUES (1855742212901219, '批量网站2全称56', '批量站点2简称56', '127.0.2.56', 'test256', '127.0.2.20;127.0.2.21', '127.0.2.35;127.0.2.36;127.0.2.37;', '批量测试站点2', '测试,站点2', 1, 3, NULL, '/r/default/images/no_picture.gif', '/login', NULL, 1, 120, 120, '/r/default/images/watermark.png', 'www.lvxs.cn', 20, '#FF0000', 50, 1, 0, 0, 'LvxsCMS', 12, NULL, NULL, NULL, NULL, NULL, 0, 0, '李小小', '18092738888', '8346888', 'madj8@163.com', '2018-08-08', NULL, 0);
INSERT INTO `cms_website` VALUES (1855742454052817, '批量网站2全称57', '批量站点2简称57', '127.0.2.57', 'test257', '127.0.2.20;127.0.2.21', '127.0.2.35;127.0.2.36;127.0.2.37;', '批量测试站点2', '测试,站点2', 1, 3, NULL, '/r/default/images/no_picture.gif', '/login', NULL, 1, 120, 120, '/r/default/images/watermark.png', 'www.lvxs.cn', 20, '#FF0000', 50, 1, 0, 0, 'LvxsCMS', 12, NULL, NULL, NULL, NULL, NULL, 0, 0, '李小小', '18092738888', '8346888', 'madj8@163.com', '2018-08-08', NULL, 0);
INSERT INTO `cms_website` VALUES (1855742894426467, '批量网站2全称58', '批量站点2简称58', '127.0.2.58', 'test258', '127.0.2.20;127.0.2.21', '127.0.2.35;127.0.2.36;127.0.2.37;', '批量测试站点2', '测试,站点2', 1, 3, NULL, '/r/default/images/no_picture.gif', '/login', NULL, 1, 120, 120, '/r/default/images/watermark.png', 'www.lvxs.cn', 20, '#FF0000', 50, 1, 0, 0, 'LvxsCMS', 12, NULL, NULL, NULL, NULL, NULL, 0, 0, '李小小', '18092738888', '8346888', 'madj8@163.com', '2018-08-08', NULL, 0);
INSERT INTO `cms_website` VALUES (1855743217966112, '批量网站2全称59', '批量站点2简称59', '127.0.2.59', 'test259', '127.0.2.20;127.0.2.21', '127.0.2.35;127.0.2.36;127.0.2.37;', '批量测试站点2', '测试,站点2', 1, 3, NULL, '/r/default/images/no_picture.gif', '/login', NULL, 1, 120, 120, '/r/default/images/watermark.png', 'www.lvxs.cn', 20, '#FF0000', 50, 1, 0, 0, 'LvxsCMS', 12, NULL, NULL, NULL, NULL, NULL, 0, 0, '李小小', '18092738888', '8346888', 'madj8@163.com', '2018-08-08', NULL, 0);
INSERT INTO `cms_website` VALUES (1855743452921298, '批量网站2全称60', '批量站点2简称60', '127.0.2.60', 'test260', '127.0.2.20;127.0.2.21', '127.0.2.35;127.0.2.36;127.0.2.37;', '批量测试站点2', '测试,站点2', 1, 3, NULL, '/r/default/images/no_picture.gif', '/login', NULL, 1, 120, 120, '/r/default/images/watermark.png', 'www.lvxs.cn', 20, '#FF0000', 50, 1, 0, 0, 'LvxsCMS', 12, NULL, NULL, NULL, NULL, NULL, 0, 0, '李小小', '18092738888', '8346888', 'madj8@163.com', '2018-08-08', NULL, 0);
INSERT INTO `cms_website` VALUES (1855743663411516, '批量网站2全称61', '批量站点2简称61', '127.0.2.61', 'test261', '127.0.2.20;127.0.2.21', '127.0.2.35;127.0.2.36;127.0.2.37;', '批量测试站点2', '测试,站点2', 1, 3, NULL, '/r/default/images/no_picture.gif', '/login', NULL, 1, 120, 120, '/r/default/images/watermark.png', 'www.lvxs.cn', 20, '#FF0000', 50, 1, 0, 0, 'LvxsCMS', 12, NULL, NULL, NULL, NULL, NULL, 0, 0, '李小小', '18092738888', '8346888', 'madj8@163.com', '2018-08-08', NULL, 0);
INSERT INTO `cms_website` VALUES (1855743893431797, '批量网站2全称62', '批量站点2简称62', '127.0.2.62', 'test262', '127.0.2.20;127.0.2.21', '127.0.2.35;127.0.2.36;127.0.2.37;', '批量测试站点2', '测试,站点2', 1, 3, NULL, '/r/default/images/no_picture.gif', '/login', NULL, 1, 120, 120, '/r/default/images/watermark.png', 'www.lvxs.cn', 20, '#FF0000', 50, 1, 0, 0, 'LvxsCMS', 12, NULL, NULL, NULL, NULL, NULL, 0, 0, '李小小', '18092738888', '8346888', 'madj8@163.com', '2018-08-08', NULL, 0);
INSERT INTO `cms_website` VALUES (1855744102091731, '批量网站2全称63', '批量站点2简称63', '127.0.2.63', 'test263', '127.0.2.20;127.0.2.21', '127.0.2.35;127.0.2.36;127.0.2.37;', '批量测试站点2', '测试,站点2', 1, 3, NULL, '/r/default/images/no_picture.gif', '/login', NULL, 1, 120, 120, '/r/default/images/watermark.png', 'www.lvxs.cn', 20, '#FF0000', 50, 1, 0, 0, 'LvxsCMS', 12, NULL, NULL, NULL, NULL, NULL, 0, 0, '李小小', '18092738888', '8346888', 'madj8@163.com', '2018-08-08', NULL, 0);
INSERT INTO `cms_website` VALUES (1855745006927673, '批量网站2全称65', '批量站点2简称65', '127.0.2.65', 'test265', '127.0.2.20;127.0.2.21', '127.0.2.35;127.0.2.36;127.0.2.37;', '批量测试站点2', '测试,站点2', 1, 3, NULL, '/r/default/images/no_picture.gif', '/login', NULL, 1, 120, 120, '/r/default/images/watermark.png', 'www.lvxs.cn', 20, '#FF0000', 50, 1, 0, 0, 'LvxsCMS', 12, NULL, NULL, NULL, NULL, NULL, 0, 0, '李小小', '18092738888', '8346888', 'madj8@163.com', '2018-08-08', NULL, 0);
INSERT INTO `cms_website` VALUES (1855745320268243, '批量网站2全称66', '批量站点2简称66', '127.0.2.66', 'test266', '127.0.2.20;127.0.2.21', '127.0.2.35;127.0.2.36;127.0.2.37;', '批量测试站点2', '测试,站点2', 1, 3, NULL, '/r/default/images/no_picture.gif', '/login', NULL, 1, 120, 120, '/r/default/images/watermark.png', 'www.lvxs.cn', 20, '#FF0000', 50, 1, 0, 0, 'LvxsCMS', 12, NULL, NULL, NULL, NULL, NULL, 0, 0, '李小小', '18092738888', '8346888', 'madj8@163.com', '2018-08-08', NULL, 0);
INSERT INTO `cms_website` VALUES (1855745670744581, '批量网站2全称67', '批量站点2简称67', '127.0.2.67', 'test267', '127.0.2.20;127.0.2.21', '127.0.2.35;127.0.2.36;127.0.2.37;', '批量测试站点2', '测试,站点2', 1, 3, NULL, '/r/default/images/no_picture.gif', '/login', NULL, 1, 120, 120, '/r/default/images/watermark.png', 'www.lvxs.cn', 20, '#FF0000', 50, 1, 0, 0, 'LvxsCMS', 12, NULL, NULL, NULL, NULL, NULL, 0, 0, '李小小', '18092738888', '8346888', 'madj8@163.com', '2018-08-08', NULL, 0);
INSERT INTO `cms_website` VALUES (1855745986501299, '批量网站2全称68', '批量站点2简称68', '127.0.2.68', 'test268', '127.0.2.20;127.0.2.21', '127.0.2.35;127.0.2.36;127.0.2.37;', '批量测试站点2', '测试,站点2', 1, 3, NULL, '/r/default/images/no_picture.gif', '/login', NULL, 1, 120, 120, '/r/default/images/watermark.png', 'www.lvxs.cn', 20, '#FF0000', 50, 1, 0, 0, 'LvxsCMS', 12, NULL, NULL, NULL, NULL, NULL, 0, 0, '李小小', '18092738888', '8346888', 'madj8@163.com', '2018-08-08', NULL, 0);
INSERT INTO `cms_website` VALUES (1855746334813809, '批量网站2全称69', '批量站点2简称69', '127.0.2.69', 'test269', '127.0.2.20;127.0.2.21', '127.0.2.35;127.0.2.36;127.0.2.37;', '批量测试站点2', '测试,站点2', 1, 3, NULL, '/r/default/images/no_picture.gif', '/login', NULL, 1, 120, 120, '/r/default/images/watermark.png', 'www.lvxs.cn', 20, '#FF0000', 50, 1, 0, 0, 'LvxsCMS', 12, NULL, NULL, NULL, NULL, NULL, 0, 0, '李小小', '18092738888', '8346888', 'madj8@163.com', '2018-08-08', NULL, 0);
INSERT INTO `cms_website` VALUES (1855746649291889, '批量网站2全称70', '批量站点2简称70', '127.0.2.70', 'test270', '127.0.2.20;127.0.2.21', '127.0.2.35;127.0.2.36;127.0.2.37;', '批量测试站点2', '测试,站点2', 1, 3, NULL, '/r/default/images/no_picture.gif', '/login', NULL, 1, 120, 120, '/r/default/images/watermark.png', 'www.lvxs.cn', 20, '#FF0000', 50, 1, 0, 0, 'LvxsCMS', 12, NULL, NULL, NULL, NULL, NULL, 0, 0, '李小小', '18092738888', '8346888', 'madj8@163.com', '2018-08-08', NULL, 0);
INSERT INTO `cms_website` VALUES (1855747001418896, '批量网站2全称71', '批量站点2简称71', '127.0.2.71', 'test271', '127.0.2.20;127.0.2.21', '127.0.2.35;127.0.2.36;127.0.2.37;', '批量测试站点2', '测试,站点2', 1, 3, NULL, '/r/default/images/no_picture.gif', '/login', NULL, 1, 120, 120, '/r/default/images/watermark.png', 'www.lvxs.cn', 20, '#FF0000', 50, 1, 0, 0, 'LvxsCMS', 12, NULL, NULL, NULL, NULL, NULL, 0, 0, '李小小', '18092738888', '8346888', 'madj8@163.com', '2018-08-08', NULL, 0);
INSERT INTO `cms_website` VALUES (1855747315110124, '批量网站2全称72', '批量站点2简称72', '127.0.2.72', 'test272', '127.0.2.20;127.0.2.21', '127.0.2.35;127.0.2.36;127.0.2.37;', '批量测试站点2', '测试,站点2', 1, 3, NULL, '/r/default/images/no_picture.gif', '/login', NULL, 1, 120, 120, '/r/default/images/watermark.png', 'www.lvxs.cn', 20, '#FF0000', 50, 1, 0, 0, 'LvxsCMS', 12, NULL, NULL, NULL, NULL, NULL, 0, 0, '李小小', '18092738888', '8346888', 'madj8@163.com', '2018-08-08', NULL, 0);
INSERT INTO `cms_website` VALUES (1855747777806286, '批量网站2全称73', '批量站点2简称73', '127.0.2.73', 'test273', '127.0.2.20;127.0.2.21', '127.0.2.35;127.0.2.36;127.0.2.37;', '批量测试站点2', '测试,站点2', 1, 3, NULL, '/r/default/images/no_picture.gif', '/login', NULL, 1, 120, 120, '/r/default/images/watermark.png', 'www.lvxs.cn', 20, '#FF0000', 50, 1, 0, 0, 'LvxsCMS', 12, NULL, NULL, NULL, NULL, NULL, 0, 0, '李小小', '18092738888', '8346888', 'madj8@163.com', '2018-08-08', NULL, 0);
INSERT INTO `cms_website` VALUES (1855748444223213, '批量网站2全称75', '批量站点2简称75', '127.0.2.75', 'test275', '127.0.2.20;127.0.2.21', '127.0.2.35;127.0.2.36;127.0.2.37;', '批量测试站点2', '测试,站点2', 1, 3, NULL, '/r/default/images/no_picture.gif', '/login', NULL, 1, 120, 120, '/r/default/images/watermark.png', 'www.lvxs.cn', 20, '#FF0000', 50, 1, 0, 0, 'LvxsCMS', 12, NULL, NULL, NULL, NULL, NULL, 0, 0, '李小小', '18092738888', '8346888', 'madj8@163.com', '2018-08-08', NULL, 0);
INSERT INTO `cms_website` VALUES (1855748760578601, '批量网站2全称76', '批量站点2简称76', '127.0.2.76', 'test276', '127.0.2.20;127.0.2.21', '127.0.2.35;127.0.2.36;127.0.2.37;', '批量测试站点2', '测试,站点2', 1, 3, NULL, '/r/default/images/no_picture.gif', '/login', NULL, 1, 120, 120, '/r/default/images/watermark.png', 'www.lvxs.cn', 20, '#FF0000', 50, 1, 0, 0, 'LvxsCMS', 12, NULL, NULL, NULL, NULL, NULL, 0, 0, '李小小', '18092738888', '8346888', 'madj8@163.com', '2018-08-08', NULL, 0);
INSERT INTO `cms_website` VALUES (1855749108822694, '批量网站2全称77', '批量站点2简称77', '127.0.2.77', 'test277', '127.0.2.20;127.0.2.21', '127.0.2.35;127.0.2.36;127.0.2.37;', '批量测试站点2', '测试,站点2', 1, 3, NULL, '/r/default/images/no_picture.gif', '/login', NULL, 1, 120, 120, '/r/default/images/watermark.png', 'www.lvxs.cn', 20, '#FF0000', 50, 1, 0, 0, 'LvxsCMS', 12, NULL, NULL, NULL, NULL, NULL, 0, 0, '李小小', '18092738888', '8346888', 'madj8@163.com', '2018-08-08', NULL, 0);
INSERT INTO `cms_website` VALUES (1855749422394182, '批量网站2全称78', '批量站点2简称78', '127.0.2.78', 'test278', '127.0.2.20;127.0.2.21', '127.0.2.35;127.0.2.36;127.0.2.37;', '批量测试站点2', '测试,站点2', 1, 3, NULL, '/r/default/images/no_picture.gif', '/login', NULL, 1, 120, 120, '/r/default/images/watermark.png', 'www.lvxs.cn', 20, '#FF0000', 50, 1, 0, 0, 'LvxsCMS', 12, NULL, NULL, NULL, NULL, NULL, 0, 0, '李小小', '18092738888', '8346888', 'madj8@163.com', '2018-08-08', NULL, 0);
INSERT INTO `cms_website` VALUES (1855749772468559, '批量网站2全称79', '批量站点2简称79', '127.0.2.79', 'test279', '127.0.2.20;127.0.2.21', '127.0.2.35;127.0.2.36;127.0.2.37;', '批量测试站点2', '测试,站点2', 1, 3, NULL, '/r/default/images/no_picture.gif', '/login', NULL, 1, 120, 120, '/r/default/images/watermark.png', 'www.lvxs.cn', 20, '#FF0000', 50, 1, 0, 0, 'LvxsCMS', 12, NULL, NULL, NULL, NULL, NULL, 0, 0, '李小小', '18092738888', '8346888', 'madj8@163.com', '2018-08-08', NULL, 0);
INSERT INTO `cms_website` VALUES (1855750219192576, '批量网站2全称80', '批量站点2简称80', '127.0.2.80', 'test280', '127.0.2.20;127.0.2.21', '127.0.2.35;127.0.2.36;127.0.2.37;', '批量测试站点2', '测试,站点2', 1, 3, NULL, '/r/default/images/no_picture.gif', '/login', NULL, 1, 120, 120, '/r/default/images/watermark.png', 'www.lvxs.cn', 20, '#FF0000', 50, 1, 0, 0, 'LvxsCMS', 12, NULL, NULL, NULL, NULL, NULL, 0, 0, '李小小', '18092738888', '8346888', 'madj8@163.com', '2018-08-08', NULL, 0);
INSERT INTO `cms_website` VALUES (1855750757473124, '批量网站2全称81', '批量站点2简称81', '127.0.2.81', 'test281', '127.0.2.20;127.0.2.21', '127.0.2.35;127.0.2.36;127.0.2.37;', '批量测试站点2', '测试,站点2', 1, 3, NULL, '/r/default/images/no_picture.gif', '/login', NULL, 1, 120, 120, '/r/default/images/watermark.png', 'www.lvxs.cn', 20, '#FF0000', 50, 1, 0, 0, 'LvxsCMS', 12, NULL, NULL, NULL, NULL, NULL, 0, 0, '李小小', '18092738888', '8346888', 'madj8@163.com', '2018-08-08', NULL, 0);
INSERT INTO `cms_website` VALUES (1855751107188274, '批量网站2全称82', '批量站点2简称82', '127.0.2.82', 'test282', '127.0.2.20;127.0.2.21', '127.0.2.35;127.0.2.36;127.0.2.37;', '批量测试站点2', '测试,站点2', 1, 3, NULL, '/r/default/images/no_picture.gif', '/login', NULL, 1, 120, 120, '/r/default/images/watermark.png', 'www.lvxs.cn', 20, '#FF0000', 50, 1, 0, 0, 'LvxsCMS', 12, NULL, NULL, NULL, NULL, NULL, 0, 0, '李小小', '18092738888', '8346888', 'madj8@163.com', '2018-08-08', NULL, 0);
INSERT INTO `cms_website` VALUES (1855751422042675, '批量网站2全称83', '批量站点2简称83', '127.0.2.83', 'test283', '127.0.2.20;127.0.2.21', '127.0.2.35;127.0.2.36;127.0.2.37;', '批量测试站点2', '测试,站点2', 1, 3, NULL, '/r/default/images/no_picture.gif', '/login', NULL, 1, 120, 120, '/r/default/images/watermark.png', 'www.lvxs.cn', 20, '#FF0000', 50, 1, 0, 0, 'LvxsCMS', 12, NULL, NULL, NULL, NULL, NULL, 0, 0, '李小小', '18092738888', '8346888', 'madj8@163.com', '2018-08-08', NULL, 0);
INSERT INTO `cms_website` VALUES (1855752085628670, '批量网站2全称85', '批量站点2简称85', '127.0.2.85', 'test285', '127.0.2.20;127.0.2.21', '127.0.2.35;127.0.2.36;127.0.2.37;', '批量测试站点2', '测试,站点2', 1, 3, NULL, '/r/default/images/no_picture.gif', '/login', NULL, 1, 120, 120, '/r/default/images/watermark.png', 'www.lvxs.cn', 20, '#FF0000', 50, 1, 0, 0, 'LvxsCMS', 12, NULL, NULL, NULL, NULL, NULL, 0, 0, '李小小', '18092738888', '8346888', 'madj8@163.com', '2018-08-08', NULL, 0);
INSERT INTO `cms_website` VALUES (1855752436246130, '批量网站2全称86', '批量站点2简称86', '127.0.2.86', 'test286', '127.0.2.20;127.0.2.21', '127.0.2.35;127.0.2.36;127.0.2.37;', '批量测试站点2', '测试,站点2', 1, 3, NULL, '/r/default/images/no_picture.gif', '/login', NULL, 1, 120, 120, '/r/default/images/watermark.png', 'www.lvxs.cn', 20, '#FF0000', 50, 1, 0, 0, 'LvxsCMS', 12, NULL, NULL, NULL, NULL, NULL, 0, 0, '李小小', '18092738888', '8346888', 'madj8@163.com', '2018-08-08', NULL, 0);
INSERT INTO `cms_website` VALUES (1855752994018246, '批量网站2全称87', '批量站点2简称87', '127.0.2.87', 'test287', '127.0.2.20;127.0.2.21', '127.0.2.35;127.0.2.36;127.0.2.37;', '批量测试站点2', '测试,站点2', 1, 3, NULL, '/r/default/images/no_picture.gif', '/login', NULL, 1, 120, 120, '/r/default/images/watermark.png', 'www.lvxs.cn', 20, '#FF0000', 50, 1, 0, 0, 'LvxsCMS', 12, NULL, NULL, NULL, NULL, NULL, 0, 0, '李小小', '18092738888', '8346888', 'madj8@163.com', '2018-08-08', NULL, 0);
INSERT INTO `cms_website` VALUES (1855753302958464, '批量网站2全称88', '批量站点2简称88', '127.0.2.88', 'test288', '127.0.2.20;127.0.2.21', '127.0.2.35;127.0.2.36;127.0.2.37;', '批量测试站点2', '测试,站点2', 1, 3, NULL, '/r/default/images/no_picture.gif', '/login', NULL, 1, 120, 120, '/r/default/images/watermark.png', 'www.lvxs.cn', 20, '#FF0000', 50, 1, 0, 0, 'LvxsCMS', 12, NULL, NULL, NULL, NULL, NULL, 0, 0, '李小小', '18092738888', '8346888', 'madj8@163.com', '2018-08-08', NULL, 0);
INSERT INTO `cms_website` VALUES (1855753659742414, '批量网站2全称89', '批量站点2简称89', '127.0.2.89', 'test289', '127.0.2.20;127.0.2.21', '127.0.2.35;127.0.2.36;127.0.2.37;', '批量测试站点2', '测试,站点2', 1, 3, NULL, '/r/default/images/no_picture.gif', '/login', NULL, 1, 120, 120, '/r/default/images/watermark.png', 'www.lvxs.cn', 20, '#FF0000', 50, 1, 0, 0, 'LvxsCMS', 12, NULL, NULL, NULL, NULL, NULL, 0, 0, '李小小', '18092738888', '8346888', 'madj8@163.com', '2018-08-08', NULL, 0);
INSERT INTO `cms_website` VALUES (1855753967728999, '批量网站2全称90', '批量站点2简称90', '127.0.2.90', 'test290', '127.0.2.20;127.0.2.21', '127.0.2.35;127.0.2.36;127.0.2.37;', '批量测试站点2', '测试,站点2', 1, 3, NULL, '/r/default/images/no_picture.gif', '/login', NULL, 1, 120, 120, '/r/default/images/watermark.png', 'www.lvxs.cn', 20, '#FF0000', 50, 1, 0, 0, 'LvxsCMS', 12, NULL, NULL, NULL, NULL, NULL, 0, 0, '李小小', '18092738888', '8346888', 'madj8@163.com', '2018-08-08', NULL, 0);
INSERT INTO `cms_website` VALUES (1855754325013279, '批量网站2全称91', '批量站点2简称91', '127.0.2.91', 'test291', '127.0.2.20;127.0.2.21', '127.0.2.35;127.0.2.36;127.0.2.37;', '批量测试站点2', '测试,站点2', 1, 3, NULL, '/r/default/images/no_picture.gif', '/login', NULL, 1, 120, 120, '/r/default/images/watermark.png', 'www.lvxs.cn', 20, '#FF0000', 50, 1, 0, 0, 'LvxsCMS', 12, NULL, NULL, NULL, NULL, NULL, 0, 0, '李小小', '18092738888', '8346888', 'madj8@163.com', '2018-08-08', NULL, 0);
INSERT INTO `cms_website` VALUES (1855754635167979, '批量网站2全称92', '批量站点2简称92', '127.0.2.92', 'test292', '127.0.2.20;127.0.2.21', '127.0.2.35;127.0.2.36;127.0.2.37;', '批量测试站点2', '测试,站点2', 1, 3, NULL, '/r/default/images/no_picture.gif', '/login', NULL, 1, 120, 120, '/r/default/images/watermark.png', 'www.lvxs.cn', 20, '#FF0000', 50, 1, 0, 0, 'LvxsCMS', 12, NULL, NULL, NULL, NULL, NULL, 0, 0, '李小小', '18092738888', '8346888', 'madj8@163.com', '2018-08-08', NULL, 0);
INSERT INTO `cms_website` VALUES (1855755545960861, '批量网站2全称93', '批量站点2简称93', '127.0.2.93', 'test293', '127.0.2.20;127.0.2.21', '127.0.2.35;127.0.2.36;127.0.2.37;', '批量测试站点2', '测试,站点2', 1, 3, NULL, '/r/default/images/no_picture.gif', '/login', NULL, 1, 120, 120, '/r/default/images/watermark.png', 'www.lvxs.cn', 20, '#FF0000', 50, 1, 0, 0, 'LvxsCMS', 12, NULL, NULL, NULL, NULL, NULL, 0, 0, '李小小', '18092738888', '8346888', 'madj8@163.com', '2018-08-08', NULL, 0);
INSERT INTO `cms_website` VALUES (1855756296283941, '批量网站2全称95', '批量站点2简称95', '127.0.2.95', 'test295', '127.0.2.20;127.0.2.21', '127.0.2.35;127.0.2.36;127.0.2.37;', '批量测试站点2', '测试,站点2', 1, 3, NULL, '/r/default/images/no_picture.gif', '/login', NULL, 1, 120, 120, '/r/default/images/watermark.png', 'www.lvxs.cn', 20, '#FF0000', 50, 1, 0, 0, 'LvxsCMS', 12, NULL, NULL, NULL, NULL, NULL, 0, 0, '李小小', '18092738888', '8346888', 'madj8@163.com', '2018-08-08', NULL, 0);
INSERT INTO `cms_website` VALUES (1855756652041568, '批量网站2全称96', '批量站点2简称96', '127.0.2.96', 'test296', '127.0.2.20;127.0.2.21', '127.0.2.35;127.0.2.36;127.0.2.37;', '批量测试站点2', '测试,站点2', 1, 3, NULL, '/r/default/images/no_picture.gif', '/login', NULL, 1, 120, 120, '/r/default/images/watermark.png', 'www.lvxs.cn', 20, '#FF0000', 50, 1, 0, 0, 'LvxsCMS', 12, NULL, NULL, NULL, NULL, NULL, 0, 0, '李小小', '18092738888', '8346888', 'madj8@163.com', '2018-08-08', NULL, 0);
INSERT INTO `cms_website` VALUES (1855757875311219, '批量网站2全称97', '批量站点2简称97', '127.0.2.97', 'test297', '127.0.2.20;127.0.2.21', '127.0.2.35;127.0.2.36;127.0.2.37;', '批量测试站点2', '测试,站点2', 1, 3, NULL, '/r/default/images/no_picture.gif', '/login', NULL, 1, 120, 120, '/r/default/images/watermark.png', 'www.lvxs.cn', 20, '#FF0000', 50, 1, 0, 0, 'LvxsCMS', 12, NULL, NULL, NULL, NULL, NULL, 0, 0, '李小小', '18092738888', '8346888', 'madj8@163.com', '2018-08-08', NULL, 0);
INSERT INTO `cms_website` VALUES (1855758183357670, '批量网站2全称98', '批量站点2简称98', '127.0.2.98', 'test298', '127.0.2.20;127.0.2.21', '127.0.2.35;127.0.2.36;127.0.2.37;', '批量测试站点2', '测试,站点2', 1, 3, NULL, '/r/default/images/no_picture.gif', '/login', NULL, 1, 120, 120, '/r/default/images/watermark.png', 'www.lvxs.cn', 20, '#FF0000', 50, 1, 0, 0, 'LvxsCMS', 12, NULL, NULL, NULL, NULL, NULL, 0, 0, '李小小', '18092738888', '8346888', 'madj8@163.com', '2018-08-08', NULL, 0);
INSERT INTO `cms_website` VALUES (1855758540877147, '批量网站2全称99', '批量站点2简称99', '127.0.2.99', 'test299', '127.0.2.20;127.0.2.21', '127.0.2.35;127.0.2.36;127.0.2.37;', '批量测试站点2', '测试,站点2', 1, 3, NULL, '/r/default/images/no_picture.gif', '/login', NULL, 1, 120, 120, '/r/default/images/watermark.png', 'www.lvxs.cn', 20, '#FF0000', 50, 1, 0, 0, 'LvxsCMS', 12, NULL, NULL, NULL, NULL, NULL, 0, 0, '李小小', '18092738888', '8346888', 'madj8@163.com', '2018-08-08', NULL, 0);
INSERT INTO `cms_website` VALUES (1855758849218660, '批量网站2全称100', '批量站点2简称100', '127.0.2.100', 'test2100', '127.0.2.20;127.0.2.21', '127.0.2.35;127.0.2.36;127.0.2.37;', '批量测试站点2', '测试,站点2', 1, 3, NULL, '/r/default/images/no_picture.gif', '/login', NULL, 1, 120, 120, '/r/default/images/watermark.png', 'www.lvxs.cn', 20, '#FF0000', 50, 1, 0, 0, 'LvxsCMS', 12, NULL, NULL, NULL, NULL, NULL, 0, 0, '李小小', '18092738888', '8346888', 'madj8@163.com', '2018-08-08', NULL, 0);
INSERT INTO `cms_website` VALUES (1855759094099243, '批量网站2全称101', '批量站点2简称101', '127.0.2.101', 'test2101', '127.0.2.20;127.0.2.21', '127.0.2.35;127.0.2.36;127.0.2.37;', '批量测试站点2', '测试,站点2', 1, 3, NULL, '/r/default/images/no_picture.gif', '/login', NULL, 1, 120, 120, '/r/default/images/watermark.png', 'www.lvxs.cn', 20, '#FF0000', 50, 1, 0, 0, 'LvxsCMS', 12, NULL, NULL, NULL, NULL, NULL, 0, 0, '李小小', '18092738888', '8346888', 'madj8@163.com', '2018-08-08', NULL, 0);
INSERT INTO `cms_website` VALUES (1855759513933617, '批量网站2全称102', '批量站点2简称102', '127.0.2.102', 'test2102', '127.0.2.20;127.0.2.21', '127.0.2.35;127.0.2.36;127.0.2.37;', '批量测试站点2', '测试,站点2', 1, 3, NULL, '/r/default/images/no_picture.gif', '/login', NULL, 1, 120, 120, '/r/default/images/watermark.png', 'www.lvxs.cn', 20, '#FF0000', 50, 1, 0, 0, 'LvxsCMS', 12, NULL, NULL, NULL, NULL, NULL, 0, 0, '李小小', '18092738888', '8346888', 'madj8@163.com', '2018-08-08', NULL, 0);
INSERT INTO `cms_website` VALUES (1855759761217495, '批量网站2全称103', '批量站点2简称103', '127.0.2.103', 'test2103', '127.0.2.20;127.0.2.21', '127.0.2.35;127.0.2.36;127.0.2.37;', '批量测试站点2', '测试,站点2', 1, 3, NULL, '/r/default/images/no_picture.gif', '/login', NULL, 1, 120, 120, '/r/default/images/watermark.png', 'www.lvxs.cn', 20, '#FF0000', 50, 1, 0, 0, 'LvxsCMS', 12, NULL, NULL, NULL, NULL, NULL, 0, 0, '李小小', '18092738888', '8346888', 'madj8@163.com', '2018-08-08', NULL, 0);
INSERT INTO `cms_website` VALUES (1855760426364341, '批量网站2全称105', '批量站点2简称105', '127.0.2.105', 'test2105', '127.0.2.20;127.0.2.21', '127.0.2.35;127.0.2.36;127.0.2.37;', '批量测试站点2', '测试,站点2', 1, 3, NULL, '/r/default/images/no_picture.gif', '/login', NULL, 1, 120, 120, '/r/default/images/watermark.png', 'www.lvxs.cn', 20, '#FF0000', 50, 1, 0, 0, 'LvxsCMS', 12, NULL, NULL, NULL, NULL, NULL, 0, 0, '李小小', '18092738888', '8346888', 'madj8@163.com', '2018-08-08', NULL, 0);
INSERT INTO `cms_website` VALUES (1855760737057851, '批量网站2全称106', '批量站点2简称106', '127.0.2.106', 'test2106', '127.0.2.20;127.0.2.21', '127.0.2.35;127.0.2.36;127.0.2.37;', '批量测试站点2', '测试,站点2', 1, 3, NULL, '/r/default/images/no_picture.gif', '/login', NULL, 1, 120, 120, '/r/default/images/watermark.png', 'www.lvxs.cn', 20, '#FF0000', 50, 1, 0, 0, 'LvxsCMS', 12, NULL, NULL, NULL, NULL, NULL, 0, 0, '李小小', '18092738888', '8346888', 'madj8@163.com', '2018-08-08', NULL, 0);
INSERT INTO `cms_website` VALUES (1855760979064727, '批量网站2全称107', '批量站点2简称107', '127.0.2.107', 'test2107', '127.0.2.20;127.0.2.21', '127.0.2.35;127.0.2.36;127.0.2.37;', '批量测试站点2', '测试,站点2', 1, 3, NULL, '/r/default/images/no_picture.gif', '/login', NULL, 1, 120, 120, '/r/default/images/watermark.png', 'www.lvxs.cn', 20, '#FF0000', 50, 1, 0, 0, 'LvxsCMS', 12, NULL, NULL, NULL, NULL, NULL, 0, 0, '李小小', '18092738888', '8346888', 'madj8@163.com', '2018-08-08', NULL, 0);
INSERT INTO `cms_website` VALUES (1855761288107577, '批量网站2全称108', '批量站点2简称108', '127.0.2.108', 'test2108', '127.0.2.20;127.0.2.21', '127.0.2.35;127.0.2.36;127.0.2.37;', '批量测试站点2', '测试,站点2', 1, 3, NULL, '/r/default/images/no_picture.gif', '/login', NULL, 1, 120, 120, '/r/default/images/watermark.png', 'www.lvxs.cn', 20, '#FF0000', 50, 1, 0, 0, 'LvxsCMS', 12, NULL, NULL, NULL, NULL, NULL, 0, 0, '李小小', '18092738888', '8346888', 'madj8@163.com', '2018-08-08', NULL, 0);
INSERT INTO `cms_website` VALUES (1855761645075402, '批量网站2全称109', '批量站点2简称109', '127.0.2.109', 'test2109', '127.0.2.20;127.0.2.21', '127.0.2.35;127.0.2.36;127.0.2.37;', '批量测试站点2', '测试,站点2', 1, 3, NULL, '/r/default/images/no_picture.gif', '/login', NULL, 1, 120, 120, '/r/default/images/watermark.png', 'www.lvxs.cn', 20, '#FF0000', 50, 1, 0, 0, 'LvxsCMS', 12, NULL, NULL, NULL, NULL, NULL, 0, 0, '李小小', '18092738888', '8346888', 'madj8@163.com', '2018-08-08', NULL, 0);
INSERT INTO `cms_website` VALUES (1855761956850833, '批量网站2全称110', '批量站点2简称110', '127.0.2.110', 'test2110', '127.0.2.20;127.0.2.21', '127.0.2.35;127.0.2.36;127.0.2.37;', '批量测试站点2', '测试,站点2', 1, 3, NULL, '/r/default/images/no_picture.gif', '/login', NULL, 1, 120, 120, '/r/default/images/watermark.png', 'www.lvxs.cn', 20, '#FF0000', 50, 1, 0, 0, 'LvxsCMS', 12, NULL, NULL, NULL, NULL, NULL, 0, 0, '李小小', '18092738888', '8346888', 'madj8@163.com', '2018-08-08', NULL, 0);
INSERT INTO `cms_website` VALUES (1855762311466673, '批量网站2全称111', '批量站点2简称111', '127.0.2.111', 'test2111', '127.0.2.20;127.0.2.21', '127.0.2.35;127.0.2.36;127.0.2.37;', '批量测试站点2', '测试,站点2', 1, 3, NULL, '/r/default/images/no_picture.gif', '/login', NULL, 1, 120, 120, '/r/default/images/watermark.png', 'www.lvxs.cn', 20, '#FF0000', 50, 1, 0, 0, 'LvxsCMS', 12, NULL, NULL, NULL, NULL, NULL, 0, 0, '李小小', '18092738888', '8346888', 'madj8@163.com', '2018-08-08', NULL, 0);
INSERT INTO `cms_website` VALUES (1855762619662803, '批量网站2全称112', '批量站点2简称112', '127.0.2.112', 'test2112', '127.0.2.20;127.0.2.21', '127.0.2.35;127.0.2.36;127.0.2.37;', '批量测试站点2', '测试,站点2', 1, 3, NULL, '/r/default/images/no_picture.gif', '/login', NULL, 1, 120, 120, '/r/default/images/watermark.png', 'www.lvxs.cn', 20, '#FF0000', 50, 1, 0, 0, 'LvxsCMS', 12, NULL, NULL, NULL, NULL, NULL, 0, 0, '李小小', '18092738888', '8346888', 'madj8@163.com', '2018-08-08', NULL, 0);
INSERT INTO `cms_website` VALUES (1855762864817069, '批量网站2全称113', '批量站点2简称113', '127.0.2.113', 'test2113', '127.0.2.20;127.0.2.21', '127.0.2.35;127.0.2.36;127.0.2.37;', '批量测试站点2', '测试,站点2', 1, 3, NULL, '/r/default/images/no_picture.gif', '/login', NULL, 1, 120, 120, '/r/default/images/watermark.png', 'www.lvxs.cn', 20, '#FF0000', 50, 1, 0, 0, 'LvxsCMS', 12, NULL, NULL, NULL, NULL, NULL, 0, 0, '李小小', '18092738888', '8346888', 'madj8@163.com', '2018-08-08', NULL, 0);
INSERT INTO `cms_website` VALUES (1855763419792467, '批量网站2全称115', '批量站点2简称115', '127.0.2.115', 'test2115', '127.0.2.20;127.0.2.21', '127.0.2.35;127.0.2.36;127.0.2.37;', '批量测试站点2', '测试,站点2', 1, 3, NULL, '/r/default/images/no_picture.gif', '/login', NULL, 1, 120, 120, '/r/default/images/watermark.png', 'www.lvxs.cn', 20, '#FF0000', 50, 1, 0, 0, 'LvxsCMS', 12, NULL, NULL, NULL, NULL, NULL, 0, 0, '李小小', '18092738888', '8346888', 'madj8@163.com', '2018-08-08', NULL, 0);
INSERT INTO `cms_website` VALUES (1855763839832097, '批量网站2全称116', '批量站点2简称116', '127.0.2.116', 'test2116', '127.0.2.20;127.0.2.21', '127.0.2.35;127.0.2.36;127.0.2.37;', '批量测试站点2', '测试,站点2', 1, 3, NULL, '/r/default/images/no_picture.gif', '/login', NULL, 1, 120, 120, '/r/default/images/watermark.png', 'www.lvxs.cn', 20, '#FF0000', 50, 1, 0, 0, 'LvxsCMS', 12, NULL, NULL, NULL, NULL, NULL, 0, 0, '李小小', '18092738888', '8346888', 'madj8@163.com', '2018-08-08', NULL, 0);
INSERT INTO `cms_website` VALUES (1855764196722953, '批量网站2全称117', '批量站点2简称117', '127.0.2.117', 'test2117', '127.0.2.20;127.0.2.21', '127.0.2.35;127.0.2.36;127.0.2.37;', '批量测试站点2', '测试,站点2', 1, 3, NULL, '/r/default/images/no_picture.gif', '/login', NULL, 1, 120, 120, '/r/default/images/watermark.png', 'www.lvxs.cn', 20, '#FF0000', 50, 1, 0, 0, 'LvxsCMS', 12, NULL, NULL, NULL, NULL, NULL, 0, 0, '李小小', '18092738888', '8346888', 'madj8@163.com', '2018-08-08', NULL, 0);
INSERT INTO `cms_website` VALUES (1855764508652321, '批量网站2全称118', '批量站点2简称118', '127.0.2.118', 'test2118', '127.0.2.20;127.0.2.21', '127.0.2.35;127.0.2.36;127.0.2.37;', '批量测试站点2', '测试,站点2', 1, 3, NULL, '/r/default/images/no_picture.gif', '/login', NULL, 1, 120, 120, '/r/default/images/watermark.png', 'www.lvxs.cn', 20, '#FF0000', 50, 1, 0, 0, 'LvxsCMS', 12, NULL, NULL, NULL, NULL, NULL, 0, 0, '李小小', '18092738888', '8346888', 'madj8@163.com', '2018-08-08', NULL, 0);
INSERT INTO `cms_website` VALUES (1855764753990479, '批量网站2全称119', '批量站点2简称119', '127.0.2.119', 'test2119', '127.0.2.20;127.0.2.21', '127.0.2.35;127.0.2.36;127.0.2.37;', '批量测试站点2', '测试,站点2', 1, 3, NULL, '/r/default/images/no_picture.gif', '/login', NULL, 1, 120, 120, '/r/default/images/watermark.png', 'www.lvxs.cn', 20, '#FF0000', 50, 1, 0, 0, 'LvxsCMS', 12, NULL, NULL, NULL, NULL, NULL, 0, 0, '李小小', '18092738888', '8346888', 'madj8@163.com', '2018-08-08', NULL, 0);
INSERT INTO `cms_website` VALUES (1855765060493160, '批量网站2全称120', '批量站点2简称120', '127.0.2.120', 'test2120', '127.0.2.20;127.0.2.21', '127.0.2.35;127.0.2.36;127.0.2.37;', '批量测试站点2', '测试,站点2', 1, 3, NULL, '/r/default/images/no_picture.gif', '/login', NULL, 1, 120, 120, '/r/default/images/watermark.png', 'www.lvxs.cn', 20, '#FF0000', 50, 1, 0, 0, 'LvxsCMS', 12, NULL, NULL, NULL, NULL, NULL, 0, 0, '李小小', '18092738888', '8346888', 'madj8@163.com', '2018-08-08', NULL, 0);
INSERT INTO `cms_website` VALUES (1855765305839861, '批量网站2全称121', '批量站点2简称121', '127.0.2.121', 'test2121', '127.0.2.20;127.0.2.21', '127.0.2.35;127.0.2.36;127.0.2.37;', '批量测试站点2', '测试,站点2', 1, 3, NULL, '/r/default/images/no_picture.gif', '/login', NULL, 1, 120, 120, '/r/default/images/watermark.png', 'www.lvxs.cn', 20, '#FF0000', 50, 1, 0, 0, 'LvxsCMS', 12, NULL, NULL, NULL, NULL, NULL, 0, 0, '李小小', '18092738888', '8346888', 'madj8@163.com', '2018-08-08', NULL, 0);
INSERT INTO `cms_website` VALUES (1855765838663792, '批量网站2全称122', '批量站点2简称122', '127.0.2.122', 'test2122', '127.0.2.20;127.0.2.21', '127.0.2.35;127.0.2.36;127.0.2.37;', '批量测试站点2', '测试,站点2', 1, 3, NULL, '/r/default/images/no_picture.gif', '/login', NULL, 1, 120, 120, '/r/default/images/watermark.png', 'www.lvxs.cn', 20, '#FF0000', 50, 1, 0, 0, 'LvxsCMS', 12, NULL, NULL, NULL, NULL, NULL, 0, 0, '李小小', '18092738888', '8346888', 'madj8@163.com', '2018-08-08', NULL, 0);
INSERT INTO `cms_website` VALUES (1855766195058599, '批量网站2全称123', '批量站点2简称123', '127.0.2.123', 'test2123', '127.0.2.20;127.0.2.21', '127.0.2.35;127.0.2.36;127.0.2.37;', '批量测试站点2', '测试,站点2', 1, 3, NULL, '/r/default/images/no_picture.gif', '/login', NULL, 1, 120, 120, '/r/default/images/watermark.png', 'www.lvxs.cn', 20, '#FF0000', 50, 1, 0, 0, 'LvxsCMS', 12, NULL, NULL, NULL, NULL, NULL, 0, 0, '李小小', '18092738888', '8346888', 'madj8@163.com', '2018-08-08', NULL, 0);
INSERT INTO `cms_website` VALUES (1855767099864613, '批量网站2全称125', '批量站点2简称125', '127.0.2.125', 'test2125', '127.0.2.20;127.0.2.21', '127.0.2.35;127.0.2.36;127.0.2.37;', '批量测试站点2', '测试,站点2', 1, 3, NULL, '/r/default/images/no_picture.gif', '/login', NULL, 1, 120, 120, '/r/default/images/watermark.png', 'www.lvxs.cn', 20, '#FF0000', 50, 1, 0, 0, 'LvxsCMS', 12, NULL, NULL, NULL, NULL, NULL, 0, 0, '李小小', '18092738888', '8346888', 'madj8@163.com', '2018-08-08', NULL, 0);
INSERT INTO `cms_website` VALUES (1855767504026170, '批量网站2全称126', '批量站点2简称126', '127.0.2.126', 'test2126', '127.0.2.20;127.0.2.21', '127.0.2.35;127.0.2.36;127.0.2.37;', '批量测试站点2', '测试,站点2', 1, 3, NULL, '/r/default/images/no_picture.gif', '/login', NULL, 1, 120, 120, '/r/default/images/watermark.png', 'www.lvxs.cn', 20, '#FF0000', 50, 1, 0, 0, 'LvxsCMS', 12, NULL, NULL, NULL, NULL, NULL, 0, 0, '李小小', '18092738888', '8346888', 'madj8@163.com', '2018-08-08', NULL, 0);
INSERT INTO `cms_website` VALUES (1855767879886895, '批量网站2全称127', '批量站点2简称127', '127.0.2.127', 'test2127', '127.0.2.20;127.0.2.21', '127.0.2.35;127.0.2.36;127.0.2.37;', '批量测试站点2', '测试,站点2', 1, 3, NULL, '/r/default/images/no_picture.gif', '/login', NULL, 1, 120, 120, '/r/default/images/watermark.png', 'www.lvxs.cn', 20, '#FF0000', 50, 1, 0, 0, 'LvxsCMS', 12, NULL, NULL, NULL, NULL, NULL, 0, 0, '李小小', '18092738888', '8346888', 'madj8@163.com', '2018-08-08', NULL, 0);
INSERT INTO `cms_website` VALUES (1855768281760627, '批量网站2全称128', '批量站点2简称128', '127.0.2.128', 'test2128', '127.0.2.20;127.0.2.21', '127.0.2.35;127.0.2.36;127.0.2.37;', '批量测试站点2', '测试,站点2', 1, 3, NULL, '/r/default/images/no_picture.gif', '/login', NULL, 1, 120, 120, '/r/default/images/watermark.png', 'www.lvxs.cn', 20, '#FF0000', 50, 1, 0, 0, 'LvxsCMS', 12, NULL, NULL, NULL, NULL, NULL, 0, 0, '李小小', '18092738888', '8346888', 'madj8@163.com', '2018-08-08', NULL, 0);
INSERT INTO `cms_website` VALUES (1855768656723310, '批量网站2全称129', '批量站点2简称129', '127.0.2.129', 'test2129', '127.0.2.20;127.0.2.21', '127.0.2.35;127.0.2.36;127.0.2.37;', '批量测试站点2', '测试,站点2', 1, 3, NULL, '/r/default/images/no_picture.gif', '/login', NULL, 1, 120, 120, '/r/default/images/watermark.png', 'www.lvxs.cn', 20, '#FF0000', 50, 1, 0, 0, 'LvxsCMS', 12, NULL, NULL, NULL, NULL, NULL, 0, 0, '李小小', '18092738888', '8346888', 'madj8@163.com', '2018-08-08', NULL, 0);
INSERT INTO `cms_website` VALUES (1855769056296370, '批量网站2全称130', '批量站点2简称130', '127.0.2.130', 'test2130', '127.0.2.20;127.0.2.21', '127.0.2.35;127.0.2.36;127.0.2.37;', '批量测试站点2', '测试,站点2', 1, 3, NULL, '/r/default/images/no_picture.gif', '/login', NULL, 1, 120, 120, '/r/default/images/watermark.png', 'www.lvxs.cn', 20, '#FF0000', 50, 1, 0, 0, 'LvxsCMS', 12, NULL, NULL, NULL, NULL, NULL, 0, 0, '李小小', '18092738888', '8346888', 'madj8@163.com', '2018-08-08', NULL, 0);
INSERT INTO `cms_website` VALUES (1855769540789053, '批量网站2全称131', '批量站点2简称131', '127.0.2.131', 'test2131', '127.0.2.20;127.0.2.21', '127.0.2.35;127.0.2.36;127.0.2.37;', '批量测试站点2', '测试,站点2', 1, 3, NULL, '/r/default/images/no_picture.gif', '/login', NULL, 1, 120, 120, '/r/default/images/watermark.png', 'www.lvxs.cn', 20, '#FF0000', 50, 1, 0, 0, 'LvxsCMS', 12, NULL, NULL, NULL, NULL, NULL, 0, 0, '李小小', '18092738888', '8346888', 'madj8@163.com', '2018-08-08', NULL, 0);
INSERT INTO `cms_website` VALUES (1855769942282180, '批量网站2全称132', '批量站点2简称132', '127.0.2.132', 'test2132', '127.0.2.20;127.0.2.21', '127.0.2.35;127.0.2.36;127.0.2.37;', '批量测试站点2', '测试,站点2', 1, 3, NULL, '/r/default/images/no_picture.gif', '/login', NULL, 1, 120, 120, '/r/default/images/watermark.png', 'www.lvxs.cn', 20, '#FF0000', 50, 1, 0, 0, 'LvxsCMS', 12, NULL, NULL, NULL, NULL, NULL, 0, 0, '李小小', '18092738888', '8346888', 'madj8@163.com', '2018-08-08', NULL, 0);
INSERT INTO `cms_website` VALUES (1855770872267308, '批量网站2全称133', '批量站点2简称133', '127.0.2.133', 'test2133', '127.0.2.20;127.0.2.21', '127.0.2.35;127.0.2.36;127.0.2.37;', '批量测试站点2', '测试,站点2', 1, 3, NULL, '/r/default/images/no_picture.gif', '/login', NULL, 1, 120, 120, '/r/default/images/watermark.png', 'www.lvxs.cn', 20, '#FF0000', 50, 1, 0, 0, 'LvxsCMS', 12, NULL, NULL, NULL, NULL, NULL, 0, 0, '李小小', '18092738888', '8346888', 'madj8@163.com', '2018-08-08', NULL, 0);
INSERT INTO `cms_website` VALUES (1855771537538176, '批量网站2全称135', '批量站点2简称135', '127.0.2.135', 'test2135', '127.0.2.20;127.0.2.21', '127.0.2.35;127.0.2.36;127.0.2.37;', '批量测试站点2', '测试,站点2', 1, 3, NULL, '/r/default/images/no_picture.gif', '/login', NULL, 1, 120, 120, '/r/default/images/watermark.png', 'www.lvxs.cn', 20, '#FF0000', 50, 1, 0, 0, 'LvxsCMS', 12, NULL, NULL, NULL, NULL, NULL, 0, 0, '李小小', '18092738888', '8346888', 'madj8@163.com', '2018-08-08', NULL, 0);
INSERT INTO `cms_website` VALUES (1855771834068436, '批量网站2全称136', '批量站点2简称136', '127.0.2.136', 'test2136', '127.0.2.20;127.0.2.21', '127.0.2.35;127.0.2.36;127.0.2.37;', '批量测试站点2', '测试,站点2', 1, 3, NULL, '/r/default/images/no_picture.gif', '/login', NULL, 1, 120, 120, '/r/default/images/watermark.png', 'www.lvxs.cn', 20, '#FF0000', 50, 1, 0, 0, 'LvxsCMS', 12, NULL, NULL, NULL, NULL, NULL, 0, 0, '李小小', '18092738888', '8346888', 'madj8@163.com', '2018-08-08', NULL, 0);
INSERT INTO `cms_website` VALUES (1855772093330352, '批量网站2全称137', '批量站点2简称137', '127.0.2.137', 'test2137', '127.0.2.20;127.0.2.21', '127.0.2.35;127.0.2.36;127.0.2.37;', '批量测试站点2', '测试,站点2', 1, 3, NULL, '/r/default/images/no_picture.gif', '/login', NULL, 1, 120, 120, '/r/default/images/watermark.png', 'www.lvxs.cn', 20, '#FF0000', 50, 1, 0, 0, 'LvxsCMS', 12, NULL, NULL, NULL, NULL, NULL, 0, 0, '李小小', '18092738888', '8346888', 'madj8@163.com', '2018-08-08', NULL, 0);
INSERT INTO `cms_website` VALUES (1855772610815041, '批量网站2全称138', '批量站点2简称138', '127.0.2.138', 'test2138', '127.0.2.20;127.0.2.21', '127.0.2.35;127.0.2.36;127.0.2.37;', '批量测试站点2', '测试,站点2', 1, 3, NULL, '/r/default/images/no_picture.gif', '/login', NULL, 1, 120, 120, '/r/default/images/watermark.png', 'www.lvxs.cn', 20, '#FF0000', 50, 1, 0, 0, 'LvxsCMS', 12, NULL, NULL, NULL, NULL, NULL, 0, 0, '李小小', '18092738888', '8346888', 'madj8@163.com', '2018-08-08', NULL, 0);
INSERT INTO `cms_website` VALUES (1855772979619794, '批量网站2全称139', '批量站点2简称139', '127.0.2.139', 'test2139', '127.0.2.20;127.0.2.21', '127.0.2.35;127.0.2.36;127.0.2.37;', '批量测试站点2', '测试,站点2', 1, 3, NULL, '/r/default/images/no_picture.gif', '/login', NULL, 1, 120, 120, '/r/default/images/watermark.png', 'www.lvxs.cn', 20, '#FF0000', 50, 1, 0, 0, 'LvxsCMS', 12, NULL, NULL, NULL, NULL, NULL, 0, 0, '李小小', '18092738888', '8346888', 'madj8@163.com', '2018-08-08', NULL, 0);
INSERT INTO `cms_website` VALUES (1855776719077543, '批量网站2全称150', '批量站点2简称150', '127.0.2.150', 'test2150', '127.0.2.20;127.0.2.21', '127.0.2.35;127.0.2.36;127.0.2.37;', '批量测试站点2', '测试,站点2', 1, 3, NULL, '/r/default/images/no_picture.gif', '/login', NULL, 1, 120, 120, '/r/default/images/watermark.png', 'www.lvxs.cn', 20, '#FF0000', 50, 1, 0, 0, 'LvxsCMS', 12, NULL, NULL, NULL, NULL, NULL, 0, 0, '李小小', '18092738888', '8346888', 'madj8@163.com', '2018-08-08', NULL, 0);
INSERT INTO `cms_website` VALUES (1855777088228675, '批量网站2全称151', '批量站点2简称151', '127.0.2.151', 'test2151', '127.0.2.20;127.0.2.21', '127.0.2.35;127.0.2.36;127.0.2.37;', '批量测试站点2', '测试,站点2', 1, 3, NULL, '/r/default/images/no_picture.gif', '/login', NULL, 1, 120, 120, '/r/default/images/watermark.png', 'www.lvxs.cn', 20, '#FF0000', 50, 1, 0, 0, 'LvxsCMS', 12, NULL, NULL, NULL, NULL, NULL, 0, 0, '李小小', '18092738888', '8346888', 'madj8@163.com', '2018-08-08', NULL, 0);
INSERT INTO `cms_website` VALUES (1855777496085000, '批量网站2全称152', '批量站点2简称152', '127.0.2.152', 'test2152', '127.0.2.20;127.0.2.21', '127.0.2.35;127.0.2.36;127.0.2.37;', '批量测试站点2', '测试,站点2', 1, 3, NULL, '/r/default/images/no_picture.gif', '/login', NULL, 1, 120, 120, '/r/default/images/watermark.png', 'www.lvxs.cn', 20, '#FF0000', 50, 1, 0, 0, 'LvxsCMS', 12, NULL, NULL, NULL, NULL, NULL, 0, 0, '李小小', '18092738888', '8346888', 'madj8@163.com', '2018-08-08', NULL, 0);
INSERT INTO `cms_website` VALUES (1855777753615003, '批量网站2全称153', '批量站点2简称153', '127.0.2.153', 'test2153', '127.0.2.20;127.0.2.21', '127.0.2.35;127.0.2.36;127.0.2.37;', '批量测试站点2', '测试,站点2', 1, 3, NULL, '/r/default/images/no_picture.gif', '/login', NULL, 1, 120, 120, '/r/default/images/watermark.png', 'www.lvxs.cn', 20, '#FF0000', 50, 1, 0, 0, 'LvxsCMS', 12, NULL, NULL, NULL, NULL, NULL, 0, 0, '李小小', '18092738888', '8346888', 'madj8@163.com', '2018-08-08', NULL, 0);
INSERT INTO `cms_website` VALUES (1855778416191771, '批量网站2全称155', '批量站点2简称155', '127.0.2.155', 'test2155', '127.0.2.20;127.0.2.21', '127.0.2.35;127.0.2.36;127.0.2.37;', '批量测试站点2', '测试,站点2', 1, 3, NULL, '/r/default/images/no_picture.gif', '/login', NULL, 1, 120, 120, '/r/default/images/watermark.png', 'www.lvxs.cn', 20, '#FF0000', 50, 1, 0, 0, 'LvxsCMS', 12, NULL, NULL, NULL, NULL, NULL, 0, 0, '李小小', '18092738888', '8346888', 'madj8@163.com', '2018-08-08', NULL, 0);
INSERT INTO `cms_website` VALUES (1855778824937584, '批量网站2全称156', '批量站点2简称156', '127.0.2.156', 'test2156', '127.0.2.20;127.0.2.21', '127.0.2.35;127.0.2.36;127.0.2.37;', '批量测试站点2', '测试,站点2', 1, 3, NULL, '/r/default/images/no_picture.gif', '/login', NULL, 1, 120, 120, '/r/default/images/watermark.png', 'www.lvxs.cn', 20, '#FF0000', 50, 1, 0, 0, 'LvxsCMS', 12, NULL, NULL, NULL, NULL, NULL, 0, 0, '李小小', '18092738888', '8346888', 'madj8@163.com', '2018-08-08', NULL, 0);
INSERT INTO `cms_website` VALUES (1855779087163019, '批量网站2全称157', '批量站点2简称157', '127.0.2.157', 'test2157', '127.0.2.20;127.0.2.21', '127.0.2.35;127.0.2.36;127.0.2.37;', '批量测试站点2', '测试,站点2', 1, 3, NULL, '/r/default/images/no_picture.gif', '/login', NULL, 1, 120, 120, '/r/default/images/watermark.png', 'www.lvxs.cn', 20, '#FF0000', 50, 1, 0, 0, 'LvxsCMS', 12, NULL, NULL, NULL, NULL, NULL, 0, 0, '李小小', '18092738888', '8346888', 'madj8@163.com', '2018-08-08', NULL, 0);
INSERT INTO `cms_website` VALUES (1855779378959362, '批量网站2全称158', '批量站点2简称158', '127.0.2.158', 'test2158', '127.0.2.20;127.0.2.21', '127.0.2.35;127.0.2.36;127.0.2.37;', '批量测试站点2', '测试,站点2', 1, 3, NULL, '/r/default/images/no_picture.gif', '/login', NULL, 1, 120, 120, '/r/default/images/watermark.png', 'www.lvxs.cn', 20, '#FF0000', 50, 1, 0, 0, 'LvxsCMS', 12, NULL, NULL, NULL, NULL, NULL, 0, 0, '李小小', '18092738888', '8346888', 'madj8@163.com', '2018-08-08', NULL, 0);
INSERT INTO `cms_website` VALUES (1855779636878506, '批量网站2全称159', '批量站点2简称159', '127.0.2.159', 'test2159', '127.0.2.20;127.0.2.21', '127.0.2.35;127.0.2.36;127.0.2.37;', '批量测试站点2', '测试,站点2', 1, 3, NULL, '/r/default/images/no_picture.gif', '/login', NULL, 1, 120, 120, '/r/default/images/watermark.png', 'www.lvxs.cn', 20, '#FF0000', 50, 1, 0, 0, 'LvxsCMS', 12, NULL, NULL, NULL, NULL, NULL, 0, 0, '李小小', '18092738888', '8346888', 'madj8@163.com', '2018-08-08', NULL, 0);
INSERT INTO `cms_website` VALUES (1855780044961481, '批量网站2全称160', '批量站点2简称160', '127.0.2.160', 'test2160', '127.0.2.20;127.0.2.21', '127.0.2.35;127.0.2.36;127.0.2.37;', '批量测试站点2', '测试,站点2', 1, 3, NULL, '/r/default/images/no_picture.gif', '/login', NULL, 1, 120, 120, '/r/default/images/watermark.png', 'www.lvxs.cn', 20, '#FF0000', 50, 1, 0, 0, 'LvxsCMS', 12, NULL, NULL, NULL, NULL, NULL, 0, 0, '李小小', '18092738888', '8346888', 'madj8@163.com', '2018-08-08', NULL, 0);
INSERT INTO `cms_website` VALUES (1855780414317884, '批量网站2全称161', '批量站点2简称161', '127.0.2.161', 'test2161', '127.0.2.20;127.0.2.21', '127.0.2.35;127.0.2.36;127.0.2.37;', '批量测试站点2', '测试,站点2', 1, 3, NULL, '/r/default/images/no_picture.gif', '/login', NULL, 1, 120, 120, '/r/default/images/watermark.png', 'www.lvxs.cn', 20, '#FF0000', 50, 1, 0, 0, 'LvxsCMS', 12, NULL, NULL, NULL, NULL, NULL, 0, 0, '李小小', '18092738888', '8346888', 'madj8@163.com', '2018-08-08', NULL, 0);
INSERT INTO `cms_website` VALUES (1855780821708096, '批量网站2全称162', '批量站点2简称162', '127.0.2.162', 'test2162', '127.0.2.20;127.0.2.21', '127.0.2.35;127.0.2.36;127.0.2.37;', '批量测试站点2', '测试,站点2', 1, 3, NULL, '/r/default/images/no_picture.gif', '/login', NULL, 1, 120, 120, '/r/default/images/watermark.png', 'www.lvxs.cn', 20, '#FF0000', 50, 1, 0, 0, 'LvxsCMS', 12, NULL, NULL, NULL, NULL, NULL, 0, 0, '李小小', '18092738888', '8346888', 'madj8@163.com', '2018-08-08', NULL, 0);
INSERT INTO `cms_website` VALUES (1855781079806849, '批量网站2全称163', '批量站点2简称163', '127.0.2.163', 'test2163', '127.0.2.20;127.0.2.21', '127.0.2.35;127.0.2.36;127.0.2.37;', '批量测试站点2', '测试,站点2', 1, 3, NULL, '/r/default/images/no_picture.gif', '/login', NULL, 1, 120, 120, '/r/default/images/watermark.png', 'www.lvxs.cn', 20, '#FF0000', 50, 1, 0, 0, 'LvxsCMS', 12, NULL, NULL, NULL, NULL, NULL, 0, 0, '李小小', '18092738888', '8346888', 'madj8@163.com', '2018-08-08', NULL, 0);
INSERT INTO `cms_website` VALUES (1855781633306900, '批量网站2全称165', '批量站点2简称165', '127.0.2.165', 'test2165', '127.0.2.20;127.0.2.21', '127.0.2.35;127.0.2.36;127.0.2.37;', '批量测试站点2', '测试,站点2', 1, 3, NULL, '/r/default/images/no_picture.gif', '/login', NULL, 1, 120, 120, '/r/default/images/watermark.png', 'www.lvxs.cn', 20, '#FF0000', 50, 1, 0, 0, 'LvxsCMS', 12, NULL, NULL, NULL, NULL, NULL, 0, 0, '李小小', '18092738888', '8346888', 'madj8@163.com', '2018-08-08', NULL, 0);
INSERT INTO `cms_website` VALUES (1855781930790793, '批量网站2全称166', '批量站点2简称166', '127.0.2.166', 'test2166', '127.0.2.20;127.0.2.21', '127.0.2.35;127.0.2.36;127.0.2.37;', '批量测试站点2', '测试,站点2', 1, 3, NULL, '/r/default/images/no_picture.gif', '/login', NULL, 1, 120, 120, '/r/default/images/watermark.png', 'www.lvxs.cn', 20, '#FF0000', 50, 1, 0, 0, 'LvxsCMS', 12, NULL, NULL, NULL, NULL, NULL, 0, 0, '李小小', '18092738888', '8346888', 'madj8@163.com', '2018-08-08', NULL, 0);
INSERT INTO `cms_website` VALUES (1855782522209199, '批量网站2全称167', '批量站点2简称167', '127.0.2.167', 'test2167', '127.0.2.20;127.0.2.21', '127.0.2.35;127.0.2.36;127.0.2.37;', '批量测试站点2', '测试,站点2', 1, 3, NULL, '/r/default/images/no_picture.gif', '/login', NULL, 1, 120, 120, '/r/default/images/watermark.png', 'www.lvxs.cn', 20, '#FF0000', 50, 1, 0, 0, 'LvxsCMS', 12, NULL, NULL, NULL, NULL, NULL, 0, 0, '李小小', '18092738888', '8346888', 'madj8@163.com', '2018-08-08', NULL, 0);
INSERT INTO `cms_website` VALUES (1855782933157314, '批量网站2全称168', '批量站点2简称168', '127.0.2.168', 'test2168', '127.0.2.20;127.0.2.21', '127.0.2.35;127.0.2.36;127.0.2.37;', '批量测试站点2', '测试,站点2', 1, 3, NULL, '/r/default/images/no_picture.gif', '/login', NULL, 1, 120, 120, '/r/default/images/watermark.png', 'www.lvxs.cn', 20, '#FF0000', 50, 1, 0, 0, 'LvxsCMS', 12, NULL, NULL, NULL, NULL, NULL, 0, 0, '李小小', '18092738888', '8346888', 'madj8@163.com', '2018-08-08', NULL, 0);
INSERT INTO `cms_website` VALUES (1855783300803186, '批量网站2全称169', '批量站点2简称169', '127.0.2.169', 'test2169', '127.0.2.20;127.0.2.21', '127.0.2.35;127.0.2.36;127.0.2.37;', '批量测试站点2', '测试,站点2', 1, 3, NULL, '/r/default/images/no_picture.gif', '/login', NULL, 1, 120, 120, '/r/default/images/watermark.png', 'www.lvxs.cn', 20, '#FF0000', 50, 1, 0, 0, 'LvxsCMS', 12, NULL, NULL, NULL, NULL, NULL, 0, 0, '李小小', '18092738888', '8346888', 'madj8@163.com', '2018-08-08', NULL, 0);
INSERT INTO `cms_website` VALUES (1855783708783521, '批量网站2全称170', '批量站点2简称170', '127.0.2.170', 'test2170', '127.0.2.20;127.0.2.21', '127.0.2.35;127.0.2.36;127.0.2.37;', '批量测试站点2', '测试,站点2', 1, 3, NULL, '/r/default/images/no_picture.gif', '/login', NULL, 1, 120, 120, '/r/default/images/watermark.png', 'www.lvxs.cn', 20, '#FF0000', 50, 1, 0, 0, 'LvxsCMS', 12, NULL, NULL, NULL, NULL, NULL, 0, 0, '李小小', '18092738888', '8346888', 'madj8@163.com', '2018-08-08', NULL, 0);
INSERT INTO `cms_website` VALUES (1855784075210633, '批量网站2全称171', '批量站点2简称171', '127.0.2.171', 'test2171', '127.0.2.20;127.0.2.21', '127.0.2.35;127.0.2.36;127.0.2.37;', '批量测试站点2', '测试,站点2', 1, 3, NULL, '/r/default/images/no_picture.gif', '/login', NULL, 1, 120, 120, '/r/default/images/watermark.png', 'www.lvxs.cn', 20, '#FF0000', 50, 1, 0, 0, 'LvxsCMS', 12, NULL, NULL, NULL, NULL, NULL, 0, 0, '李小小', '18092738888', '8346888', 'madj8@163.com', '2018-08-08', NULL, 0);
INSERT INTO `cms_website` VALUES (1855784485068286, '批量网站2全称172', '批量站点2简称172', '127.0.2.172', 'test2172', '127.0.2.20;127.0.2.21', '127.0.2.35;127.0.2.36;127.0.2.37;', '批量测试站点2', '测试,站点2', 1, 3, NULL, '/r/default/images/no_picture.gif', '/login', NULL, 1, 120, 120, '/r/default/images/watermark.png', 'www.lvxs.cn', 20, '#FF0000', 50, 1, 0, 0, 'LvxsCMS', 12, NULL, NULL, NULL, NULL, NULL, 0, 0, '李小小', '18092738888', '8346888', 'madj8@163.com', '2018-08-08', NULL, 0);
INSERT INTO `cms_website` VALUES (1855785298843767, '批量网站2全称173', '批量站点2简称173', '127.0.2.173', 'test2173', '127.0.2.20;127.0.2.21', '127.0.2.35;127.0.2.36;127.0.2.37;', '批量测试站点2', '测试,站点2', 1, 3, NULL, '/r/default/images/no_picture.gif', '/login', NULL, 1, 120, 120, '/r/default/images/watermark.png', 'www.lvxs.cn', 20, '#FF0000', 50, 1, 0, 0, 'LvxsCMS', 12, NULL, NULL, NULL, NULL, NULL, 0, 0, '李小小', '18092738888', '8346888', 'madj8@163.com', '2018-08-08', NULL, 0);
INSERT INTO `cms_website` VALUES (1855785963391928, '批量网站2全称175', '批量站点2简称175', '127.0.2.175', 'test2175', '127.0.2.20;127.0.2.21', '127.0.2.35;127.0.2.36;127.0.2.37;', '批量测试站点2', '测试,站点2', 1, 3, NULL, '/r/default/images/no_picture.gif', '/login', NULL, 1, 120, 120, '/r/default/images/watermark.png', 'www.lvxs.cn', 20, '#FF0000', 50, 1, 0, 0, 'LvxsCMS', 12, NULL, NULL, NULL, NULL, NULL, 0, 0, '李小小', '18092738888', '8346888', 'madj8@163.com', '2018-08-08', NULL, 0);
INSERT INTO `cms_website` VALUES (1855786255821171, '批量网站2全称176', '批量站点2简称176', '127.0.2.176', 'test2176', '127.0.2.20;127.0.2.21', '127.0.2.35;127.0.2.36;127.0.2.37;', '批量测试站点2', '测试,站点2', 1, 3, NULL, '/r/default/images/no_picture.gif', '/login', NULL, 1, 120, 120, '/r/default/images/watermark.png', 'www.lvxs.cn', 20, '#FF0000', 50, 1, 0, 0, 'LvxsCMS', 12, NULL, NULL, NULL, NULL, NULL, 0, 0, '李小小', '18092738888', '8346888', 'madj8@163.com', '2018-08-08', NULL, 0);
INSERT INTO `cms_website` VALUES (1855786630411823, '批量网站2全称177', '批量站点2简称177', '127.0.2.177', 'test2177', '127.0.2.20;127.0.2.21', '127.0.2.35;127.0.2.36;127.0.2.37;', '批量测试站点2', '测试,站点2', 1, 3, NULL, '/r/default/images/no_picture.gif', '/login', NULL, 1, 120, 120, '/r/default/images/watermark.png', 'www.lvxs.cn', 20, '#FF0000', 50, 1, 0, 0, 'LvxsCMS', 12, NULL, NULL, NULL, NULL, NULL, 0, 0, '李小小', '18092738888', '8346888', 'madj8@163.com', '2018-08-08', NULL, 0);
INSERT INTO `cms_website` VALUES (1855787029967761, '批量网站2全称178', '批量站点2简称178', '127.0.2.178', 'test2178', '127.0.2.20;127.0.2.21', '127.0.2.35;127.0.2.36;127.0.2.37;', '批量测试站点2', '测试,站点2', 1, 3, NULL, '/r/default/images/no_picture.gif', '/login', NULL, 1, 120, 120, '/r/default/images/watermark.png', 'www.lvxs.cn', 20, '#FF0000', 50, 1, 0, 0, 'LvxsCMS', 12, NULL, NULL, NULL, NULL, NULL, 0, 0, '李小小', '18092738888', '8346888', 'madj8@163.com', '2018-08-08', NULL, 0);
INSERT INTO `cms_website` VALUES (1855787292808984, '批量网站2全称179', '批量站点2简称179', '127.0.2.179', 'test2179', '127.0.2.20;127.0.2.21', '127.0.2.35;127.0.2.36;127.0.2.37;', '批量测试站点2', '测试,站点2', 1, 3, NULL, '/r/default/images/no_picture.gif', '/login', NULL, 1, 120, 120, '/r/default/images/watermark.png', 'www.lvxs.cn', 20, '#FF0000', 50, 1, 0, 0, 'LvxsCMS', 12, NULL, NULL, NULL, NULL, NULL, 0, 0, '李小小', '18092738888', '8346888', 'madj8@163.com', '2018-08-08', NULL, 0);
INSERT INTO `cms_website` VALUES (1855787583767169, '批量网站2全称180', '批量站点2简称180', '127.0.2.180', 'test2180', '127.0.2.20;127.0.2.21', '127.0.2.35;127.0.2.36;127.0.2.37;', '批量测试站点2', '测试,站点2', 1, 3, NULL, '/r/default/images/no_picture.gif', '/login', NULL, 1, 120, 120, '/r/default/images/watermark.png', 'www.lvxs.cn', 20, '#FF0000', 50, 1, 0, 0, 'LvxsCMS', 12, NULL, NULL, NULL, NULL, NULL, 0, 0, '李小小', '18092738888', '8346888', 'madj8@163.com', '2018-08-08', NULL, 0);
INSERT INTO `cms_website` VALUES (1855787957789066, '批量网站2全称181', '批量站点2简称181', '127.0.2.181', 'test2181', '127.0.2.20;127.0.2.21', '127.0.2.35;127.0.2.36;127.0.2.37;', '批量测试站点2', '测试,站点2', 1, 3, NULL, '/r/default/images/no_picture.gif', '/login', NULL, 1, 120, 120, '/r/default/images/watermark.png', 'www.lvxs.cn', 20, '#FF0000', 50, 1, 0, 0, 'LvxsCMS', 12, NULL, NULL, NULL, NULL, NULL, 0, 0, '李小小', '18092738888', '8346888', 'madj8@163.com', '2018-08-08', NULL, 0);
INSERT INTO `cms_website` VALUES (1855788252784112, '批量网站2全称182', '批量站点2简称182', '127.0.2.182', 'test2182', '127.0.2.20;127.0.2.21', '127.0.2.35;127.0.2.36;127.0.2.37;', '批量测试站点2', '测试,站点2', 1, 3, NULL, '/r/default/images/no_picture.gif', '/login', NULL, 1, 120, 120, '/r/default/images/watermark.png', 'www.lvxs.cn', 20, '#FF0000', 50, 1, 0, 0, 'LvxsCMS', 12, NULL, NULL, NULL, NULL, NULL, 0, 0, '李小小', '18092738888', '8346888', 'madj8@163.com', '2018-08-08', NULL, 0);
INSERT INTO `cms_website` VALUES (1855788845733440, '批量网站2全称183', '批量站点2简称183', '127.0.2.183', 'test2183', '127.0.2.20;127.0.2.21', '127.0.2.35;127.0.2.36;127.0.2.37;', '批量测试站点2', '测试,站点2', 1, 3, NULL, '/r/default/images/no_picture.gif', '/login', NULL, 1, 120, 120, '/r/default/images/watermark.png', 'www.lvxs.cn', 20, '#FF0000', 50, 1, 0, 0, 'LvxsCMS', 12, NULL, NULL, NULL, NULL, NULL, 0, 0, '李小小', '18092738888', '8346888', 'madj8@163.com', '2018-08-08', NULL, 0);
INSERT INTO `cms_website` VALUES (1855789622163607, '批量网站2全称185', '批量站点2简称185', '127.0.2.185', 'test2185', '127.0.2.20;127.0.2.21', '127.0.2.35;127.0.2.36;127.0.2.37;', '批量测试站点2', '测试,站点2', 1, 3, NULL, '/r/default/images/no_picture.gif', '/login', NULL, 1, 120, 120, '/r/default/images/watermark.png', 'www.lvxs.cn', 20, '#FF0000', 50, 1, 0, 0, 'LvxsCMS', 12, NULL, NULL, NULL, NULL, NULL, 0, 0, '李小小', '18092738888', '8346888', 'madj8@163.com', '2018-08-08', NULL, 0);
INSERT INTO `cms_website` VALUES (1855790018452427, '批量网站2全称186', '批量站点2简称186', '127.0.2.186', 'test2186', '127.0.2.20;127.0.2.21', '127.0.2.35;127.0.2.36;127.0.2.37;', '批量测试站点2', '测试,站点2', 1, 3, NULL, '/r/default/images/no_picture.gif', '/login', NULL, 1, 120, 120, '/r/default/images/watermark.png', 'www.lvxs.cn', 20, '#FF0000', 50, 1, 0, 0, 'LvxsCMS', 12, NULL, NULL, NULL, NULL, NULL, 0, 0, '李小小', '18092738888', '8346888', 'madj8@163.com', '2018-08-08', NULL, 0);
INSERT INTO `cms_website` VALUES (1855790399722728, '批量网站2全称187', '批量站点2简称187', '127.0.2.187', 'test2187', '127.0.2.20;127.0.2.21', '127.0.2.35;127.0.2.36;127.0.2.37;', '批量测试站点2', '测试,站点2', 1, 3, NULL, '/r/default/images/no_picture.gif', '/login', NULL, 1, 120, 120, '/r/default/images/watermark.png', 'www.lvxs.cn', 20, '#FF0000', 50, 1, 0, 0, 'LvxsCMS', 12, NULL, NULL, NULL, NULL, NULL, 0, 0, '李小小', '18092738888', '8346888', 'madj8@163.com', '2018-08-08', NULL, 0);
INSERT INTO `cms_website` VALUES (1855790909471505, '批量网站2全称188', '批量站点2简称188', '127.0.2.188', 'test2188', '127.0.2.20;127.0.2.21', '127.0.2.35;127.0.2.36;127.0.2.37;', '批量测试站点2', '测试,站点2', 1, 3, NULL, '/r/default/images/no_picture.gif', '/login', NULL, 1, 120, 120, '/r/default/images/watermark.png', 'www.lvxs.cn', 20, '#FF0000', 50, 1, 0, 0, 'LvxsCMS', 12, NULL, NULL, NULL, NULL, NULL, 0, 0, '李小小', '18092738888', '8346888', 'madj8@163.com', '2018-08-08', NULL, 0);
INSERT INTO `cms_website` VALUES (1855791288975677, '批量网站2全称189', '批量站点2简称189', '127.0.2.189', 'test2189', '127.0.2.20;127.0.2.21', '127.0.2.35;127.0.2.36;127.0.2.37;', '批量测试站点2', '测试,站点2', 1, 3, NULL, '/r/default/images/no_picture.gif', '/login', NULL, 1, 120, 120, '/r/default/images/watermark.png', 'www.lvxs.cn', 20, '#FF0000', 50, 1, 0, 0, 'LvxsCMS', 12, NULL, NULL, NULL, NULL, NULL, 0, 0, '李小小', '18092738888', '8346888', 'madj8@163.com', '2018-08-08', NULL, 0);
INSERT INTO `cms_website` VALUES (1855791682749994, '批量网站2全称190', '批量站点2简称190', '127.0.2.190', 'test2190', '127.0.2.20;127.0.2.21', '127.0.2.35;127.0.2.36;127.0.2.37;', '批量测试站点2', '测试,站点2', 1, 3, NULL, '/r/default/images/no_picture.gif', '/login', NULL, 1, 120, 120, '/r/default/images/watermark.png', 'www.lvxs.cn', 20, '#FF0000', 50, 1, 0, 0, 'LvxsCMS', 12, NULL, NULL, NULL, NULL, NULL, 0, 0, '李小小', '18092738888', '8346888', 'madj8@163.com', '2018-08-08', NULL, 0);
INSERT INTO `cms_website` VALUES (1855792063088057, '批量网站2全称191', '批量站点2简称191', '127.0.2.191', 'test2191', '127.0.2.20;127.0.2.21', '127.0.2.35;127.0.2.36;127.0.2.37;', '批量测试站点2', '测试,站点2', 1, 3, NULL, '/r/default/images/no_picture.gif', '/login', NULL, 1, 120, 120, '/r/default/images/watermark.png', 'www.lvxs.cn', 20, '#FF0000', 50, 1, 0, 0, 'LvxsCMS', 12, NULL, NULL, NULL, NULL, NULL, 0, 0, '李小小', '18092738888', '8346888', 'madj8@163.com', '2018-08-08', NULL, 0);
INSERT INTO `cms_website` VALUES (1855792459227197, '批量网站2全称192', '批量站点2简称192', '127.0.2.192', 'test2192', '127.0.2.20;127.0.2.21', '127.0.2.35;127.0.2.36;127.0.2.37;', '批量测试站点2', '测试,站点2', 1, 3, NULL, '/r/default/images/no_picture.gif', '/login', NULL, 1, 120, 120, '/r/default/images/watermark.png', 'www.lvxs.cn', 20, '#FF0000', 50, 1, 0, 0, 'LvxsCMS', 12, NULL, NULL, NULL, NULL, NULL, 0, 0, '李小小', '18092738888', '8346888', 'madj8@163.com', '2018-08-08', NULL, 0);
INSERT INTO `cms_website` VALUES (1855792840014264, '批量网站2全称193', '批量站点2简称193', '127.0.2.193', 'test2193', '127.0.2.20;127.0.2.21', '127.0.2.35;127.0.2.36;127.0.2.37;', '批量测试站点2', '测试,站点2', 1, 3, NULL, '/r/default/images/no_picture.gif', '/login', NULL, 1, 120, 120, '/r/default/images/watermark.png', 'www.lvxs.cn', 20, '#FF0000', 50, 1, 0, 0, 'LvxsCMS', 12, NULL, NULL, NULL, NULL, NULL, 0, 0, '李小小', '18092738888', '8346888', 'madj8@163.com', '2018-08-08', NULL, 0);
INSERT INTO `cms_website` VALUES (1855793952116068, '批量网站2全称195', '批量站点2简称195', '127.0.2.195', 'test2195', '127.0.2.20;127.0.2.21', '127.0.2.35;127.0.2.36;127.0.2.37;', '批量测试站点2', '测试,站点2', 1, 3, NULL, '/r/default/images/no_picture.gif', '/login', NULL, 1, 120, 120, '/r/default/images/watermark.png', 'www.lvxs.cn', 20, '#FF0000', 50, 1, 0, 0, 'LvxsCMS', 12, NULL, NULL, NULL, NULL, NULL, 0, 0, '李小小', '18092738888', '8346888', 'madj8@163.com', '2018-08-08', NULL, 0);
INSERT INTO `cms_website` VALUES (1855794349046334, '批量网站2全称196', '批量站点2简称196', '127.0.2.196', 'test2196', '127.0.2.20;127.0.2.21', '127.0.2.35;127.0.2.36;127.0.2.37;', '批量测试站点2', '测试,站点2', 1, 3, NULL, '/r/default/images/no_picture.gif', '/login', NULL, 1, 120, 120, '/r/default/images/watermark.png', 'www.lvxs.cn', 20, '#FF0000', 50, 1, 0, 0, 'LvxsCMS', 12, NULL, NULL, NULL, NULL, NULL, 0, 0, '李小小', '18092738888', '8346888', 'madj8@163.com', '2018-08-08', NULL, 0);
INSERT INTO `cms_website` VALUES (1855794614325068, '批量网站2全称197', '批量站点2简称197', '127.0.2.197', 'test2197', '127.0.2.20;127.0.2.21', '127.0.2.35;127.0.2.36;127.0.2.37;', '批量测试站点2', '测试,站点2', 1, 3, NULL, '/r/default/images/no_picture.gif', '/login', NULL, 1, 120, 120, '/r/default/images/watermark.png', 'www.lvxs.cn', 20, '#FF0000', 50, 1, 0, 0, 'LvxsCMS', 12, NULL, NULL, NULL, NULL, NULL, 0, 0, '李小小', '18092738888', '8346888', 'madj8@163.com', '2018-08-08', NULL, 0);
INSERT INTO `cms_website` VALUES (1855794900318416, '批量网站2全称198', '批量站点2简称198', '127.0.2.198', 'test2198', '127.0.2.20;127.0.2.21', '127.0.2.35;127.0.2.36;127.0.2.37;', '批量测试站点2', '测试,站点2', 1, 3, NULL, '/r/default/images/no_picture.gif', '/login', NULL, 1, 120, 120, '/r/default/images/watermark.png', 'www.lvxs.cn', 20, '#FF0000', 50, 1, 0, 0, 'LvxsCMS', 12, NULL, NULL, NULL, NULL, NULL, 0, 0, '李小小', '18092738888', '8346888', 'madj8@163.com', '2018-08-08', NULL, 0);
INSERT INTO `cms_website` VALUES (1855795170296852, '批量网站2全称199', '批量站点2简称199', '127.0.2.199', 'test2199', '127.0.2.20;127.0.2.21', '127.0.2.35;127.0.2.36;127.0.2.37;', '批量测试站点2', '测试,站点2', 1, 3, NULL, '/r/default/images/no_picture.gif', '/login', NULL, 1, 120, 120, '/r/default/images/watermark.png', 'www.lvxs.cn', 20, '#FF0000', 50, 1, 0, 0, 'LvxsCMS', 12, NULL, NULL, NULL, NULL, NULL, 0, 0, '李小小', '18092738888', '8346888', 'madj8@163.com', '2018-08-08', NULL, 0);
INSERT INTO `cms_website` VALUES (1855795568916289, '批量网站2全称200', '批量站点2简称200', '127.0.2.200', 'test2200', '127.0.2.20;127.0.2.21', '127.0.2.35;127.0.2.36;127.0.2.37;', '批量测试站点2', '测试,站点2', 1, 3, NULL, '/r/default/images/no_picture.gif', '/login', NULL, 1, 120, 120, '/r/default/images/watermark.png', 'www.lvxs.cn', 20, '#FF0000', 50, 1, 0, 0, 'LvxsCMS', 12, NULL, NULL, NULL, NULL, NULL, 0, 0, '李小小', '18092738888', '8346888', 'madj8@163.com', '2018-08-08', NULL, 0);
INSERT INTO `cms_website` VALUES (1876868182818848, '批量网站3全称1', 'test51', '127.0.3.1', 'test51', '127.0.3.20;127.0.3.21', '127.0.3.100;127.0.3.101', '默认站点，第一个站点3', '测试,站点3', 2, 2, NULL, '/r/default/images/no_picture.gif', '/login', NULL, 1, 120, 120, '/r/default/images/watermark.png', 'www.lvxs.cn', 20, '#FF0000', 50, 1, 0, 0, 'LvxsCMS', 12, NULL, NULL, NULL, NULL, NULL, 0, 0, NULL, NULL, NULL, NULL, '2016-12-31', NULL, 1);
INSERT INTO `cms_website` VALUES (1876872521238463, '批量网站3全称2', 'test52', '127.0.3.2', 'test52', '127.0.3.20;127.0.3.21', '127.0.3.100;127.0.3.101', '默认站点，第一个站点3', '测试,站点3', 2, 2, NULL, '/r/default/images/no_picture.gif', '/login', NULL, 1, 120, 120, '/r/default/images/watermark.png', 'www.lvxs.cn', 20, '#FF0000', 50, 1, 0, 0, 'LvxsCMS', 12, NULL, NULL, NULL, NULL, NULL, 0, 0, NULL, NULL, NULL, NULL, '2016-12-31', NULL, 1);
INSERT INTO `cms_website` VALUES (1876873117224000, '批量网站3全称3', 'test53', '127.0.3.3', 'test53', '127.0.3.20;127.0.3.21', '127.0.3.100;127.0.3.101', '默认站点，第一个站点3', '测试,站点3', 2, 2, NULL, '/r/default/images/no_picture.gif', '/login', NULL, 1, 120, 120, '/r/default/images/watermark.png', 'www.lvxs.cn', 20, '#FF0000', 50, 1, 0, 0, 'LvxsCMS', 12, NULL, NULL, NULL, NULL, NULL, 0, 0, NULL, NULL, NULL, NULL, '2016-12-31', NULL, 1);
INSERT INTO `cms_website` VALUES (1876874338458105, '批量网站3全称5', 'test55', '127.0.3.5', 'test55', '127.0.3.20;127.0.3.21', '127.0.3.100;127.0.3.101', '默认站点，第一个站点3', '测试,站点3', 2, 2, NULL, '/r/default/images/no_picture.gif', '/login', NULL, 1, 120, 120, '/r/default/images/watermark.png', 'www.lvxs.cn', 20, '#FF0000', 50, 1, 0, 0, 'LvxsCMS', 12, NULL, NULL, NULL, NULL, NULL, 0, 0, NULL, NULL, NULL, NULL, '2016-12-31', NULL, 1);
INSERT INTO `cms_website` VALUES (1876874958733275, '批量网站3全称6', 'test56', '127.0.3.6', 'test56', '127.0.3.20;127.0.3.21', '127.0.3.100;127.0.3.101', '默认站点，第一个站点3', '测试,站点3', 2, 2, NULL, '/r/default/images/no_picture.gif', '/login', NULL, 1, 120, 120, '/r/default/images/watermark.png', 'www.lvxs.cn', 20, '#FF0000', 50, 1, 0, 0, 'LvxsCMS', 12, NULL, NULL, NULL, NULL, NULL, 0, 0, NULL, NULL, NULL, NULL, '2016-12-31', NULL, 1);
INSERT INTO `cms_website` VALUES (1876875554701714, '批量网站3全称7', 'test57', '127.0.3.7', 'test57', '127.0.3.20;127.0.3.21', '127.0.3.100;127.0.3.101', '默认站点，第一个站点3', '测试,站点3', 2, 2, NULL, '/r/default/images/no_picture.gif', '/login', NULL, 1, 120, 120, '/r/default/images/watermark.png', 'www.lvxs.cn', 20, '#FF0000', 50, 1, 0, 0, 'LvxsCMS', 12, NULL, NULL, NULL, NULL, NULL, 0, 0, NULL, NULL, NULL, NULL, '2016-12-31', NULL, 1);
INSERT INTO `cms_website` VALUES (1876876289074027, '批量网站3全称8', 'test58', '127.0.3.8', 'test58', '127.0.3.20;127.0.3.21', '127.0.3.100;127.0.3.101', '默认站点，第一个站点3', '测试,站点3', 2, 2, NULL, '/r/default/images/no_picture.gif', '/login', NULL, 1, 120, 120, '/r/default/images/watermark.png', 'www.lvxs.cn', 20, '#FF0000', 50, 1, 0, 0, 'LvxsCMS', 12, NULL, NULL, NULL, NULL, NULL, 0, 0, NULL, NULL, NULL, NULL, '2016-12-31', NULL, 1);
INSERT INTO `cms_website` VALUES (1876876889579667, '批量网站3全称9', 'test59', '127.0.3.9', 'test59', '127.0.3.20;127.0.3.21', '127.0.3.100;127.0.3.101', '默认站点，第一个站点3', '测试,站点3', 2, 2, NULL, '/r/default/images/no_picture.gif', '/login', NULL, 1, 120, 120, '/r/default/images/watermark.png', 'www.lvxs.cn', 20, '#FF0000', 50, 1, 0, 0, 'LvxsCMS', 12, NULL, NULL, NULL, NULL, NULL, 0, 0, NULL, NULL, NULL, NULL, '2016-12-31', NULL, 1);
INSERT INTO `cms_website` VALUES (1876877510231155, '批量网站3全称10', 'test510', '127.0.3.10', 'test510', '127.0.3.20;127.0.3.21', '127.0.3.100;127.0.3.101', '默认站点，第一个站点3', '测试,站点3', 2, 2, NULL, '/r/default/images/no_picture.gif', '/login', NULL, 1, 120, 120, '/r/default/images/watermark.png', 'www.lvxs.cn', 20, '#FF0000', 50, 1, 0, 0, 'LvxsCMS', 12, NULL, NULL, NULL, NULL, NULL, 0, 0, NULL, NULL, NULL, NULL, '2016-12-31', NULL, 1);
INSERT INTO `cms_website` VALUES (1876878113704578, '批量网站3全称11', 'test511', '127.0.3.11', 'test511', '127.0.3.20;127.0.3.21', '127.0.3.100;127.0.3.101', '默认站点，第一个站点3', '测试,站点3', 2, 2, NULL, '/r/default/images/no_picture.gif', '/login', NULL, 1, 120, 120, '/r/default/images/watermark.png', 'www.lvxs.cn', 20, '#FF0000', 50, 1, 0, 0, 'LvxsCMS', 12, NULL, NULL, NULL, NULL, NULL, 0, 0, NULL, NULL, NULL, NULL, '2016-12-31', NULL, 1);
INSERT INTO `cms_website` VALUES (1876878730498805, '批量网站3全称12', 'test512', '127.0.3.12', 'test512', '127.0.3.20;127.0.3.21', '127.0.3.100;127.0.3.101', '默认站点，第一个站点3', '测试,站点3', 2, 2, NULL, '/r/default/images/no_picture.gif', '/login', NULL, 1, 120, 120, '/r/default/images/watermark.png', 'www.lvxs.cn', 20, '#FF0000', 50, 1, 0, 0, 'LvxsCMS', 12, NULL, NULL, NULL, NULL, NULL, 0, 0, NULL, NULL, NULL, NULL, '2016-12-31', NULL, 1);
INSERT INTO `cms_website` VALUES (1876879330636671, '批量网站3全称13', 'test513', '127.0.3.13', 'test513', '127.0.3.20;127.0.3.21', '127.0.3.100;127.0.3.101', '默认站点，第一个站点3', '测试,站点3', 2, 2, NULL, '/r/default/images/no_picture.gif', '/login', NULL, 1, 120, 120, '/r/default/images/watermark.png', 'www.lvxs.cn', 20, '#FF0000', 50, 1, 0, 0, 'LvxsCMS', 12, NULL, NULL, NULL, NULL, NULL, 0, 0, NULL, NULL, NULL, NULL, '2016-12-31', NULL, 1);
INSERT INTO `cms_website` VALUES (1876880550275697, '批量网站3全称15', 'test515', '127.0.3.15', 'test515', '127.0.3.20;127.0.3.21', '127.0.3.100;127.0.3.101', '默认站点，第一个站点3', '测试,站点3', 2, 2, NULL, '/r/default/images/no_picture.gif', '/login', NULL, 1, 120, 120, '/r/default/images/watermark.png', 'www.lvxs.cn', 20, '#FF0000', 50, 1, 0, 0, 'LvxsCMS', 12, NULL, NULL, NULL, NULL, NULL, 0, 0, NULL, NULL, NULL, NULL, '2016-12-31', NULL, 1);
INSERT INTO `cms_website` VALUES (1876881388918112, '批量网站3全称16', 'test516', '127.0.3.16', 'test516', '127.0.3.20;127.0.3.21', '127.0.3.100;127.0.3.101', '默认站点，第一个站点3', '测试,站点3', 2, 2, NULL, '/r/default/images/no_picture.gif', '/login', NULL, 1, 120, 120, '/r/default/images/watermark.png', 'www.lvxs.cn', 20, '#FF0000', 50, 1, 0, 0, 'LvxsCMS', 12, NULL, NULL, NULL, NULL, NULL, 0, 0, NULL, NULL, NULL, NULL, '2016-12-31', NULL, 1);
INSERT INTO `cms_website` VALUES (1876881768490697, '批量网站3全称17', 'test517', '127.0.3.17', 'test517', '127.0.3.20;127.0.3.21', '127.0.3.100;127.0.3.101', '默认站点，第一个站点3', '测试,站点3', 2, 2, NULL, '/r/default/images/no_picture.gif', '/login', NULL, 1, 120, 120, '/r/default/images/watermark.png', 'www.lvxs.cn', 20, '#FF0000', 50, 1, 0, 0, 'LvxsCMS', 12, NULL, NULL, NULL, NULL, NULL, 0, 0, NULL, NULL, NULL, NULL, '2016-12-31', NULL, 1);
INSERT INTO `cms_website` VALUES (1876882054501153, '批量网站3全称18', 'test518', '127.0.3.18', 'test518', '127.0.3.20;127.0.3.21', '127.0.3.100;127.0.3.101', '默认站点，第一个站点3', '测试,站点3', 2, 2, NULL, '/r/default/images/no_picture.gif', '/login', NULL, 1, 120, 120, '/r/default/images/watermark.png', 'www.lvxs.cn', 20, '#FF0000', 50, 1, 0, 0, 'LvxsCMS', 12, NULL, NULL, NULL, NULL, NULL, 0, 0, NULL, NULL, NULL, NULL, '2016-12-31', NULL, 1);
INSERT INTO `cms_website` VALUES (1876882434710918, '批量网站3全称19', 'test519', '127.0.3.19', 'test519', '127.0.3.20;127.0.3.21', '127.0.3.100;127.0.3.101', '默认站点，第一个站点3', '测试,站点3', 2, 2, NULL, '/r/default/images/no_picture.gif', '/login', NULL, 1, 120, 120, '/r/default/images/watermark.png', 'www.lvxs.cn', 20, '#FF0000', 50, 1, 0, 0, 'LvxsCMS', 12, NULL, NULL, NULL, NULL, NULL, 0, 0, NULL, NULL, NULL, NULL, '2016-12-31', NULL, 1);
INSERT INTO `cms_website` VALUES (1876882833206326, '批量网站3全称20', 'test520', '127.0.3.20', 'test520', '127.0.3.20;127.0.3.21', '127.0.3.100;127.0.3.101', '默认站点，第一个站点3', '测试,站点3', 2, 2, NULL, '/r/default/images/no_picture.gif', '/login', NULL, 1, 120, 120, '/r/default/images/watermark.png', 'www.lvxs.cn', 20, '#FF0000', 50, 1, 0, 0, 'LvxsCMS', 12, NULL, NULL, NULL, NULL, NULL, 0, 0, NULL, NULL, NULL, NULL, '2016-12-31', NULL, 1);
INSERT INTO `cms_website` VALUES (1876883101773571, '批量网站3全称21', 'test521', '127.0.3.21', 'test521', '127.0.3.20;127.0.3.21', '127.0.3.100;127.0.3.101', '默认站点，第一个站点3', '测试,站点3', 2, 2, NULL, '/r/default/images/no_picture.gif', '/login', NULL, 1, 120, 120, '/r/default/images/watermark.png', 'www.lvxs.cn', 20, '#FF0000', 50, 1, 0, 0, 'LvxsCMS', 12, NULL, NULL, NULL, NULL, NULL, 0, 0, NULL, NULL, NULL, NULL, '2016-12-31', NULL, 1);
INSERT INTO `cms_website` VALUES (1876883385744208, '批量网站3全称22', 'test522', '127.0.3.22', 'test522', '127.0.3.20;127.0.3.21', '127.0.3.100;127.0.3.101', '默认站点，第一个站点3', '测试,站点3', 2, 2, NULL, '/r/default/images/no_picture.gif', '/login', NULL, 1, 120, 120, '/r/default/images/watermark.png', 'www.lvxs.cn', 20, '#FF0000', 50, 1, 0, 0, 'LvxsCMS', 12, NULL, NULL, NULL, NULL, NULL, 0, 0, NULL, NULL, NULL, NULL, '2016-12-31', NULL, 1);
INSERT INTO `cms_website` VALUES (1876883654076254, '批量网站3全称23', 'test523', '127.0.3.23', 'test523', '127.0.3.20;127.0.3.21', '127.0.3.100;127.0.3.101', '默认站点，第一个站点3', '测试,站点3', 2, 2, NULL, '/r/default/images/no_picture.gif', '/login', NULL, 1, 120, 120, '/r/default/images/watermark.png', 'www.lvxs.cn', 20, '#FF0000', 50, 1, 0, 0, 'LvxsCMS', 12, NULL, NULL, NULL, NULL, NULL, 0, 0, NULL, NULL, NULL, NULL, '2016-12-31', NULL, 1);
INSERT INTO `cms_website` VALUES (1876884541233797, '批量网站3全称25', 'test525', '127.0.3.25', 'test525', '127.0.3.20;127.0.3.21', '127.0.3.100;127.0.3.101', '默认站点，第一个站点3', '测试,站点3', 2, 2, NULL, '/r/default/images/no_picture.gif', '/login', NULL, 1, 120, 120, '/r/default/images/watermark.png', 'www.lvxs.cn', 20, '#FF0000', 50, 1, 0, 0, 'LvxsCMS', 12, NULL, NULL, NULL, NULL, NULL, 0, 0, NULL, NULL, NULL, NULL, '2016-12-31', NULL, 1);
INSERT INTO `cms_website` VALUES (1876884939562422, '批量网站3全称26', 'test526', '127.0.3.26', 'test526', '127.0.3.20;127.0.3.21', '127.0.3.100;127.0.3.101', '默认站点，第一个站点3', '测试,站点3', 2, 2, NULL, '/r/default/images/no_picture.gif', '/login', NULL, 1, 120, 120, '/r/default/images/watermark.png', 'www.lvxs.cn', 20, '#FF0000', 50, 1, 0, 0, 'LvxsCMS', 12, NULL, NULL, NULL, NULL, NULL, 0, 0, NULL, NULL, NULL, NULL, '2016-12-31', NULL, 1);
INSERT INTO `cms_website` VALUES (1876885318228437, '批量网站3全称27', 'test527', '127.0.3.27', 'test527', '127.0.3.20;127.0.3.21', '127.0.3.100;127.0.3.101', '默认站点，第一个站点3', '测试,站点3', 2, 2, NULL, '/r/default/images/no_picture.gif', '/login', NULL, 1, 120, 120, '/r/default/images/watermark.png', 'www.lvxs.cn', 20, '#FF0000', 50, 1, 0, 0, 'LvxsCMS', 12, NULL, NULL, NULL, NULL, NULL, 0, 0, NULL, NULL, NULL, NULL, '2016-12-31', NULL, 1);
INSERT INTO `cms_website` VALUES (1876885716078115, '批量网站3全称28', 'test528', '127.0.3.28', 'test528', '127.0.3.20;127.0.3.21', '127.0.3.100;127.0.3.101', '默认站点，第一个站点3', '测试,站点3', 2, 2, NULL, '/r/default/images/no_picture.gif', '/login', NULL, 1, 120, 120, '/r/default/images/watermark.png', 'www.lvxs.cn', 20, '#FF0000', 50, 1, 0, 0, 'LvxsCMS', 12, NULL, NULL, NULL, NULL, NULL, 0, 0, NULL, NULL, NULL, NULL, '2016-12-31', NULL, 1);
INSERT INTO `cms_website` VALUES (1876886094004306, '批量网站3全称29', 'test529', '127.0.3.29', 'test529', '127.0.3.20;127.0.3.21', '127.0.3.100;127.0.3.101', '默认站点，第一个站点3', '测试,站点3', 2, 2, NULL, '/r/default/images/no_picture.gif', '/login', NULL, 1, 120, 120, '/r/default/images/watermark.png', 'www.lvxs.cn', 20, '#FF0000', 50, 1, 0, 0, 'LvxsCMS', 12, NULL, NULL, NULL, NULL, NULL, 0, 0, NULL, NULL, NULL, NULL, '2016-12-31', NULL, 1);
INSERT INTO `cms_website` VALUES (1876886493201041, '批量网站3全称30', 'test530', '127.0.3.30', 'test530', '127.0.3.20;127.0.3.21', '127.0.3.100;127.0.3.101', '默认站点，第一个站点3', '测试,站点3', 2, 2, NULL, '/r/default/images/no_picture.gif', '/login', NULL, 1, 120, 120, '/r/default/images/watermark.png', 'www.lvxs.cn', 20, '#FF0000', 50, 1, 0, 0, 'LvxsCMS', 12, NULL, NULL, NULL, NULL, NULL, 0, 0, NULL, NULL, NULL, NULL, '2016-12-31', NULL, 1);
INSERT INTO `cms_website` VALUES (1876886872174947, '批量网站3全称31', 'test531', '127.0.3.31', 'test531', '127.0.3.20;127.0.3.21', '127.0.3.100;127.0.3.101', '默认站点，第一个站点3', '测试,站点3', 2, 2, NULL, '/r/default/images/no_picture.gif', '/login', NULL, 1, 120, 120, '/r/default/images/watermark.png', 'www.lvxs.cn', 20, '#FF0000', 50, 1, 0, 0, 'LvxsCMS', 12, NULL, NULL, NULL, NULL, NULL, 0, 0, NULL, NULL, NULL, NULL, '2016-12-31', NULL, 1);
INSERT INTO `cms_website` VALUES (1876887379631607, '批量网站3全称32', 'test532', '127.0.3.32', 'test532', '127.0.3.20;127.0.3.21', '127.0.3.100;127.0.3.101', '默认站点，第一个站点3', '测试,站点3', 2, 2, NULL, '/r/default/images/no_picture.gif', '/login', NULL, 1, 120, 120, '/r/default/images/watermark.png', 'www.lvxs.cn', 20, '#FF0000', 50, 1, 0, 0, 'LvxsCMS', 12, NULL, NULL, NULL, NULL, NULL, 0, 0, NULL, NULL, NULL, NULL, '2016-12-31', NULL, 1);
INSERT INTO `cms_website` VALUES (1876887759546294, '批量网站3全称33', 'test533', '127.0.3.33', 'test533', '127.0.3.20;127.0.3.21', '127.0.3.100;127.0.3.101', '默认站点，第一个站点3', '测试,站点3', 2, 2, NULL, '/r/default/images/no_picture.gif', '/login', NULL, 1, 120, 120, '/r/default/images/watermark.png', 'www.lvxs.cn', 20, '#FF0000', 50, 1, 0, 0, 'LvxsCMS', 12, NULL, NULL, NULL, NULL, NULL, 0, 0, NULL, NULL, NULL, NULL, '2016-12-31', NULL, 1);
INSERT INTO `cms_website` VALUES (1876888535078423, '批量网站3全称35', 'test535', '127.0.3.35', 'test535', '127.0.3.20;127.0.3.21', '127.0.3.100;127.0.3.101', '默认站点，第一个站点3', '测试,站点3', 2, 2, NULL, '/r/default/images/no_picture.gif', '/login', NULL, 1, 120, 120, '/r/default/images/watermark.png', 'www.lvxs.cn', 20, '#FF0000', 50, 1, 0, 0, 'LvxsCMS', 12, NULL, NULL, NULL, NULL, NULL, 0, 0, NULL, NULL, NULL, NULL, '2016-12-31', NULL, 1);
INSERT INTO `cms_website` VALUES (1876889595077248, '批量网站3全称36', 'test536', '127.0.3.36', 'test536', '127.0.3.20;127.0.3.21', '127.0.3.100;127.0.3.101', '默认站点，第一个站点3', '测试,站点3', 2, 2, NULL, '/r/default/images/no_picture.gif', '/login', NULL, 1, 120, 120, '/r/default/images/watermark.png', 'www.lvxs.cn', 20, '#FF0000', 50, 1, 0, 0, 'LvxsCMS', 12, NULL, NULL, NULL, NULL, NULL, 0, 0, NULL, NULL, NULL, NULL, '2016-12-31', NULL, 1);
INSERT INTO `cms_website` VALUES (1876889866821813, '批量网站3全称37', 'test537', '127.0.3.37', 'test537', '127.0.3.20;127.0.3.21', '127.0.3.100;127.0.3.101', '默认站点，第一个站点3', '测试,站点3', 2, 2, NULL, '/r/default/images/no_picture.gif', '/login', NULL, 1, 120, 120, '/r/default/images/watermark.png', 'www.lvxs.cn', 20, '#FF0000', 50, 1, 0, 0, 'LvxsCMS', 12, NULL, NULL, NULL, NULL, NULL, 0, 0, NULL, NULL, NULL, NULL, '2016-12-31', NULL, 1);
INSERT INTO `cms_website` VALUES (1876890149701981, '批量网站3全称38', 'test538', '127.0.3.38', 'test538', '127.0.3.20;127.0.3.21', '127.0.3.100;127.0.3.101', '默认站点，第一个站点3', '测试,站点3', 2, 2, NULL, '/r/default/images/no_picture.gif', '/login', NULL, 1, 120, 120, '/r/default/images/watermark.png', 'www.lvxs.cn', 20, '#FF0000', 50, 1, 0, 0, 'LvxsCMS', 12, NULL, NULL, NULL, NULL, NULL, 0, 0, NULL, NULL, NULL, NULL, '2016-12-31', NULL, 1);
INSERT INTO `cms_website` VALUES (1876890532340707, '批量网站3全称39', 'test539', '127.0.3.39', 'test539', '127.0.3.20;127.0.3.21', '127.0.3.100;127.0.3.101', '默认站点，第一个站点3', '测试,站点3', 2, 2, NULL, '/r/default/images/no_picture.gif', '/login', NULL, 1, 120, 120, '/r/default/images/watermark.png', 'www.lvxs.cn', 20, '#FF0000', 50, 1, 0, 0, 'LvxsCMS', 12, NULL, NULL, NULL, NULL, NULL, 0, 0, NULL, NULL, NULL, NULL, '2016-12-31', NULL, 1);
INSERT INTO `cms_website` VALUES (1876895476200865, '批量网站3全称50', 'test550', '127.0.3.50', 'test550', '127.0.3.20;127.0.3.21', '127.0.3.100;127.0.3.101', '默认站点，第一个站点3', '测试,站点3', 2, 2, NULL, '/r/default/images/no_picture.gif', '/login', NULL, 1, 120, 120, '/r/default/images/watermark.png', 'www.lvxs.cn', 20, '#FF0000', 50, 1, 0, 0, 'LvxsCMS', 12, NULL, NULL, NULL, NULL, NULL, 0, 0, NULL, NULL, NULL, NULL, '2016-12-31', NULL, 1);
INSERT INTO `cms_website` VALUES (1876896142451017, '批量网站3全称51', 'test551', '127.0.3.51', 'test551', '127.0.3.20;127.0.3.21', '127.0.3.100;127.0.3.101', '默认站点，第一个站点3', '测试,站点3', 2, 2, NULL, '/r/default/images/no_picture.gif', '/login', NULL, 1, 120, 120, '/r/default/images/watermark.png', 'www.lvxs.cn', 20, '#FF0000', 50, 1, 0, 0, 'LvxsCMS', 12, NULL, NULL, NULL, NULL, NULL, 0, 0, NULL, NULL, NULL, NULL, '2016-12-31', NULL, 1);
INSERT INTO `cms_website` VALUES (1876896917615371, '批量网站3全称52', 'test552', '127.0.3.52', 'test552', '127.0.3.20;127.0.3.21', '127.0.3.100;127.0.3.101', '默认站点，第一个站点3', '测试,站点3', 2, 2, NULL, '/r/default/images/no_picture.gif', '/login', NULL, 1, 120, 120, '/r/default/images/watermark.png', 'www.lvxs.cn', 20, '#FF0000', 50, 1, 0, 0, 'LvxsCMS', 12, NULL, NULL, NULL, NULL, NULL, 0, 0, NULL, NULL, NULL, NULL, '2016-12-31', NULL, 1);
INSERT INTO `cms_website` VALUES (1876897474553612, '批量网站3全称53', 'test553', '127.0.3.53', 'test553', '127.0.3.20;127.0.3.21', '127.0.3.100;127.0.3.101', '默认站点，第一个站点3', '测试,站点3', 2, 2, NULL, '/r/default/images/no_picture.gif', '/login', NULL, 1, 120, 120, '/r/default/images/watermark.png', 'www.lvxs.cn', 20, '#FF0000', 50, 1, 0, 0, 'LvxsCMS', 12, NULL, NULL, NULL, NULL, NULL, 0, 0, NULL, NULL, NULL, NULL, '2016-12-31', NULL, 1);
INSERT INTO `cms_website` VALUES (1876898251804835, '批量网站3全称55', 'test555', '127.0.3.55', 'test555', '127.0.3.20;127.0.3.21', '127.0.3.100;127.0.3.101', '默认站点，第一个站点3', '测试,站点3', 2, 2, NULL, '/r/default/images/no_picture.gif', '/login', NULL, 1, 120, 120, '/r/default/images/watermark.png', 'www.lvxs.cn', 20, '#FF0000', 50, 1, 0, 0, 'LvxsCMS', 12, NULL, NULL, NULL, NULL, NULL, 0, 0, NULL, NULL, NULL, NULL, '2016-12-31', NULL, 1);
INSERT INTO `cms_website` VALUES (1876898636047180, '批量网站3全称56', 'test556', '127.0.3.56', 'test556', '127.0.3.20;127.0.3.21', '127.0.3.100;127.0.3.101', '默认站点，第一个站点3', '测试,站点3', 2, 2, NULL, '/r/default/images/no_picture.gif', '/login', NULL, 1, 120, 120, '/r/default/images/watermark.png', 'www.lvxs.cn', 20, '#FF0000', 50, 1, 0, 0, 'LvxsCMS', 12, NULL, NULL, NULL, NULL, NULL, 0, 0, NULL, NULL, NULL, NULL, '2016-12-31', NULL, 1);
INSERT INTO `cms_website` VALUES (1876899028863611, '批量网站3全称57', 'test557', '127.0.3.57', 'test557', '127.0.3.20;127.0.3.21', '127.0.3.100;127.0.3.101', '默认站点，第一个站点3', '测试,站点3', 2, 2, NULL, '/r/default/images/no_picture.gif', '/login', NULL, 1, 120, 120, '/r/default/images/watermark.png', 'www.lvxs.cn', 20, '#FF0000', 50, 1, 0, 0, 'LvxsCMS', 12, NULL, NULL, NULL, NULL, NULL, 0, 0, NULL, NULL, NULL, NULL, '2016-12-31', NULL, 1);
INSERT INTO `cms_website` VALUES (1876899522550442, '批量网站3全称58', 'test558', '127.0.3.58', 'test558', '127.0.3.20;127.0.3.21', '127.0.3.100;127.0.3.101', '默认站点，第一个站点3', '测试,站点3', 2, 2, NULL, '/r/default/images/no_picture.gif', '/login', NULL, 1, 120, 120, '/r/default/images/watermark.png', 'www.lvxs.cn', 20, '#FF0000', 50, 1, 0, 0, 'LvxsCMS', 12, NULL, NULL, NULL, NULL, NULL, 0, 0, NULL, NULL, NULL, NULL, '2016-12-31', NULL, 1);
INSERT INTO `cms_website` VALUES (1876899917222807, '批量网站3全称59', 'test559', '127.0.3.59', 'test559', '127.0.3.20;127.0.3.21', '127.0.3.100;127.0.3.101', '默认站点，第一个站点3', '测试,站点3', 2, 2, NULL, '/r/default/images/no_picture.gif', '/login', NULL, 1, 120, 120, '/r/default/images/watermark.png', 'www.lvxs.cn', 20, '#FF0000', 50, 1, 0, 0, 'LvxsCMS', 12, NULL, NULL, NULL, NULL, NULL, 0, 0, NULL, NULL, NULL, NULL, '2016-12-31', NULL, 1);
INSERT INTO `cms_website` VALUES (1876900299275678, '批量网站3全称60', 'test560', '127.0.3.60', 'test560', '127.0.3.20;127.0.3.21', '127.0.3.100;127.0.3.101', '默认站点，第一个站点3', '测试,站点3', 2, 2, NULL, '/r/default/images/no_picture.gif', '/login', NULL, 1, 120, 120, '/r/default/images/watermark.png', 'www.lvxs.cn', 20, '#FF0000', 50, 1, 0, 0, 'LvxsCMS', 12, NULL, NULL, NULL, NULL, NULL, 0, 0, NULL, NULL, NULL, NULL, '2016-12-31', NULL, 1);
INSERT INTO `cms_website` VALUES (1876900691288142, '批量网站3全称61', 'test561', '127.0.3.61', 'test561', '127.0.3.20;127.0.3.21', '127.0.3.100;127.0.3.101', '默认站点，第一个站点3', '测试,站点3', 2, 2, NULL, '/r/default/images/no_picture.gif', '/login', NULL, 1, 120, 120, '/r/default/images/watermark.png', 'www.lvxs.cn', 20, '#FF0000', 50, 1, 0, 0, 'LvxsCMS', 12, NULL, NULL, NULL, NULL, NULL, 0, 0, NULL, NULL, NULL, NULL, '2016-12-31', NULL, 1);
INSERT INTO `cms_website` VALUES (1876901074102201, '批量网站3全称62', 'test562', '127.0.3.62', 'test562', '127.0.3.20;127.0.3.21', '127.0.3.100;127.0.3.101', '默认站点，第一个站点3', '测试,站点3', 2, 2, NULL, '/r/default/images/no_picture.gif', '/login', NULL, 1, 120, 120, '/r/default/images/watermark.png', 'www.lvxs.cn', 20, '#FF0000', 50, 1, 0, 0, 'LvxsCMS', 12, NULL, NULL, NULL, NULL, NULL, 0, 0, NULL, NULL, NULL, NULL, '2016-12-31', NULL, 1);
INSERT INTO `cms_website` VALUES (1876901470438065, '批量网站3全称63', 'test563', '127.0.3.63', 'test563', '127.0.3.20;127.0.3.21', '127.0.3.100;127.0.3.101', '默认站点，第一个站点3', '测试,站点3', 2, 2, NULL, '/r/default/images/no_picture.gif', '/login', NULL, 1, 120, 120, '/r/default/images/watermark.png', 'www.lvxs.cn', 20, '#FF0000', 50, 1, 0, 0, 'LvxsCMS', 12, NULL, NULL, NULL, NULL, NULL, 0, 0, NULL, NULL, NULL, NULL, '2016-12-31', NULL, 1);
INSERT INTO `cms_website` VALUES (1876902247278746, '批量网站3全称65', 'test565', '127.0.3.65', 'test565', '127.0.3.20;127.0.3.21', '127.0.3.100;127.0.3.101', '默认站点，第一个站点3', '测试,站点3', 2, 2, NULL, '/r/default/images/no_picture.gif', '/login', NULL, 1, 120, 120, '/r/default/images/watermark.png', 'www.lvxs.cn', 20, '#FF0000', 50, 1, 0, 0, 'LvxsCMS', 12, NULL, NULL, NULL, NULL, NULL, 0, 0, NULL, NULL, NULL, NULL, '2016-12-31', NULL, 1);
INSERT INTO `cms_website` VALUES (1876902741145184, '批量网站3全称66', 'test566', '127.0.3.66', 'test566', '127.0.3.20;127.0.3.21', '127.0.3.100;127.0.3.101', '默认站点，第一个站点3', '测试,站点3', 2, 2, NULL, '/r/default/images/no_picture.gif', '/login', NULL, 1, 120, 120, '/r/default/images/watermark.png', 'www.lvxs.cn', 20, '#FF0000', 50, 1, 0, 0, 'LvxsCMS', 12, NULL, NULL, NULL, NULL, NULL, 0, 0, NULL, NULL, NULL, NULL, '2016-12-31', NULL, 1);
INSERT INTO `cms_website` VALUES (1876903134799778, '批量网站3全称67', 'test567', '127.0.3.67', 'test567', '127.0.3.20;127.0.3.21', '127.0.3.100;127.0.3.101', '默认站点，第一个站点3', '测试,站点3', 2, 2, NULL, '/r/default/images/no_picture.gif', '/login', NULL, 1, 120, 120, '/r/default/images/watermark.png', 'www.lvxs.cn', 20, '#FF0000', 50, 1, 0, 0, 'LvxsCMS', 12, NULL, NULL, NULL, NULL, NULL, 0, 0, NULL, NULL, NULL, NULL, '2016-12-31', NULL, 1);
INSERT INTO `cms_website` VALUES (1876903516972387, '批量网站3全称68', 'test568', '127.0.3.68', 'test568', '127.0.3.20;127.0.3.21', '127.0.3.100;127.0.3.101', '默认站点，第一个站点3', '测试,站点3', 2, 2, NULL, '/r/default/images/no_picture.gif', '/login', NULL, 1, 120, 120, '/r/default/images/watermark.png', 'www.lvxs.cn', 20, '#FF0000', 50, 1, 0, 0, 'LvxsCMS', 12, NULL, NULL, NULL, NULL, NULL, 0, 0, NULL, NULL, NULL, NULL, '2016-12-31', NULL, 1);
INSERT INTO `cms_website` VALUES (1876903911148687, '批量网站3全称69', 'test569', '127.0.3.69', 'test569', '127.0.3.20;127.0.3.21', '127.0.3.100;127.0.3.101', '默认站点，第一个站点3', '测试,站点3', 2, 2, NULL, '/r/default/images/no_picture.gif', '/login', NULL, 1, 120, 120, '/r/default/images/watermark.png', 'www.lvxs.cn', 20, '#FF0000', 50, 1, 0, 0, 'LvxsCMS', 12, NULL, NULL, NULL, NULL, NULL, 0, 0, NULL, NULL, NULL, NULL, '2016-12-31', NULL, 1);
INSERT INTO `cms_website` VALUES (1876904293821622, '批量网站3全称70', 'test570', '127.0.3.70', 'test570', '127.0.3.20;127.0.3.21', '127.0.3.100;127.0.3.101', '默认站点，第一个站点3', '测试,站点3', 2, 2, NULL, '/r/default/images/no_picture.gif', '/login', NULL, 1, 120, 120, '/r/default/images/watermark.png', 'www.lvxs.cn', 20, '#FF0000', 50, 1, 0, 0, 'LvxsCMS', 12, NULL, NULL, NULL, NULL, NULL, 0, 0, NULL, NULL, NULL, NULL, '2016-12-31', NULL, 1);
INSERT INTO `cms_website` VALUES (1876904686522588, '批量网站3全称71', 'test571', '127.0.3.71', 'test571', '127.0.3.20;127.0.3.21', '127.0.3.100;127.0.3.101', '默认站点，第一个站点3', '测试,站点3', 2, 2, NULL, '/r/default/images/no_picture.gif', '/login', NULL, 1, 120, 120, '/r/default/images/watermark.png', 'www.lvxs.cn', 20, '#FF0000', 50, 1, 0, 0, 'LvxsCMS', 12, NULL, NULL, NULL, NULL, NULL, 0, 0, NULL, NULL, NULL, NULL, '2016-12-31', NULL, 1);
INSERT INTO `cms_website` VALUES (1876905068122168, '批量网站3全称72', 'test572', '127.0.3.72', 'test572', '127.0.3.20;127.0.3.21', '127.0.3.100;127.0.3.101', '默认站点，第一个站点3', '测试,站点3', 2, 2, NULL, '/r/default/images/no_picture.gif', '/login', NULL, 1, 120, 120, '/r/default/images/watermark.png', 'www.lvxs.cn', 20, '#FF0000', 50, 1, 0, 0, 'LvxsCMS', 12, NULL, NULL, NULL, NULL, NULL, 0, 0, NULL, NULL, NULL, NULL, '2016-12-31', NULL, 1);
INSERT INTO `cms_website` VALUES (1876905462007676, '批量网站3全称73', 'test573', '127.0.3.73', 'test573', '127.0.3.20;127.0.3.21', '127.0.3.100;127.0.3.101', '默认站点，第一个站点3', '测试,站点3', 2, 2, NULL, '/r/default/images/no_picture.gif', '/login', NULL, 1, 120, 120, '/r/default/images/watermark.png', 'www.lvxs.cn', 20, '#FF0000', 50, 1, 0, 0, 'LvxsCMS', 12, NULL, NULL, NULL, NULL, NULL, 0, 0, NULL, NULL, NULL, NULL, '2016-12-31', NULL, 1);
INSERT INTO `cms_website` VALUES (1876906458874821, '批量网站3全称75', 'test575', '127.0.3.75', 'test575', '127.0.3.20;127.0.3.21', '127.0.3.100;127.0.3.101', '默认站点，第一个站点3', '测试,站点3', 2, 2, NULL, '/r/default/images/no_picture.gif', '/login', NULL, 1, 120, 120, '/r/default/images/watermark.png', 'www.lvxs.cn', 20, '#FF0000', 50, 1, 0, 0, 'LvxsCMS', 12, NULL, NULL, NULL, NULL, NULL, 0, 0, NULL, NULL, NULL, NULL, '2016-12-31', NULL, 1);
INSERT INTO `cms_website` VALUES (1876906842261916, '批量网站3全称76', 'test576', '127.0.3.76', 'test576', '127.0.3.20;127.0.3.21', '127.0.3.100;127.0.3.101', '默认站点，第一个站点3', '测试,站点3', 2, 2, NULL, '/r/default/images/no_picture.gif', '/login', NULL, 1, 120, 120, '/r/default/images/watermark.png', 'www.lvxs.cn', 20, '#FF0000', 50, 1, 0, 0, 'LvxsCMS', 12, NULL, NULL, NULL, NULL, NULL, 0, 0, NULL, NULL, NULL, NULL, '2016-12-31', NULL, 1);
INSERT INTO `cms_website` VALUES (1876907125013794, '批量网站3全称77', 'test577', '127.0.3.77', 'test577', '127.0.3.20;127.0.3.21', '127.0.3.100;127.0.3.101', '默认站点，第一个站点3', '测试,站点3', 2, 2, NULL, '/r/default/images/no_picture.gif', '/login', NULL, 1, 120, 120, '/r/default/images/watermark.png', 'www.lvxs.cn', 20, '#FF0000', 50, 1, 0, 0, 'LvxsCMS', 12, NULL, NULL, NULL, NULL, NULL, 0, 0, NULL, NULL, NULL, NULL, '2016-12-31', NULL, 1);
INSERT INTO `cms_website` VALUES (1876907509217658, '批量网站3全称78', 'test578', '127.0.3.78', 'test578', '127.0.3.20;127.0.3.21', '127.0.3.100;127.0.3.101', '默认站点，第一个站点3', '测试,站点3', 2, 2, NULL, '/r/default/images/no_picture.gif', '/login', NULL, 1, 120, 120, '/r/default/images/watermark.png', 'www.lvxs.cn', 20, '#FF0000', 50, 1, 0, 0, 'LvxsCMS', 12, NULL, NULL, NULL, NULL, NULL, 0, 0, NULL, NULL, NULL, NULL, '2016-12-31', NULL, 1);
INSERT INTO `cms_website` VALUES (1876907902825203, '批量网站3全称79', 'test579', '127.0.3.79', 'test579', '127.0.3.20;127.0.3.21', '127.0.3.100;127.0.3.101', '默认站点，第一个站点3', '测试,站点3', 2, 2, NULL, '/r/default/images/no_picture.gif', '/login', NULL, 1, 120, 120, '/r/default/images/watermark.png', 'www.lvxs.cn', 20, '#FF0000', 50, 1, 0, 0, 'LvxsCMS', 12, NULL, NULL, NULL, NULL, NULL, 0, 0, NULL, NULL, NULL, NULL, '2016-12-31', NULL, 1);
INSERT INTO `cms_website` VALUES (1876908177520450, '批量网站3全称80', 'test580', '127.0.3.80', 'test580', '127.0.3.20;127.0.3.21', '127.0.3.100;127.0.3.101', '默认站点，第一个站点3', '测试,站点3', 2, 2, NULL, '/r/default/images/no_picture.gif', '/login', NULL, 1, 120, 120, '/r/default/images/watermark.png', 'www.lvxs.cn', 20, '#FF0000', 50, 1, 0, 0, 'LvxsCMS', 12, NULL, NULL, NULL, NULL, NULL, 0, 0, NULL, NULL, NULL, NULL, '2016-12-31', NULL, 1);
INSERT INTO `cms_website` VALUES (1876908455487106, '批量网站3全称81', 'test581', '127.0.3.81', 'test581', '127.0.3.20;127.0.3.21', '127.0.3.100;127.0.3.101', '默认站点，第一个站点3', '测试,站点3', 2, 2, NULL, '/r/default/images/no_picture.gif', '/login', NULL, 1, 120, 120, '/r/default/images/watermark.png', 'www.lvxs.cn', 20, '#FF0000', 50, 1, 0, 0, 'LvxsCMS', 12, NULL, NULL, NULL, NULL, NULL, 0, 0, NULL, NULL, NULL, NULL, '2016-12-31', NULL, 1);
INSERT INTO `cms_website` VALUES (1876908729019183, '批量网站3全称82', 'test582', '127.0.3.82', 'test582', '127.0.3.20;127.0.3.21', '127.0.3.100;127.0.3.101', '默认站点，第一个站点3', '测试,站点3', 2, 2, NULL, '/r/default/images/no_picture.gif', '/login', NULL, 1, 120, 120, '/r/default/images/watermark.png', 'www.lvxs.cn', 20, '#FF0000', 50, 1, 0, 0, 'LvxsCMS', 12, NULL, NULL, NULL, NULL, NULL, 0, 0, NULL, NULL, NULL, NULL, '2016-12-31', NULL, 1);
INSERT INTO `cms_website` VALUES (1876909122220480, '批量网站3全称83', 'test583', '127.0.3.83', 'test583', '127.0.3.20;127.0.3.21', '127.0.3.100;127.0.3.101', '默认站点，第一个站点3', '测试,站点3', 2, 2, NULL, '/r/default/images/no_picture.gif', '/login', NULL, 1, 120, 120, '/r/default/images/watermark.png', 'www.lvxs.cn', 20, '#FF0000', 50, 1, 0, 0, 'LvxsCMS', 12, NULL, NULL, NULL, NULL, NULL, 0, 0, NULL, NULL, NULL, NULL, '2016-12-31', NULL, 1);
INSERT INTO `cms_website` VALUES (1876909902503625, '批量网站3全称85', 'test585', '127.0.3.85', 'test585', '127.0.3.20;127.0.3.21', '127.0.3.100;127.0.3.101', '默认站点，第一个站点3', '测试,站点3', 2, 2, NULL, '/r/default/images/no_picture.gif', '/login', NULL, 1, 120, 120, '/r/default/images/watermark.png', 'www.lvxs.cn', 20, '#FF0000', 50, 1, 0, 0, 'LvxsCMS', 12, NULL, NULL, NULL, NULL, NULL, 0, 0, NULL, NULL, NULL, NULL, '2016-12-31', NULL, 1);
INSERT INTO `cms_website` VALUES (1876910174432081, '批量网站3全称86', 'test586', '127.0.3.86', 'test586', '127.0.3.20;127.0.3.21', '127.0.3.100;127.0.3.101', '默认站点，第一个站点3', '测试,站点3', 2, 2, NULL, '/r/default/images/no_picture.gif', '/login', NULL, 1, 120, 120, '/r/default/images/watermark.png', 'www.lvxs.cn', 20, '#FF0000', 50, 1, 0, 0, 'LvxsCMS', 12, NULL, NULL, NULL, NULL, NULL, 0, 0, NULL, NULL, NULL, NULL, '2016-12-31', NULL, 1);
INSERT INTO `cms_website` VALUES (1876910455982302, '批量网站3全称87', 'test587', '127.0.3.87', 'test587', '127.0.3.20;127.0.3.21', '127.0.3.100;127.0.3.101', '默认站点，第一个站点3', '测试,站点3', 2, 2, NULL, '/r/default/images/no_picture.gif', '/login', NULL, 1, 120, 120, '/r/default/images/watermark.png', 'www.lvxs.cn', 20, '#FF0000', 50, 1, 0, 0, 'LvxsCMS', 12, NULL, NULL, NULL, NULL, NULL, 0, 0, NULL, NULL, NULL, NULL, '2016-12-31', NULL, 1);
INSERT INTO `cms_website` VALUES (1876910727769631, '批量网站3全称88', 'test588', '127.0.3.88', 'test588', '127.0.3.20;127.0.3.21', '127.0.3.100;127.0.3.101', '默认站点，第一个站点3', '测试,站点3', 2, 2, NULL, '/r/default/images/no_picture.gif', '/login', NULL, 1, 120, 120, '/r/default/images/watermark.png', 'www.lvxs.cn', 20, '#FF0000', 50, 1, 0, 0, 'LvxsCMS', 12, NULL, NULL, NULL, NULL, NULL, 0, 0, NULL, NULL, NULL, NULL, '2016-12-31', NULL, 1);
INSERT INTO `cms_website` VALUES (1876911120094284, '批量网站3全称89', 'test589', '127.0.3.89', 'test589', '127.0.3.20;127.0.3.21', '127.0.3.100;127.0.3.101', '默认站点，第一个站点3', '测试,站点3', 2, 2, NULL, '/r/default/images/no_picture.gif', '/login', NULL, 1, 120, 120, '/r/default/images/watermark.png', 'www.lvxs.cn', 20, '#FF0000', 50, 1, 0, 0, 'LvxsCMS', 12, NULL, NULL, NULL, NULL, NULL, 0, 0, NULL, NULL, NULL, NULL, '2016-12-31', NULL, 1);
INSERT INTO `cms_website` VALUES (1876911506491916, '批量网站3全称90', 'test590', '127.0.3.90', 'test590', '127.0.3.20;127.0.3.21', '127.0.3.100;127.0.3.101', '默认站点，第一个站点3', '测试,站点3', 2, 2, NULL, '/r/default/images/no_picture.gif', '/login', NULL, 1, 120, 120, '/r/default/images/watermark.png', 'www.lvxs.cn', 20, '#FF0000', 50, 1, 0, 0, 'LvxsCMS', 12, NULL, NULL, NULL, NULL, NULL, 0, 0, NULL, NULL, NULL, NULL, '2016-12-31', NULL, 1);
INSERT INTO `cms_website` VALUES (1876911899175773, '批量网站3全称91', 'test591', '127.0.3.91', 'test591', '127.0.3.20;127.0.3.21', '127.0.3.100;127.0.3.101', '默认站点，第一个站点3', '测试,站点3', 2, 2, NULL, '/r/default/images/no_picture.gif', '/login', NULL, 1, 120, 120, '/r/default/images/watermark.png', 'www.lvxs.cn', 20, '#FF0000', 50, 1, 0, 0, 'LvxsCMS', 12, NULL, NULL, NULL, NULL, NULL, 0, 0, NULL, NULL, NULL, NULL, '2016-12-31', NULL, 1);
INSERT INTO `cms_website` VALUES (1876912171211132, '批量网站3全称92', 'test592', '127.0.3.92', 'test592', '127.0.3.20;127.0.3.21', '127.0.3.100;127.0.3.101', '默认站点，第一个站点3', '测试,站点3', 2, 2, NULL, '/r/default/images/no_picture.gif', '/login', NULL, 1, 120, 120, '/r/default/images/watermark.png', 'www.lvxs.cn', 20, '#FF0000', 50, 1, 0, 0, 'LvxsCMS', 12, NULL, NULL, NULL, NULL, NULL, 0, 0, NULL, NULL, NULL, NULL, '2016-12-31', NULL, -1);
INSERT INTO `cms_website` VALUES (1876912452919580, '批量网站3全称93', 'test593', '127.0.3.93', 'test593', '127.0.3.20;127.0.3.21', '127.0.3.100;127.0.3.101', '默认站点，第一个站点3', '测试,站点3', 2, 2, NULL, '/r/default/images/no_picture.gif', '/login', NULL, 1, 120, 120, '/r/default/images/watermark.png', 'www.lvxs.cn', 20, '#FF0000', 50, 1, 0, 0, 'LvxsCMS', 12, NULL, NULL, NULL, NULL, NULL, 0, 0, NULL, NULL, NULL, NULL, '2016-12-31', NULL, 1);
INSERT INTO `cms_website` VALUES (1876913117903944, '批量网站3全称95', 'test595', '127.0.3.95', 'test595', '127.0.3.20;127.0.3.21', '127.0.3.100;127.0.3.101', '默认站点，第一个站点3', '测试,站点3', 2, 2, NULL, '/r/default/images/no_picture.gif', '/login', NULL, 1, 120, 120, '/r/default/images/watermark.png', 'www.lvxs.cn', 20, '#FF0000', 50, 1, 0, 0, 'LvxsCMS', 12, NULL, NULL, NULL, NULL, NULL, 0, 0, NULL, NULL, NULL, NULL, '2016-12-31', NULL, 1);
INSERT INTO `cms_website` VALUES (1876913498943314, '龙之旅秦风旅游网', '秦风旅游', 'qinfeng.lvxs.cn', 'qinfeng', 'www.xaqf.net;xaqf.net', NULL, '龙之旅秦风旅行社，西安散客一日游接待商', '西安,散客,一日游', 2, 2, NULL, '/r/default/images/no_picture.gif', '/login', NULL, 1, 120, 120, '/r/default/images/watermark.png', 'www.lvxs.cn', 20, '#FF0000', 50, 1, 0, 0, 'LvxsCMS', 12, NULL, NULL, NULL, NULL, NULL, 0, 0, '高庆莉', '18783939085', '67868787', '67868787@QQ.COM', '9999-12-31', NULL, 1);
INSERT INTO `cms_website` VALUES (1876913892589351, '批量网站3全称97', 'test597', '127.0.3.97', 'test597', '127.0.3.20;127.0.3.21', '127.0.3.100;127.0.3.101', '默认站点，第一个站点3', '测试,站点3', 2, 2, NULL, '/r/default/images/no_picture.gif', '/login', NULL, 1, 120, 120, '/r/default/images/watermark.png', 'www.lvxs.cn', 20, '#FF0000', 50, 1, 0, 0, 'LvxsCMS', 12, NULL, NULL, NULL, NULL, NULL, 0, 0, NULL, NULL, NULL, NULL, '2016-12-31', NULL, -1);
INSERT INTO `cms_website` VALUES (1876914164154316, '批量网站3全称98', 'test598', '127.0.3.98', 'test598', '127.0.3.20;127.0.3.21', '127.0.3.100;127.0.3.101', '默认站点，第一个站点3', '测试,站点3', 2, 2, NULL, '/r/default/images/no_picture.gif', '/login', NULL, 1, 120, 120, '/r/default/images/watermark.png', 'www.lvxs.cn', 20, '#FF0000', 50, 1, 0, 0, 'LvxsCMS', 12, NULL, NULL, NULL, NULL, NULL, 0, 0, NULL, NULL, NULL, NULL, '2016-12-31', NULL, 0);
INSERT INTO `cms_website` VALUES (1876914447081524, 'IT技术信息网', 'IT技术信息网', 'www.cnitti.net', 'cnitti_net', 'cnitti.net;', 'www1.cnitti.net;ah.cnitti.net', 'IT技术信息网', 'IT资讯,IT教程', 2, 2, NULL, '/r/default/images/no_picture.gif', '/login', NULL, 1, 120, 120, '/r/default/images/watermark.png', 'www.lvxs.cn', 20, '#FF0000', 50, 1, 0, 0, 'LvxsCMS', 12, NULL, NULL, NULL, NULL, NULL, 0, 0, '杨春兰', '13398989887', '98298902', '98298902@qq.com', '9999-12-31', NULL, 1);
INSERT INTO `cms_website` VALUES (1876914718582341, '批量网站3全称100', 'test5100', '127.0.3.100', 'test5100', '127.0.3.20;127.0.3.21', '127.0.3.100;127.0.3.101', '默认站点，第一个站点3', '测试,站点3', 2, 2, NULL, '/r/default/images/no_picture.gif', '/login', NULL, 1, 120, 120, '/r/default/images/watermark.png', 'www.lvxs.cn', 20, '#FF0000', 50, 1, 0, 0, 'LvxsCMS', 12, NULL, NULL, NULL, NULL, NULL, 0, 0, NULL, NULL, NULL, NULL, '2016-12-31', NULL, 1);
INSERT INTO `cms_website` VALUES (1876915224418260, '批量网站3全称101', 'test5101', '127.0.3.101', 'test5101', '127.0.3.20;127.0.3.21', '127.0.3.100;127.0.3.101', '默认站点，第一个站点3', '测试,站点3', 2, 2, NULL, '/r/default/images/no_picture.gif', '/login', NULL, 1, 120, 120, '/r/default/images/watermark.png', 'www.lvxs.cn', 20, '#FF0000', 50, 1, 0, 0, 'LvxsCMS', 12, NULL, NULL, NULL, NULL, NULL, 0, 0, NULL, NULL, NULL, NULL, '2016-12-31', NULL, 1);
INSERT INTO `cms_website` VALUES (1876915607899438, '批量网站3全称102', 'test5102', '127.0.3.102', 'test5102', '127.0.3.20;127.0.3.21', '127.0.3.100;127.0.3.101', '默认站点，第一个站点3', '测试,站点3', 2, 2, NULL, '/r/default/images/no_picture.gif', '/login', NULL, 1, 120, 120, '/r/default/images/watermark.png', 'www.lvxs.cn', 20, '#FF0000', 50, 1, 0, 0, 'LvxsCMS', 12, NULL, NULL, NULL, NULL, NULL, 0, 0, NULL, NULL, NULL, NULL, '2016-12-31', NULL, 1);
INSERT INTO `cms_website` VALUES (1876916000181312, '批量网站3全称103', 'test5103', '127.0.3.103', 'test5103', '127.0.3.20;127.0.3.21', '127.0.3.100;127.0.3.101', '默认站点，第一个站点3', '测试,站点3', 2, 2, NULL, '/r/default/images/no_picture.gif', '/login', NULL, 1, 120, 120, '/r/default/images/watermark.png', 'www.lvxs.cn', 20, '#FF0000', 50, 1, 0, 0, 'LvxsCMS', 12, NULL, NULL, NULL, NULL, NULL, 0, 0, NULL, NULL, NULL, NULL, '2016-12-31', NULL, 1);
INSERT INTO `cms_website` VALUES (1876916890554661, '批量网站3全称105', 'test5105', '127.0.3.105', 'test5105', '127.0.3.20;127.0.3.21', '127.0.3.100;127.0.3.101', '默认站点，第一个站点3', '测试,站点3', 2, 2, NULL, '/r/default/images/no_picture.gif', '/login', NULL, 1, 120, 120, '/r/default/images/watermark.png', 'www.lvxs.cn', 20, '#FF0000', 50, 1, 0, 0, 'LvxsCMS', 12, NULL, NULL, NULL, NULL, NULL, 0, 0, NULL, NULL, NULL, NULL, '2016-12-31', NULL, 1);
INSERT INTO `cms_website` VALUES (1876917273736494, '批量网站3全称106', 'test5106', '127.0.3.106', 'test5106', '127.0.3.20;127.0.3.21', '127.0.3.100;127.0.3.101', '默认站点，第一个站点3', '测试,站点3', 2, 2, NULL, '/r/default/images/no_picture.gif', '/login', NULL, 1, 120, 120, '/r/default/images/watermark.png', 'www.lvxs.cn', 20, '#FF0000', 50, 1, 0, 0, 'LvxsCMS', 12, NULL, NULL, NULL, NULL, NULL, 0, 0, NULL, NULL, NULL, NULL, '2016-12-31', NULL, 1);
INSERT INTO `cms_website` VALUES (1876917668032538, '批量网站3全称107', 'test5107', '127.0.3.107', 'test5107', '127.0.3.20;127.0.3.21', '127.0.3.100;127.0.3.101', '默认站点，第一个站点3', '测试,站点3', 2, 2, NULL, '/r/default/images/no_picture.gif', '/login', NULL, 1, 120, 120, '/r/default/images/watermark.png', 'www.lvxs.cn', 20, '#FF0000', 50, 1, 0, 0, 'LvxsCMS', 12, NULL, NULL, NULL, NULL, NULL, 0, 0, NULL, NULL, NULL, NULL, '2016-12-31', NULL, 1);
INSERT INTO `cms_website` VALUES (1876918051210073, '批量网站3全称108', 'test5108', '127.0.3.108', 'test5108', '127.0.3.20;127.0.3.21', '127.0.3.100;127.0.3.101', '默认站点，第一个站点3', '测试,站点3', 2, 2, NULL, '/r/default/images/no_picture.gif', '/login', NULL, 1, 120, 120, '/r/default/images/watermark.png', 'www.lvxs.cn', 20, '#FF0000', 50, 1, 0, 0, 'LvxsCMS', 12, NULL, NULL, NULL, NULL, NULL, 0, 0, NULL, NULL, NULL, NULL, '2016-12-31', NULL, 1);
INSERT INTO `cms_website` VALUES (1876918444642290, '批量网站3全称109', 'test5109', '127.0.3.109', 'test5109', '127.0.3.20;127.0.3.21', '127.0.3.100;127.0.3.101', '默认站点，第一个站点3', '测试,站点3', 2, 2, NULL, '/r/default/images/no_picture.gif', '/login', NULL, 1, 120, 120, '/r/default/images/watermark.png', 'www.lvxs.cn', 20, '#FF0000', 50, 1, 0, 0, 'LvxsCMS', 12, NULL, NULL, NULL, NULL, NULL, 0, 0, NULL, NULL, NULL, NULL, '2016-12-31', NULL, 1);
INSERT INTO `cms_website` VALUES (1876918825531991, '批量网站3全称110', 'test5110', '127.0.3.110', 'test5110', '127.0.3.20;127.0.3.21', '127.0.3.100;127.0.3.101', '默认站点，第一个站点3', '测试,站点3', 2, 2, NULL, '/r/default/images/no_picture.gif', '/login', NULL, 1, 120, 120, '/r/default/images/watermark.png', 'www.lvxs.cn', 20, '#FF0000', 50, 1, 0, 0, 'LvxsCMS', 12, NULL, NULL, NULL, NULL, NULL, 0, 0, NULL, NULL, NULL, NULL, '2016-12-31', NULL, 1);
INSERT INTO `cms_website` VALUES (1876919218356974, '批量网站3全称111', 'test5111', '127.0.3.111', 'test5111', '127.0.3.20;127.0.3.21', '127.0.3.100;127.0.3.101', '默认站点，第一个站点3', '测试,站点3', 2, 2, NULL, '/r/default/images/no_picture.gif', '/login', NULL, 1, 120, 120, '/r/default/images/watermark.png', 'www.lvxs.cn', 20, '#FF0000', 50, 1, 0, 0, 'LvxsCMS', 12, NULL, NULL, NULL, NULL, NULL, 0, 0, NULL, NULL, NULL, NULL, '2016-12-31', NULL, 1);
INSERT INTO `cms_website` VALUES (1876919602205900, '批量网站3全称112', 'test5112', '127.0.3.112', 'test5112', '127.0.3.20;127.0.3.21', '127.0.3.100;127.0.3.101', '默认站点，第一个站点3', '测试,站点3', 2, 2, NULL, '/r/default/images/no_picture.gif', '/login', NULL, 1, 120, 120, '/r/default/images/watermark.png', 'www.lvxs.cn', 20, '#FF0000', 50, 1, 0, 0, 'LvxsCMS', 12, NULL, NULL, NULL, NULL, NULL, 0, 0, NULL, NULL, NULL, NULL, '2016-12-31', NULL, 1);
INSERT INTO `cms_website` VALUES (1876920108127367, '批量网站3全称113', 'test5113', '127.0.3.113', 'test5113', '127.0.3.20;127.0.3.21', '127.0.3.100;127.0.3.101', '默认站点，第一个站点3', '测试,站点3', 2, 2, NULL, '/r/default/images/no_picture.gif', '/login', NULL, 1, 120, 120, '/r/default/images/watermark.png', 'www.lvxs.cn', 20, '#FF0000', 50, 1, 0, 0, 'LvxsCMS', 12, NULL, NULL, NULL, NULL, NULL, 0, 0, NULL, NULL, NULL, NULL, '2016-12-31', NULL, 1);
INSERT INTO `cms_website` VALUES (1876920883142051, '批量网站3全称115', 'test5115', '127.0.3.115', 'test5115', '127.0.3.20;127.0.3.21', '127.0.3.100;127.0.3.101', '默认站点，第一个站点3', '测试,站点3', 2, 2, NULL, '/r/default/images/no_picture.gif', '/login', NULL, 1, 120, 120, '/r/default/images/watermark.png', 'www.lvxs.cn', 20, '#FF0000', 50, 1, 0, 0, 'LvxsCMS', 12, NULL, NULL, NULL, NULL, NULL, 0, 0, NULL, NULL, NULL, NULL, '2016-12-31', NULL, 1);
INSERT INTO `cms_website` VALUES (1876921268491982, '批量网站3全称116', 'test5116', '127.0.3.116', 'test5116', '127.0.3.20;127.0.3.21', '127.0.3.100;127.0.3.101', '默认站点，第一个站点3', '测试,站点3', 2, 2, NULL, '/r/default/images/no_picture.gif', '/login', NULL, 1, 120, 120, '/r/default/images/watermark.png', 'www.lvxs.cn', 20, '#FF0000', 50, 1, 0, 0, 'LvxsCMS', 12, NULL, NULL, NULL, NULL, NULL, 0, 0, NULL, NULL, NULL, NULL, '2016-12-31', NULL, 1);
INSERT INTO `cms_website` VALUES (1876921661034726, '批量网站3全称117', 'test5117', '127.0.3.117', 'test5117', '127.0.3.20;127.0.3.21', '127.0.3.100;127.0.3.101', '默认站点，第一个站点3', '测试,站点3', 2, 2, NULL, '/r/default/images/no_picture.gif', '/login', NULL, 1, 120, 120, '/r/default/images/watermark.png', 'www.lvxs.cn', 20, '#FF0000', 50, 1, 0, 0, 'LvxsCMS', 12, NULL, NULL, NULL, NULL, NULL, 0, 0, NULL, NULL, NULL, NULL, '2016-12-31', NULL, 1);
INSERT INTO `cms_website` VALUES (1876922276028610, '批量网站3全称118', 'test5118', '127.0.3.118', 'test5118', '127.0.3.20;127.0.3.21', '127.0.3.100;127.0.3.101', '默认站点，第一个站点3', '测试,站点3', 2, 2, NULL, '/r/default/images/no_picture.gif', '/login', NULL, 1, 120, 120, '/r/default/images/watermark.png', 'www.lvxs.cn', 20, '#FF0000', 50, 1, 0, 0, 'LvxsCMS', 12, NULL, NULL, NULL, NULL, NULL, 0, 0, NULL, NULL, NULL, NULL, '2016-12-31', NULL, 1);
INSERT INTO `cms_website` VALUES (1876922660010101, '批量网站3全称119', 'test5119', '127.0.3.119', 'test5119', '127.0.3.20;127.0.3.21', '127.0.3.100;127.0.3.101', '默认站点，第一个站点3', '测试,站点3', 2, 2, NULL, '/r/default/images/no_picture.gif', '/login', NULL, 1, 120, 120, '/r/default/images/watermark.png', 'www.lvxs.cn', 20, '#FF0000', 50, 1, 0, 0, 'LvxsCMS', 12, NULL, NULL, NULL, NULL, NULL, 0, 0, NULL, NULL, NULL, NULL, '2016-12-31', NULL, 1);
INSERT INTO `cms_website` VALUES (1876922926700030, '批量网站3全称120', 'test5120', '127.0.3.120', 'test5120', '127.0.3.20;127.0.3.21', '127.0.3.100;127.0.3.101', '默认站点，第一个站点3', '测试,站点3', 2, 2, NULL, '/r/default/images/no_picture.gif', '/login', NULL, 1, 120, 120, '/r/default/images/watermark.png', 'www.lvxs.cn', 20, '#FF0000', 50, 1, 0, 0, 'LvxsCMS', 12, NULL, NULL, NULL, NULL, NULL, 0, 0, NULL, NULL, NULL, NULL, '2016-12-31', NULL, 1);
INSERT INTO `cms_website` VALUES (1876923214703268, '批量网站3全称121', 'test5121', '127.0.3.121', 'test5121', '127.0.3.20;127.0.3.21', '127.0.3.100;127.0.3.101', '默认站点，第一个站点3', '测试,站点3', 2, 2, NULL, '/r/default/images/no_picture.gif', '/login', NULL, 1, 120, 120, '/r/default/images/watermark.png', 'www.lvxs.cn', 20, '#FF0000', 50, 1, 0, 0, 'LvxsCMS', 12, NULL, NULL, NULL, NULL, NULL, 0, 0, NULL, NULL, NULL, NULL, '2016-12-31', NULL, 1);
INSERT INTO `cms_website` VALUES (1876923591863992, '批量网站3全称122', 'test5122', '127.0.3.122', 'test5122', '127.0.3.20;127.0.3.21', '127.0.3.100;127.0.3.101', '默认站点，第一个站点3', '测试,站点3', 2, 2, NULL, '/r/default/images/no_picture.gif', '/login', NULL, 1, 120, 120, '/r/default/images/watermark.png', 'www.lvxs.cn', 20, '#FF0000', 50, 1, 0, 0, 'LvxsCMS', 12, NULL, NULL, NULL, NULL, NULL, 0, 0, NULL, NULL, NULL, NULL, '2016-12-31', NULL, 1);
INSERT INTO `cms_website` VALUES (1876923881162962, '批量网站3全称123', 'test5123', '127.0.3.123', 'test5123', '127.0.3.20;127.0.3.21', '127.0.3.100;127.0.3.101', '默认站点，第一个站点3', '测试,站点3', 2, 2, NULL, '/r/default/images/no_picture.gif', '/login', NULL, 1, 120, 120, '/r/default/images/watermark.png', 'www.lvxs.cn', 20, '#FF0000', 50, 1, 0, 0, 'LvxsCMS', 12, NULL, NULL, NULL, NULL, NULL, 0, 0, NULL, NULL, NULL, NULL, '2016-12-31', NULL, 1);
INSERT INTO `cms_website` VALUES (1876924653560523, '批量网站3全称125', 'test5125', '127.0.3.125', 'test5125', '127.0.3.20;127.0.3.21', '127.0.3.100;127.0.3.101', '默认站点，第一个站点3', '测试,站点3', 2, 2, NULL, '/r/default/images/no_picture.gif', '/login', NULL, 1, 120, 120, '/r/default/images/watermark.png', 'www.lvxs.cn', 20, '#FF0000', 50, 1, 0, 0, 'LvxsCMS', 12, NULL, NULL, NULL, NULL, NULL, 0, 0, NULL, NULL, NULL, NULL, '2016-12-31', NULL, 1);
INSERT INTO `cms_website` VALUES (1876924924218902, '批量网站3全称126', 'test5126', '127.0.3.126', 'test5126', '127.0.3.20;127.0.3.21', '127.0.3.100;127.0.3.101', '默认站点，第一个站点3', '测试,站点3', 2, 2, NULL, '/r/default/images/no_picture.gif', '/login', NULL, 1, 120, 120, '/r/default/images/watermark.png', 'www.lvxs.cn', 20, '#FF0000', 50, 1, 0, 0, 'LvxsCMS', 12, NULL, NULL, NULL, NULL, NULL, 0, 0, NULL, NULL, NULL, NULL, '2016-12-31', NULL, 1);
INSERT INTO `cms_website` VALUES (1876925212004047, '批量网站3全称127', 'test5127', '127.0.3.127', 'test5127', '127.0.3.20;127.0.3.21', '127.0.3.100;127.0.3.101', '默认站点，第一个站点3', '测试,站点3', 2, 2, NULL, '/r/default/images/no_picture.gif', '/login', NULL, 1, 120, 120, '/r/default/images/watermark.png', 'www.lvxs.cn', 20, '#FF0000', 50, 1, 0, 0, 'LvxsCMS', 12, NULL, NULL, NULL, NULL, NULL, 0, 0, NULL, NULL, NULL, NULL, '2016-12-31', NULL, 1);
INSERT INTO `cms_website` VALUES (1876925477509426, '批量网站3全称128', 'test5128', '127.0.3.128', 'test5128', '127.0.3.20;127.0.3.21', '127.0.3.100;127.0.3.101', '默认站点，第一个站点3', '测试,站点3', 2, 2, NULL, '/r/default/images/no_picture.gif', '/login', NULL, 1, 120, 120, '/r/default/images/watermark.png', 'www.lvxs.cn', 20, '#FF0000', 50, 1, 0, 0, 'LvxsCMS', 12, NULL, NULL, NULL, NULL, NULL, 0, 0, NULL, NULL, NULL, NULL, '2016-12-31', NULL, 1);
INSERT INTO `cms_website` VALUES (1876925764024487, '批量网站3全称129', 'test5129', '127.0.3.129', 'test5129', '127.0.3.20;127.0.3.21', '127.0.3.100;127.0.3.101', '默认站点，第一个站点3', '测试,站点3', 2, 2, NULL, '/r/default/images/no_picture.gif', '/login', NULL, 1, 120, 120, '/r/default/images/watermark.png', 'www.lvxs.cn', 20, '#FF0000', 50, 1, 0, 0, 'LvxsCMS', 12, NULL, NULL, NULL, NULL, NULL, 0, 0, NULL, NULL, NULL, NULL, '2016-12-31', NULL, 1);
INSERT INTO `cms_website` VALUES (1876926255260974, '批量网站3全称130', 'test5130', '127.0.3.130', 'test5130', '127.0.3.20;127.0.3.21', '127.0.3.100;127.0.3.101', '默认站点，第一个站点3', '测试,站点3', 2, 2, NULL, '/r/default/images/no_picture.gif', '/login', NULL, 1, 120, 120, '/r/default/images/watermark.png', 'www.lvxs.cn', 20, '#FF0000', 50, 1, 0, 0, 'LvxsCMS', 12, NULL, NULL, NULL, NULL, NULL, 0, 0, NULL, NULL, NULL, NULL, '2016-12-31', NULL, 1);
INSERT INTO `cms_website` VALUES (1876926655052118, '批量网站3全称131', 'test5131', '127.0.3.131', 'test5131', '127.0.3.20;127.0.3.21', '127.0.3.100;127.0.3.101', '默认站点，第一个站点3', '测试,站点3', 2, 2, NULL, '/r/default/images/no_picture.gif', '/login', NULL, 1, 120, 120, '/r/default/images/watermark.png', 'www.lvxs.cn', 20, '#FF0000', 50, 1, 0, 0, 'LvxsCMS', 12, NULL, NULL, NULL, NULL, NULL, 0, 0, NULL, NULL, NULL, NULL, '2016-12-31', NULL, 1);
INSERT INTO `cms_website` VALUES (1876926920339401, '批量网站3全称132', 'test5132', '127.0.3.132', 'test5132', '127.0.3.20;127.0.3.21', '127.0.3.100;127.0.3.101', '默认站点，第一个站点3', '测试,站点3', 2, 2, NULL, '/r/default/images/no_picture.gif', '/login', NULL, 1, 120, 120, '/r/default/images/watermark.png', 'www.lvxs.cn', 20, '#FF0000', 50, 1, 0, 0, 'LvxsCMS', 12, NULL, NULL, NULL, NULL, NULL, 0, 0, NULL, NULL, NULL, NULL, '2016-12-31', NULL, 1);
INSERT INTO `cms_website` VALUES (1876927209334746, '批量网站3全称133', 'test5133', '127.0.3.133', 'test5133', '127.0.3.20;127.0.3.21', '127.0.3.100;127.0.3.101', '默认站点，第一个站点3', '测试,站点3', 2, 2, NULL, '/r/default/images/no_picture.gif', '/login', NULL, 1, 120, 120, '/r/default/images/watermark.png', 'www.lvxs.cn', 20, '#FF0000', 50, 1, 0, 0, 'LvxsCMS', 12, NULL, NULL, NULL, NULL, NULL, 0, 0, NULL, NULL, NULL, NULL, '2016-12-31', NULL, 1);
INSERT INTO `cms_website` VALUES (1876927873451008, '批量网站3全称135', 'test5135', '127.0.3.135', 'test5135', '127.0.3.20;127.0.3.21', '127.0.3.100;127.0.3.101', '默认站点，第一个站点3', '测试,站点3', 2, 2, NULL, '/r/default/images/no_picture.gif', '/login', NULL, 1, 120, 120, '/r/default/images/watermark.png', 'www.lvxs.cn', 20, '#FF0000', 50, 1, 0, 0, 'LvxsCMS', 12, NULL, NULL, NULL, NULL, NULL, 0, 0, NULL, NULL, NULL, NULL, '2016-12-31', NULL, 1);
INSERT INTO `cms_website` VALUES (1876928475094140, '批量网站3全称136', 'test5136', '127.0.3.136', 'test5136', '127.0.3.20;127.0.3.21', '127.0.3.100;127.0.3.101', '默认站点，第一个站点3', '测试,站点3', 2, 2, NULL, '/r/default/images/no_picture.gif', '/login', NULL, 1, 120, 120, '/r/default/images/watermark.png', 'www.lvxs.cn', 20, '#FF0000', 50, 1, 0, 0, 'LvxsCMS', 12, NULL, NULL, NULL, NULL, NULL, 0, 0, NULL, NULL, NULL, NULL, '2016-12-31', NULL, 1);
INSERT INTO `cms_website` VALUES (1876928873114881, '批量网站3全称137', 'test5137', '127.0.3.137', 'test5137', '127.0.3.20;127.0.3.21', '127.0.3.100;127.0.3.101', '默认站点，第一个站点3', '测试,站点3', 2, 2, NULL, '/r/default/images/no_picture.gif', '/login', NULL, 1, 120, 120, '/r/default/images/watermark.png', 'www.lvxs.cn', 20, '#FF0000', 50, 1, 0, 0, 'LvxsCMS', 12, NULL, NULL, NULL, NULL, NULL, 0, 0, NULL, NULL, NULL, NULL, '2016-12-31', NULL, 1);
INSERT INTO `cms_website` VALUES (1876929251614106, '批量网站3全称138', 'test5138', '127.0.3.138', 'test5138', '127.0.3.20;127.0.3.21', '127.0.3.100;127.0.3.101', '默认站点，第一个站点3', '测试,站点3', 2, 2, NULL, '/r/default/images/no_picture.gif', '/login', NULL, 1, 120, 120, '/r/default/images/watermark.png', 'www.lvxs.cn', 20, '#FF0000', 50, 1, 0, 0, 'LvxsCMS', 12, NULL, NULL, NULL, NULL, NULL, 0, 0, NULL, NULL, NULL, NULL, '2016-12-31', NULL, 1);
INSERT INTO `cms_website` VALUES (1876929649339771, '批量网站3全称139', 'test5139', '127.0.3.139', 'test5139', '127.0.3.20;127.0.3.21', '127.0.3.100;127.0.3.101', '默认站点，第一个站点3', '测试,站点3', 2, 2, NULL, '/r/default/images/no_picture.gif', '/login', NULL, 1, 120, 120, '/r/default/images/watermark.png', 'www.lvxs.cn', 20, '#FF0000', 50, 1, 0, 0, 'LvxsCMS', 12, NULL, NULL, NULL, NULL, NULL, 0, 0, NULL, NULL, NULL, NULL, '2016-12-31', NULL, 1);
INSERT INTO `cms_website` VALUES (1876934021841855, '批量网站3全称150', 'test5150', '127.0.3.150', 'test5150', '127.0.3.20;127.0.3.21', '127.0.3.100;127.0.3.101', '默认站点，第一个站点3', '测试,站点3', 2, 2, NULL, '/r/default/images/no_picture.gif', '/login', NULL, 1, 120, 120, '/r/default/images/watermark.png', 'www.lvxs.cn', 20, '#FF0000', 50, 1, 0, 0, 'LvxsCMS', 12, NULL, NULL, NULL, NULL, NULL, 0, 0, NULL, NULL, NULL, NULL, '2016-12-31', NULL, 1);
INSERT INTO `cms_website` VALUES (1876934420833320, '批量网站3全称151', 'test5151', '127.0.3.151', 'test5151', '127.0.3.20;127.0.3.21', '127.0.3.100;127.0.3.101', '默认站点，第一个站点3', '测试,站点3', 2, 2, NULL, '/r/default/images/no_picture.gif', '/login', NULL, 1, 120, 120, '/r/default/images/watermark.png', 'www.lvxs.cn', 20, '#FF0000', 50, 1, 0, 0, 'LvxsCMS', 12, NULL, NULL, NULL, NULL, NULL, 0, 0, NULL, NULL, NULL, NULL, '2016-12-31', NULL, 1);
INSERT INTO `cms_website` VALUES (1876934909606638, '批量网站3全称152', 'test5152', '127.0.3.152', 'test5152', '127.0.3.20;127.0.3.21', '127.0.3.100;127.0.3.101', '默认站点，第一个站点3', '测试,站点3', 2, 2, NULL, '/r/default/images/no_picture.gif', '/login', NULL, 1, 120, 120, '/r/default/images/watermark.png', 'www.lvxs.cn', 20, '#FF0000', 50, 1, 0, 0, 'LvxsCMS', 12, NULL, NULL, NULL, NULL, NULL, 0, 0, NULL, NULL, NULL, NULL, '2016-12-31', NULL, 1);
INSERT INTO `cms_website` VALUES (1876935309564557, '批量网站3全称153', 'test5153', '127.0.3.153', 'test5153', '127.0.3.20;127.0.3.21', '127.0.3.100;127.0.3.101', '默认站点，第一个站点3', '测试,站点3', 2, 2, NULL, '/r/default/images/no_picture.gif', '/login', NULL, 1, 120, 120, '/r/default/images/watermark.png', 'www.lvxs.cn', 20, '#FF0000', 50, 1, 0, 0, 'LvxsCMS', 12, NULL, NULL, NULL, NULL, NULL, 0, 0, NULL, NULL, NULL, NULL, '2016-12-31', NULL, 1);
INSERT INTO `cms_website` VALUES (1876936083018386, '批量网站3全称155', 'test5155', '127.0.3.155', 'test5155', '127.0.3.20;127.0.3.21', '127.0.3.100;127.0.3.101', '默认站点，第一个站点3', '测试,站点3', 2, 2, NULL, '/r/default/images/no_picture.gif', '/login', NULL, 1, 120, 120, '/r/default/images/watermark.png', 'www.lvxs.cn', 20, '#FF0000', 50, 1, 0, 0, 'LvxsCMS', 12, NULL, NULL, NULL, NULL, NULL, 0, 0, NULL, NULL, NULL, NULL, '2016-12-31', NULL, 1);
INSERT INTO `cms_website` VALUES (1876936460572531, '批量网站3全称156', 'test5156', '127.0.3.156', 'test5156', '127.0.3.20;127.0.3.21', '127.0.3.100;127.0.3.101', '默认站点，第一个站点3', '测试,站点3', 2, 2, NULL, '/r/default/images/no_picture.gif', '/login', NULL, 1, 120, 120, '/r/default/images/watermark.png', 'www.lvxs.cn', 20, '#FF0000', 50, 1, 0, 0, 'LvxsCMS', 12, NULL, NULL, NULL, NULL, NULL, 0, 0, NULL, NULL, NULL, NULL, '2016-12-31', NULL, 1);
INSERT INTO `cms_website` VALUES (1876936858815645, '批量网站3全称157', 'test5157', '127.0.3.157', 'test5157', '127.0.3.20;127.0.3.21', '127.0.3.100;127.0.3.101', '默认站点，第一个站点3', '测试,站点3', 2, 2, NULL, '/r/default/images/no_picture.gif', '/login', NULL, 1, 120, 120, '/r/default/images/watermark.png', 'www.lvxs.cn', 20, '#FF0000', 50, 1, 0, 0, 'LvxsCMS', 12, NULL, NULL, NULL, NULL, NULL, 0, 0, NULL, NULL, NULL, NULL, '2016-12-31', NULL, 1);
INSERT INTO `cms_website` VALUES (1876937236686241, '批量网站3全称158', 'test5158', '127.0.3.158', 'test5158', '127.0.3.20;127.0.3.21', '127.0.3.100;127.0.3.101', '默认站点，第一个站点3', '测试,站点3', 2, 2, NULL, '/r/default/images/no_picture.gif', '/login', NULL, 1, 120, 120, '/r/default/images/watermark.png', 'www.lvxs.cn', 20, '#FF0000', 50, 1, 0, 0, 'LvxsCMS', 12, NULL, NULL, NULL, NULL, NULL, 0, 0, NULL, NULL, NULL, NULL, '2016-12-31', NULL, 1);
INSERT INTO `cms_website` VALUES (1876937635647775, '批量网站3全称159', 'test5159', '127.0.3.159', 'test5159', '127.0.3.20;127.0.3.21', '127.0.3.100;127.0.3.101', '默认站点，第一个站点3', '测试,站点3', 2, 2, NULL, '/r/default/images/no_picture.gif', '/login', NULL, 1, 120, 120, '/r/default/images/watermark.png', 'www.lvxs.cn', 20, '#FF0000', 50, 1, 0, 0, 'LvxsCMS', 12, NULL, NULL, NULL, NULL, NULL, 0, 0, NULL, NULL, NULL, NULL, '2016-12-31', NULL, 1);
INSERT INTO `cms_website` VALUES (1876938123809578, '批量网站3全称160', 'test5160', '127.0.3.160', 'test5160', '127.0.3.20;127.0.3.21', '127.0.3.100;127.0.3.101', '默认站点，第一个站点3', '测试,站点3', 2, 2, NULL, '/r/default/images/no_picture.gif', '/login', NULL, 1, 120, 120, '/r/default/images/watermark.png', 'www.lvxs.cn', 20, '#FF0000', 50, 1, 0, 0, 'LvxsCMS', 12, NULL, NULL, NULL, NULL, NULL, 0, 0, NULL, NULL, NULL, NULL, '2016-12-31', NULL, 1);
INSERT INTO `cms_website` VALUES (1876938525845793, '批量网站3全称161', 'test5161', '127.0.3.161', 'test5161', '127.0.3.20;127.0.3.21', '127.0.3.100;127.0.3.101', '默认站点，第一个站点3', '测试,站点3', 2, 2, NULL, '/r/default/images/no_picture.gif', '/login', NULL, 1, 120, 120, '/r/default/images/watermark.png', 'www.lvxs.cn', 20, '#FF0000', 50, 1, 0, 0, 'LvxsCMS', 12, NULL, NULL, NULL, NULL, NULL, 0, 0, NULL, NULL, NULL, NULL, '2016-12-31', NULL, 1);
INSERT INTO `cms_website` VALUES (1876938903340084, '批量网站3全称162', 'test5162', '127.0.3.162', 'test5162', '127.0.3.20;127.0.3.21', '127.0.3.100;127.0.3.101', '默认站点，第一个站点3', '测试,站点3', 2, 2, NULL, '/r/default/images/no_picture.gif', '/login', NULL, 1, 120, 120, '/r/default/images/watermark.png', 'www.lvxs.cn', 20, '#FF0000', 50, 1, 0, 0, 'LvxsCMS', 12, NULL, NULL, NULL, NULL, NULL, 0, 0, NULL, NULL, NULL, NULL, '2016-12-31', NULL, 1);
INSERT INTO `cms_website` VALUES (1876939303734187, '批量网站3全称163', 'test5163', '127.0.3.163', 'test5163', '127.0.3.20;127.0.3.21', '127.0.3.100;127.0.3.101', '默认站点，第一个站点3', '测试,站点3', 2, 2, NULL, '/r/default/images/no_picture.gif', '/login', NULL, 1, 120, 120, '/r/default/images/watermark.png', 'www.lvxs.cn', 20, '#FF0000', 50, 1, 0, 0, 'LvxsCMS', 12, NULL, NULL, NULL, NULL, NULL, 0, 0, NULL, NULL, NULL, NULL, '2016-12-31', NULL, 1);
INSERT INTO `cms_website` VALUES (1876940076131757, '批量网站3全称165', 'test5165', '127.0.3.165', 'test5165', '127.0.3.20;127.0.3.21', '127.0.3.100;127.0.3.101', '默认站点，第一个站点3', '测试,站点3', 2, 2, NULL, '/r/default/images/no_picture.gif', '/login', NULL, 1, 120, 120, '/r/default/images/watermark.png', 'www.lvxs.cn', 20, '#FF0000', 50, 1, 0, 0, 'LvxsCMS', 12, NULL, NULL, NULL, NULL, NULL, 0, 0, NULL, NULL, NULL, NULL, '2016-12-31', NULL, 1);
INSERT INTO `cms_website` VALUES (1876940454412882, '批量网站3全称166', 'test5166', '127.0.3.166', 'test5166', '127.0.3.20;127.0.3.21', '127.0.3.100;127.0.3.101', '默认站点，第一个站点3', '测试,站点3', 2, 2, NULL, '/r/default/images/no_picture.gif', '/login', NULL, 1, 120, 120, '/r/default/images/watermark.png', 'www.lvxs.cn', 20, '#FF0000', 50, 1, 0, 0, 'LvxsCMS', 12, NULL, NULL, NULL, NULL, NULL, 0, 0, NULL, NULL, NULL, NULL, '2016-12-31', NULL, 1);
INSERT INTO `cms_website` VALUES (1876940852224088, '批量网站3全称167', 'test5167', '127.0.3.167', 'test5167', '127.0.3.20;127.0.3.21', '127.0.3.100;127.0.3.101', '默认站点，第一个站点3', '测试,站点3', 2, 2, NULL, '/r/default/images/no_picture.gif', '/login', NULL, 1, 120, 120, '/r/default/images/watermark.png', 'www.lvxs.cn', 20, '#FF0000', 50, 1, 0, 0, 'LvxsCMS', 12, NULL, NULL, NULL, NULL, NULL, 0, 0, NULL, NULL, NULL, NULL, '2016-12-31', NULL, 1);
INSERT INTO `cms_website` VALUES (1876941341442135, '批量网站3全称168', 'test5168', '127.0.3.168', 'test5168', '127.0.3.20;127.0.3.21', '127.0.3.100;127.0.3.101', '默认站点，第一个站点3', '测试,站点3', 2, 2, NULL, '/r/default/images/no_picture.gif', '/login', NULL, 1, 120, 120, '/r/default/images/watermark.png', 'www.lvxs.cn', 20, '#FF0000', 50, 1, 0, 0, 'LvxsCMS', 12, NULL, NULL, NULL, NULL, NULL, 0, 0, NULL, NULL, NULL, NULL, '2016-12-31', NULL, 1);
INSERT INTO `cms_website` VALUES (1876941739484254, '批量网站3全称169', 'test5169', '127.0.3.169', 'test5169', '127.0.3.20;127.0.3.21', '127.0.3.100;127.0.3.101', '默认站点，第一个站点3', '测试,站点3', 2, 2, NULL, '/r/default/images/no_picture.gif', '/login', NULL, 1, 120, 120, '/r/default/images/watermark.png', 'www.lvxs.cn', 20, '#FF0000', 50, 1, 0, 0, 'LvxsCMS', 12, NULL, NULL, NULL, NULL, NULL, 0, 0, NULL, NULL, NULL, NULL, '2016-12-31', NULL, 1);
INSERT INTO `cms_website` VALUES (1876942120942710, '批量网站3全称170', 'test5170', '127.0.3.170', 'test5170', '127.0.3.20;127.0.3.21', '127.0.3.100;127.0.3.101', '默认站点，第一个站点3', '测试,站点3', 2, 2, NULL, '/r/default/images/no_picture.gif', '/login', NULL, 1, 120, 120, '/r/default/images/watermark.png', 'www.lvxs.cn', 20, '#FF0000', 50, 1, 0, 0, 'LvxsCMS', 12, NULL, NULL, NULL, NULL, NULL, 0, 0, NULL, NULL, NULL, NULL, '2016-12-31', NULL, 1);
INSERT INTO `cms_website` VALUES (1876942519365423, '批量网站3全称171', 'test5171', '127.0.3.171', 'test5171', '127.0.3.20;127.0.3.21', '127.0.3.100;127.0.3.101', '默认站点，第一个站点3', '测试,站点3', 2, 2, NULL, '/r/default/images/no_picture.gif', '/login', NULL, 1, 120, 120, '/r/default/images/watermark.png', 'www.lvxs.cn', 20, '#FF0000', 50, 1, 0, 0, 'LvxsCMS', 12, NULL, NULL, NULL, NULL, NULL, 0, 0, NULL, NULL, NULL, NULL, '2016-12-31', NULL, 1);
INSERT INTO `cms_website` VALUES (1876942897599517, '批量网站3全称172', 'test5172', '127.0.3.172', 'test5172', '127.0.3.20;127.0.3.21', '127.0.3.100;127.0.3.101', '默认站点，第一个站点3', '测试,站点3', 2, 2, NULL, '/r/default/images/no_picture.gif', '/login', NULL, 1, 120, 120, '/r/default/images/watermark.png', 'www.lvxs.cn', 20, '#FF0000', 50, 1, 0, 0, 'LvxsCMS', 12, NULL, NULL, NULL, NULL, NULL, 0, 0, NULL, NULL, NULL, NULL, '2016-12-31', NULL, 1);
INSERT INTO `cms_website` VALUES (1876943295539003, '批量网站3全称173', 'test5173', '127.0.3.173', 'test5173', '127.0.3.20;127.0.3.21', '127.0.3.100;127.0.3.101', '默认站点，第一个站点3', '测试,站点3', 2, 2, NULL, '/r/default/images/no_picture.gif', '/login', NULL, 1, 120, 120, '/r/default/images/watermark.png', 'www.lvxs.cn', 20, '#FF0000', 50, 1, 0, 0, 'LvxsCMS', 12, NULL, NULL, NULL, NULL, NULL, 0, 0, NULL, NULL, NULL, NULL, '2016-12-31', NULL, 1);
INSERT INTO `cms_website` VALUES (1876944072512250, '批量网站3全称175', 'test5175', '127.0.3.175', 'test5175', '127.0.3.20;127.0.3.21', '127.0.3.100;127.0.3.101', '默认站点，第一个站点3', '测试,站点3', 2, 2, NULL, '/r/default/images/no_picture.gif', '/login', NULL, 1, 120, 120, '/r/default/images/watermark.png', 'www.lvxs.cn', 20, '#FF0000', 50, 1, 0, 0, 'LvxsCMS', 12, NULL, NULL, NULL, NULL, NULL, 0, 0, NULL, NULL, NULL, NULL, '2016-12-31', NULL, 1);
INSERT INTO `cms_website` VALUES (1876944561341161, '批量网站3全称176', 'test5176', '127.0.3.176', 'test5176', '127.0.3.20;127.0.3.21', '127.0.3.100;127.0.3.101', '默认站点，第一个站点3', '测试,站点3', 2, 2, NULL, '/r/default/images/no_picture.gif', '/login', NULL, 1, 120, 120, '/r/default/images/watermark.png', 'www.lvxs.cn', 20, '#FF0000', 50, 1, 0, 0, 'LvxsCMS', 12, NULL, NULL, NULL, NULL, NULL, 0, 0, NULL, NULL, NULL, NULL, '2016-12-31', NULL, 1);
INSERT INTO `cms_website` VALUES (1876944959674076, '批量网站3全称177', 'test5177', '127.0.3.177', 'test5177', '127.0.3.20;127.0.3.21', '127.0.3.100;127.0.3.101', '默认站点，第一个站点3', '测试,站点3', 2, 2, NULL, '/r/default/images/no_picture.gif', '/login', NULL, 1, 120, 120, '/r/default/images/watermark.png', 'www.lvxs.cn', 20, '#FF0000', 50, 1, 0, 0, 'LvxsCMS', 12, NULL, NULL, NULL, NULL, NULL, 0, 0, NULL, NULL, NULL, NULL, '2016-12-31', NULL, 1);
INSERT INTO `cms_website` VALUES (1876945671843603, '批量网站3全称178', 'test5178', '127.0.3.178', 'test5178', '127.0.3.20;127.0.3.21', '127.0.3.100;127.0.3.101', '默认站点，第一个站点3', '测试,站点3', 2, 2, NULL, '/r/default/images/no_picture.gif', '/login', NULL, 1, 120, 120, '/r/default/images/watermark.png', 'www.lvxs.cn', 20, '#FF0000', 50, 1, 0, 0, 'LvxsCMS', 12, NULL, NULL, NULL, NULL, NULL, 0, 0, NULL, NULL, NULL, NULL, '2016-12-31', NULL, 1);
INSERT INTO `cms_website` VALUES (1876946070262047, '批量网站3全称179', 'test5179', '127.0.3.179', 'test5179', '127.0.3.20;127.0.3.21', '127.0.3.100;127.0.3.101', '默认站点，第一个站点3', '测试,站点3', 2, 2, NULL, '/r/default/images/no_picture.gif', '/login', NULL, 1, 120, 120, '/r/default/images/watermark.png', 'www.lvxs.cn', 20, '#FF0000', 50, 1, 0, 0, 'LvxsCMS', 12, NULL, NULL, NULL, NULL, NULL, 0, 0, NULL, NULL, NULL, NULL, '2016-12-31', NULL, 1);
INSERT INTO `cms_website` VALUES (1876946448077050, '批量网站3全称180', 'test5180', '127.0.3.180', 'test5180', '127.0.3.20;127.0.3.21', '127.0.3.100;127.0.3.101', '默认站点，第一个站点3', '测试,站点3', 2, 2, NULL, '/r/default/images/no_picture.gif', '/login', NULL, 1, 120, 120, '/r/default/images/watermark.png', 'www.lvxs.cn', 20, '#FF0000', 50, 1, 0, 0, 'LvxsCMS', 12, NULL, NULL, NULL, NULL, NULL, 0, 0, NULL, NULL, NULL, NULL, '2016-12-31', NULL, 1);
INSERT INTO `cms_website` VALUES (1876946846499768, '批量网站3全称181', 'test5181', '127.0.3.181', 'test5181', '127.0.3.20;127.0.3.21', '127.0.3.100;127.0.3.101', '默认站点，第一个站点3', '测试,站点3', 2, 2, NULL, '/r/default/images/no_picture.gif', '/login', NULL, 1, 120, 120, '/r/default/images/watermark.png', 'www.lvxs.cn', 20, '#FF0000', 50, 1, 0, 0, 'LvxsCMS', 12, NULL, NULL, NULL, NULL, NULL, 0, 0, NULL, NULL, NULL, NULL, '2016-12-31', NULL, 1);
INSERT INTO `cms_website` VALUES (1876947222664110, '批量网站3全称182', 'test5182', '127.0.3.182', 'test5182', '127.0.3.20;127.0.3.21', '127.0.3.100;127.0.3.101', '默认站点，第一个站点3', '测试,站点3', 2, 2, NULL, '/r/default/images/no_picture.gif', '/login', NULL, 1, 120, 120, '/r/default/images/watermark.png', 'www.lvxs.cn', 20, '#FF0000', 50, 1, 0, 0, 'LvxsCMS', 12, NULL, NULL, NULL, NULL, NULL, 0, 0, NULL, NULL, NULL, NULL, '2016-12-31', NULL, 1);
INSERT INTO `cms_website` VALUES (1876947733285260, '批量网站3全称183', 'test5183', '127.0.3.183', 'test5183', '127.0.3.20;127.0.3.21', '127.0.3.100;127.0.3.101', '默认站点，第一个站点3', '测试,站点3', 2, 2, NULL, '/r/default/images/no_picture.gif', '/login', NULL, 1, 120, 120, '/r/default/images/watermark.png', 'www.lvxs.cn', 20, '#FF0000', 50, 1, 0, 0, 'LvxsCMS', 12, NULL, NULL, NULL, NULL, NULL, 0, 0, NULL, NULL, NULL, NULL, '2016-12-31', NULL, 1);
INSERT INTO `cms_website` VALUES (1876948840456443, '批量网站3全称185', 'test5185', '127.0.3.185', 'test5185', '127.0.3.20;127.0.3.21', '127.0.3.100;127.0.3.101', '默认站点，第一个站点3', '测试,站点3', 2, 2, NULL, '/r/default/images/no_picture.gif', '/login', NULL, 1, 120, 120, '/r/default/images/watermark.png', 'www.lvxs.cn', 20, '#FF0000', 50, 1, 0, 0, 'LvxsCMS', 12, NULL, NULL, NULL, NULL, NULL, 0, 0, NULL, NULL, NULL, NULL, '2016-12-31', NULL, 1);
INSERT INTO `cms_website` VALUES (1876949217659933, '批量网站3全称186', 'test5186', '127.0.3.186', 'test5186', '127.0.3.20;127.0.3.21', '127.0.3.100;127.0.3.101', '默认站点，第一个站点3', '测试,站点3', 2, 2, NULL, '/r/default/images/no_picture.gif', '/login', NULL, 1, 120, 120, '/r/default/images/watermark.png', 'www.lvxs.cn', 20, '#FF0000', 50, 1, 0, 0, 'LvxsCMS', 12, NULL, NULL, NULL, NULL, NULL, 0, 0, NULL, NULL, NULL, NULL, '2016-12-31', NULL, 1);
INSERT INTO `cms_website` VALUES (1876949728567607, '批量网站3全称187', 'test5187', '127.0.3.187', 'test5187', '127.0.3.20;127.0.3.21', '127.0.3.100;127.0.3.101', '默认站点，第一个站点3', '测试,站点3', 2, 2, NULL, '/r/default/images/no_picture.gif', '/login', NULL, 1, 120, 120, '/r/default/images/watermark.png', 'www.lvxs.cn', 20, '#FF0000', 50, 1, 0, 0, 'LvxsCMS', 12, NULL, NULL, NULL, NULL, NULL, 0, 0, NULL, NULL, NULL, NULL, '2016-12-31', NULL, 1);
INSERT INTO `cms_website` VALUES (1876950101828307, '批量网站3全称188', 'test5188', '127.0.3.188', 'test5188', '127.0.3.20;127.0.3.21', '127.0.3.100;127.0.3.101', '默认站点，第一个站点3', '测试,站点3', 2, 2, NULL, '/r/default/images/no_picture.gif', '/login', NULL, 1, 120, 120, '/r/default/images/watermark.png', 'www.lvxs.cn', 20, '#FF0000', 50, 1, 0, 0, 'LvxsCMS', 12, NULL, NULL, NULL, NULL, NULL, 0, 0, NULL, NULL, NULL, NULL, '2016-12-31', NULL, 1);
INSERT INTO `cms_website` VALUES (1876950394415775, '批量网站3全称189', 'test5189', '127.0.3.189', 'test5189', '127.0.3.20;127.0.3.21', '127.0.3.100;127.0.3.101', '默认站点，第一个站点3', '测试,站点3', 2, 2, NULL, '/r/default/images/no_picture.gif', '/login', NULL, 1, 120, 120, '/r/default/images/watermark.png', 'www.lvxs.cn', 20, '#FF0000', 50, 1, 0, 0, 'LvxsCMS', 12, NULL, NULL, NULL, NULL, NULL, 0, 0, NULL, NULL, NULL, NULL, '2016-12-31', NULL, 1);
INSERT INTO `cms_website` VALUES (1876950658625426, '批量网站3全称190', 'test5190', '127.0.3.190', 'test5190', '127.0.3.20;127.0.3.21', '127.0.3.100;127.0.3.101', '默认站点，第一个站点3', '测试,站点3', 2, 2, NULL, '/r/default/images/no_picture.gif', '/login', NULL, 1, 120, 120, '/r/default/images/watermark.png', 'www.lvxs.cn', 20, '#FF0000', 50, 1, 0, 0, 'LvxsCMS', 12, NULL, NULL, NULL, NULL, NULL, 0, 0, NULL, NULL, NULL, NULL, '2016-12-31', NULL, 1);
INSERT INTO `cms_website` VALUES (1876951061439940, '批量网站3全称191', 'test5191', '127.0.3.191', 'test5191', '127.0.3.20;127.0.3.21', '127.0.3.100;127.0.3.101', '默认站点，第一个站点3', '测试,站点3', 2, 2, NULL, '/r/default/images/no_picture.gif', '/login', NULL, 1, 120, 120, '/r/default/images/watermark.png', 'www.lvxs.cn', 20, '#FF0000', 50, 1, 0, 0, 'LvxsCMS', 12, NULL, NULL, NULL, NULL, NULL, 0, 0, NULL, NULL, NULL, NULL, '2016-12-31', NULL, 1);
INSERT INTO `cms_website` VALUES (1876951437103955, '批量网站3全称192', 'test5192', '127.0.3.192', 'test5192', '127.0.3.20;127.0.3.21', '127.0.3.100;127.0.3.101', '默认站点，第一个站点3', '测试,站点3', 2, 2, NULL, '/r/default/images/no_picture.gif', '/login', NULL, 1, 120, 120, '/r/default/images/watermark.png', 'www.lvxs.cn', 20, '#FF0000', 50, 1, 0, 0, 'LvxsCMS', 12, NULL, NULL, NULL, NULL, NULL, 0, 0, NULL, NULL, NULL, NULL, '2016-12-31', NULL, 1);
INSERT INTO `cms_website` VALUES (1876951838994783, '批量网站3全称193', 'test5193', '127.0.3.193', 'test5193', '127.0.3.20;127.0.3.21', '127.0.3.100;127.0.3.101', '默认站点，第一个站点3', '测试,站点3', 2, 2, NULL, '/r/default/images/no_picture.gif', '/login', NULL, 1, 120, 120, '/r/default/images/watermark.png', 'www.lvxs.cn', 20, '#FF0000', 50, 1, 0, 0, 'LvxsCMS', 12, NULL, NULL, NULL, NULL, NULL, 0, 0, NULL, NULL, NULL, NULL, '2016-12-31', NULL, 1);
INSERT INTO `cms_website` VALUES (1876952393277417, '批量网站3全称195', 'test5195', '127.0.3.195', 'test5195', '127.0.3.20;127.0.3.21', '127.0.3.100;127.0.3.101', '默认站点，第一个站点3', '测试,站点3', 2, 2, NULL, '/r/default/images/no_picture.gif', '/login', NULL, 1, 120, 120, '/r/default/images/watermark.png', 'www.lvxs.cn', 20, '#FF0000', 50, 1, 0, 0, 'LvxsCMS', 12, NULL, NULL, NULL, NULL, NULL, 0, 0, NULL, NULL, NULL, NULL, '2016-12-31', NULL, 1);
INSERT INTO `cms_website` VALUES (1876952655840671, '批量网站3全称196', 'test5196', '127.0.3.196', 'test5196', '127.0.3.20;127.0.3.21', '127.0.3.100;127.0.3.101', '默认站点，第一个站点3', '测试,站点3', 2, 2, NULL, '/r/default/images/no_picture.gif', '/login', NULL, 1, 120, 120, '/r/default/images/watermark.png', 'www.lvxs.cn', 20, '#FF0000', 50, 1, 0, 0, 'LvxsCMS', 12, NULL, NULL, NULL, NULL, NULL, 0, 0, NULL, NULL, NULL, NULL, '2016-12-31', NULL, 1);
INSERT INTO `cms_website` VALUES (1876952946007738, '批量网站3全称197', 'test5197', '127.0.3.197', 'test5197', '127.0.3.20;127.0.3.21', '127.0.3.100;127.0.3.101', '默认站点，第一个站点3', '测试,站点3', 2, 2, NULL, '/r/default/images/no_picture.gif', '/login', NULL, 1, 120, 120, '/r/default/images/watermark.png', 'www.lvxs.cn', 20, '#FF0000', 50, 1, 0, 0, 'LvxsCMS', 12, NULL, NULL, NULL, NULL, NULL, 0, 0, NULL, NULL, NULL, NULL, '2016-12-31', NULL, 1);
INSERT INTO `cms_website` VALUES (1876953319734557, '批量网站3全称198', 'test5198', '127.0.3.198', 'test5198', '127.0.3.20;127.0.3.21', '127.0.3.100;127.0.3.101', '默认站点，第一个站点3', '测试,站点3', 2, 2, NULL, '/r/default/images/no_picture.gif', '/login', NULL, 1, 120, 120, '/r/default/images/watermark.png', 'www.lvxs.cn', 20, '#FF0000', 50, 1, 0, 0, 'LvxsCMS', 12, NULL, NULL, NULL, NULL, NULL, 0, 0, NULL, NULL, NULL, NULL, '2016-12-31', NULL, 1);
INSERT INTO `cms_website` VALUES (1876953946253193, '批量网站3全称199', 'test5199', '127.0.3.199', 'test5199', '127.0.3.20;127.0.3.21', '127.0.3.100;127.0.3.101', '默认站点，第一个站点3', '测试,站点3', 2, 2, NULL, '/r/default/images/no_picture.gif', '/login', NULL, 1, 120, 120, '/r/default/images/watermark.png', 'www.lvxs.cn', 20, '#FF0000', 50, 1, 0, 0, 'LvxsCMS', 12, NULL, NULL, NULL, NULL, NULL, 0, 0, NULL, NULL, NULL, NULL, '2016-12-31', NULL, 1);
INSERT INTO `cms_website` VALUES (1876954317991524, '批量网站3全称200', 'test5200', '127.0.3.200', 'test5200', '127.0.3.20;127.0.3.21', '127.0.3.100;127.0.3.101', '默认站点，第一个站点3', '测试,站点3', 2, 2, NULL, '/r/default/images/no_picture.gif', '/login', NULL, 1, 120, 120, '/r/default/images/watermark.png', 'www.lvxs.cn', 20, '#FF0000', 50, 1, 0, 0, 'LvxsCMS', 12, NULL, NULL, NULL, NULL, NULL, 0, 0, NULL, NULL, NULL, NULL, '2016-12-31', NULL, 1);

-- ----------------------------
-- Table structure for oa_custom_form
-- ----------------------------
DROP TABLE IF EXISTS `oa_custom_form`;
CREATE TABLE `oa_custom_form`  (
  `id` bigint(20) NOT NULL COMMENT 'ID',
  `name` varchar(255) CHARACTER SET gbk COLLATE gbk_chinese_ci NULL DEFAULT NULL COMMENT '表单名称',
  `physicalName` varchar(255) CHARACTER SET gbk COLLATE gbk_chinese_ci NULL DEFAULT NULL COMMENT '物理表名称',
  `designCode` text CHARACTER SET gbk COLLATE gbk_chinese_ci NULL COMMENT '设计源码',
  `jsAndCss` text CHARACTER SET gbk COLLATE gbk_chinese_ci NULL COMMENT '附加JavaScript和Css样式代码',
  `listWhereSql` text CHARACTER SET gbk COLLATE gbk_chinese_ci NULL COMMENT '列表页面查询SQL\r\n列表页面查询Where条件附加SQL',
  `remark` text CHARACTER SET gbk COLLATE gbk_chinese_ci NULL COMMENT '备注说明',
  `type` int(11) NULL DEFAULT 1 COMMENT '类型\r\n1:自定义表单;2:实体表格;3:实体代码',
  `sortNumber` int(11) NULL DEFAULT 100 COMMENT '排序编号',
  `status` int(11) NULL DEFAULT 0 COMMENT '状态\r\n1:正常;0:审批中;-1:逻辑删除',
  `otherJson` text CHARACTER SET gbk COLLATE gbk_chinese_ci NULL COMMENT '其他设置JSON字符串',
  `createUserId` bigint(20) NULL DEFAULT NULL COMMENT '创建用户ID',
  `createTime` datetime(0) NULL DEFAULT NULL COMMENT '创建时间',
  `updateUserId` bigint(20) NULL DEFAULT NULL COMMENT '更新用户ID',
  `updateTime` datetime(0) NULL DEFAULT NULL COMMENT '更新时间',
  PRIMARY KEY (`id`) USING BTREE
) ENGINE = InnoDB CHARACTER SET = gbk COLLATE = gbk_chinese_ci COMMENT = '自定义表单\r\n自定义表单基础信息' ROW_FORMAT = Dynamic;

-- ----------------------------
-- Records of oa_custom_form
-- ----------------------------
INSERT INTO `oa_custom_form` VALUES (1484577295955498, '请假单', 'qingJiaDan', '<p style=\"text-align: center;\"><strong><span style=\"font-family: 微软雅黑, &#39;Microsoft YaHei&#39;; font-size: 20px;\">请 &nbsp;假 &nbsp;单</span></strong></p><table data-sort=\"sortDisabled\"><tbody><tr class=\"firstRow\"><td width=\"225\" valign=\"middle\" style=\"word-break: break-all;\" align=\"right\">员工姓名</td><td width=\"225\" valign=\"top\"><input name=\"leipiNewField\" type=\"text\" value=\"{macros}\" title=\"姓名\" leipiplugins=\"macros\" orgtype=\"sys_realname\" orghide=\"0\" orgwidth=\"150\" style=\"width: 150px;\"/></td><td width=\"225\" valign=\"middle\" align=\"right\" style=\"word-break: break-all;\">所在部门</td><td width=\"225\" valign=\"top\"><input name=\"leipiNewField\" type=\"text\" value=\"{macros}\" title=\"部门\" leipiplugins=\"macros\" orgtype=\"sys_dept\" orghide=\"0\" orgwidth=\"150\" style=\"width: 150px;\"/></td></tr><tr><td width=\"225\" valign=\"middle\" align=\"right\" style=\"word-break: break-all;\">请假类别</td><td valign=\"top\" rowspan=\"1\" colspan=\"3\">{|-<span leipiplugins=\"radios\" title=\"假期类型\" name=\"leipiNewField\"><input name=\"leipiNewField\" value=\"事假\" checked=\"checked\" type=\"radio\"/>事假&nbsp;<input name=\"leipiNewField\" value=\"病假\" type=\"radio\"/>病假&nbsp;<input name=\"leipiNewField\" value=\"年假\" type=\"radio\"/>年假&nbsp;<input name=\"leipiNewField\" value=\"婚假\" type=\"radio\"/>婚假&nbsp;<input name=\"leipiNewField\" value=\"产假\" type=\"radio\"/>产假&nbsp;<input name=\"leipiNewField\" value=\"丧假\" type=\"radio\"/>丧假&nbsp;</span>-|}</td></tr><tr><td width=\"225\" valign=\"middle\" align=\"right\" style=\"word-break: break-all;\">原由描述</td><td valign=\"top\" rowspan=\"1\" colspan=\"3\" style=\"word-break: break-all;\"><textarea title=\"原由描述\" name=\"leipiNewField\" leipiplugins=\"textarea\" value=\"\" orgrich=\"0\" orgfontsize=\"\" orgwidth=\"300\" orgheight=\"80\" style=\"width:300px;height:80px;\"></textarea></td></tr><tr><td valign=\"middle\" colspan=\"1\" rowspan=\"1\" style=\"word-break: break-all;\" align=\"right\">开始时间</td><td valign=\"top\" colspan=\"1\" rowspan=\"1\" style=\"word-break: break-all;\"><input name=\"leipiNewField\" type=\"text\" title=\"开始时间\" value=\"201 年 月 日 时\" leipiplugins=\"text\" orghide=\"0\" orgalign=\"left\" orgwidth=\"150\" orgtype=\"text\" style=\"text-align: left; width: 150px;\"/></td><td valign=\"middle\" colspan=\"1\" rowspan=\"1\" style=\"word-break: break-all;\" align=\"right\">结束时间</td><td valign=\"top\" colspan=\"1\" rowspan=\"1\" style=\"word-break: break-all;\"><input name=\"leipiNewField\" type=\"text\" title=\"结束时间\" value=\"201 年 月 日 时\" leipiplugins=\"text\" orghide=\"0\" orgalign=\"left\" orgwidth=\"150\" orgtype=\"text\" style=\"text-align: left; width: 150px;\"/></td></tr><tr><td valign=\"middle\" colspan=\"1\" rowspan=\"1\" style=\"word-break: break-all;\" align=\"right\">工作代理人</td><td valign=\"top\" colspan=\"1\" rowspan=\"1\" style=\"word-break: break-all;\"><input name=\"leipiNewField\" type=\"text\" title=\"工作代理人\" value=\"\" leipiplugins=\"text\" orghide=\"0\" orgalign=\"left\" orgwidth=\"150\" orgtype=\"text\" style=\"text-align: left; width: 150px;\"/></td><td valign=\"middle\" colspan=\"1\" rowspan=\"1\" align=\"right\" style=\"word-break: break-all;\">申请时间</td><td valign=\"top\" colspan=\"1\" rowspan=\"1\" style=\"word-break: break-all;\"><input name=\"leipiNewField\" type=\"text\" value=\"{macros}\" title=\"申请时间\" leipiplugins=\"macros\" orgtype=\"sys_datetime\" orghide=\"0\" orgwidth=\"150\" style=\"width: 150px;\"/></td></tr></tbody></table><p>注：1、一天以内由直接主管审批、三天以内由部门经理审批、三天以上必须由总经理审批；2、年假、婚假、产假须提前两周申请。</p>', NULL, NULL, NULL, 1, 100, 1, NULL, 1481163343534554, '2017-01-16 22:34:56', 1481163343534554, '2017-01-20 23:47:01');
INSERT INTO `oa_custom_form` VALUES (1484673724817034, '采购申请单', 'caiGouShenQingDan', '<p style=\"text-align: center;\"><span style=\"font-family: 微软雅黑, &#39;Microsoft YaHei&#39;; font-size: 20px;\">采购申请单</span></p><p><span style=\"font-family: 微软雅黑, &#39;Microsoft YaHei&#39;; font-size: 20px;\"></span></p><table><tbody><tr class=\"firstRow\"><td width=\"225\" valign=\"middle\" align=\"right\" style=\"word-break: break-all;\">申请部门</td><td width=\"225\" valign=\"top\" style=\"word-break: break-all;\"><input name=\"leipiNewField\" type=\"text\" value=\"{macros}\" title=\"申请部门\" leipiplugins=\"macros\" orgtype=\"sys_dept\" orghide=\"0\" orgwidth=\"150\" style=\"width: 150px;\"/></td><td width=\"225\" valign=\"middle\" align=\"right\" style=\"word-break: break-all;\">申请用户</td><td width=\"225\" valign=\"top\" style=\"word-break: break-all;\"><input name=\"leipiNewField\" type=\"text\" value=\"{macros}\" title=\"申请用户\" leipiplugins=\"macros\" orgtype=\"sys_realname\" orghide=\"0\" orgwidth=\"150\" style=\"width: 150px;\"/></td></tr><tr><td width=\"225\" valign=\"middle\" align=\"right\" style=\"word-break: break-all;\">紧急程度</td><td valign=\"top\" rowspan=\"1\" colspan=\"3\" style=\"word-break: break-all;\">{|-<span leipiplugins=\"radios\" title=\"紧急程度\" name=\"leipiNewField\"><input name=\"leipiNewField\" value=\"非常紧急\" checked=\"checked\" type=\"radio\"/>非常紧急&nbsp;<input name=\"leipiNewField\" value=\"紧急\" type=\"radio\"/>紧急&nbsp;<input name=\"leipiNewField\" value=\"不紧急\" type=\"radio\"/>不紧急&nbsp;</span>-|}</td></tr><tr><td width=\"225\" valign=\"middle\" align=\"right\" style=\"word-break: break-all;\">采购说明</td><td valign=\"top\" rowspan=\"1\" colspan=\"3\" style=\"word-break: break-all;\"><textarea title=\"采购说明\" name=\"leipiNewField\" leipiplugins=\"textarea\" value=\"\" orgrich=\"0\" orgfontsize=\"\" orgwidth=\"300\" orgheight=\"80\" style=\"width:300px;height:80px;\"></textarea></td></tr><tr><td width=\"225\" valign=\"middle\" align=\"right\" style=\"word-break: break-all;\">计划使用日期</td><td width=\"225\" valign=\"top\" style=\"word-break: break-all;\"><input name=\"leipiNewField\" type=\"text\" title=\"使用日期\" value=\"201 年 月 日\" leipiplugins=\"text\" orghide=\"0\" orgalign=\"left\" orgwidth=\"150\" orgtype=\"text\" style=\"text-align: left; width: 150px;\"/></td><td width=\"225\" valign=\"middle\" align=\"right\" style=\"word-break: break-all;\">最晚交付期限</td><td width=\"225\" valign=\"top\" style=\"word-break: break-all;\"><input name=\"leipiNewField\" type=\"text\" title=\"交付期限\" value=\"201 年 月 日\" leipiplugins=\"text\" orghide=\"0\" orgalign=\"left\" orgwidth=\"150\" orgtype=\"text\" style=\"text-align: left; width: 150px;\"/></td></tr><tr><td width=\"225\" valign=\"middle\" align=\"right\" style=\"word-break: break-all;\">采购明细</td><td valign=\"top\" rowspan=\"1\" colspan=\"3\"><input name=\"leipiNewField\" leipiplugins=\"listctrl\" type=\"text\" value=\"{列表控件}\" readonly=\"readonly\" title=\"列表控件\" orgtitle=\"名称`规格/型号`单位`数量`备注说明`\" orgcoltype=\"text`text`text`int`textarea`\" orgunit=\"`````\" orgsum=\"0`0`0`1`0`\" orgcolvalue=\"`````\" orgwidth=\"100%\" style=\"width: 100%;\"/></td></tr><tr><td width=\"225\" valign=\"middle\" align=\"right\"><br/></td><td width=\"225\" valign=\"top\"><br/></td><td width=\"225\" valign=\"middle\" align=\"right\" style=\"word-break: break-all;\"><span style=\"text-align: -webkit-right;\">申请时间</span></td><td width=\"225\" valign=\"top\"><input name=\"leipiNewField\" type=\"text\" value=\"{macros}\" title=\"申请时间\" leipiplugins=\"macros\" orgtype=\"sys_datetime\" orghide=\"0\" orgwidth=\"150\" style=\"width: 150px;\"/></td></tr></tbody></table><p><span style=\"font-family: 微软雅黑, &#39;Microsoft YaHei&#39;; font-size: 20px;\"></span><br/></p>', NULL, NULL, NULL, 1, 100, 1, NULL, 1481163343534554, '2017-01-18 01:22:05', 1481163343534554, '2017-01-20 23:52:27');
INSERT INTO `oa_custom_form` VALUES (1485005196503064, '页面动作', 'base_action', NULL, NULL, NULL, '页面中所有按钮、链接等动作的基本信息\r\n', 3, 100, 1, NULL, 1, '2017-01-21 21:26:37', 1, '2017-01-21 21:26:38');
INSERT INTO `oa_custom_form` VALUES (1485269450402470, '部门信息', 'base_department', NULL, NULL, NULL, '部门或者其他分支机构基础信息', 3, 100, 1, NULL, 1, '2017-01-24 22:50:50', 1, '2017-01-24 22:50:50');
INSERT INTO `oa_custom_form` VALUES (1485269451366709, '角色信息', 'base_role', NULL, NULL, NULL, '角色基础信息\r\n', 3, 100, 1, NULL, 1, '2017-01-24 22:50:51', 1, '2017-01-24 22:50:51');
INSERT INTO `oa_custom_form` VALUES (1485269451910930, '角色权限', 'base_role_permission', NULL, NULL, NULL, '角色拥有权限信息表\r\n', 3, 100, 1, NULL, 1, '2017-01-24 22:50:52', 1, '2017-01-24 22:50:52');
INSERT INTO `oa_custom_form` VALUES (1485269452635386, '系统信息', 'base_system', NULL, NULL, NULL, '各个子系统或者相关系统的基础信息\r\n', 3, 100, 1, NULL, 1, '2017-01-24 22:50:53', 1, '2017-01-24 22:50:53');
INSERT INTO `oa_custom_form` VALUES (1485269453557334, '系统菜单信息', 'base_system_menu', NULL, NULL, NULL, '各个子系统或者相关系统的基础信息\r\n', 3, 100, 1, NULL, 1, '2017-01-24 22:50:54', 1, '2017-01-24 22:50:54');
INSERT INTO `oa_custom_form` VALUES (1485269454407591, '用户信息', 'base_user', NULL, NULL, NULL, '公用的系统用户基础信息', 3, 100, 1, NULL, 1, '2017-01-24 22:50:54', 1, '2017-01-24 22:50:54');
INSERT INTO `oa_custom_form` VALUES (1485269455353838, '用户部门', 'base_user_department', NULL, NULL, NULL, '用户附加部门关联表，用于一个用户属于多个部门的情况\r\n', 3, 100, 1, NULL, 1, '2017-01-24 22:50:55', 1, '2017-01-24 22:50:55');
INSERT INTO `oa_custom_form` VALUES (1485269455508370, '用户角色', 'base_user_role', NULL, NULL, NULL, '用户附加角色关联表\r\n', 3, 100, 1, NULL, 1, '2017-01-24 22:50:56', 1, '2017-01-24 22:50:56');
INSERT INTO `oa_custom_form` VALUES (1485269455652021, '自定义表单', 'oa_custom_form', NULL, NULL, NULL, '自定义表单基础信息', 3, 100, 1, NULL, 1, '2017-01-24 22:50:56', 1, '2017-01-24 22:50:56');
INSERT INTO `oa_custom_form` VALUES (1485269456318667, '自定义表单字段', 'oa_custom_form_field', NULL, NULL, NULL, '自定义表单字段设置表', 3, 100, 1, NULL, 1, '2017-01-24 22:50:56', 1, '2017-01-24 22:50:56');
INSERT INTO `oa_custom_form` VALUES (1492774588577969, '网站栏目基础信息', 'cms_classify', NULL, NULL, NULL, 'CMS的网站栏目基础信息表', 3, 100, 1, NULL, 1, '2017-04-21 19:36:29', 1, '2017-04-21 19:36:29');
INSERT INTO `oa_custom_form` VALUES (1492774590296444, '站点基础信息', 'cms_website', NULL, NULL, NULL, NULL, 3, 100, 1, NULL, 1, '2017-04-21 19:36:30', 1, '2017-04-21 19:36:30');
INSERT INTO `oa_custom_form` VALUES (1531213135667006, '附件表', 'base_attachment', NULL, NULL, NULL, '用于保存用户上传的附件内容。', 3, 100, 1, NULL, 1, '2018-07-10 16:58:56', 1, '2018-07-10 16:58:56');

-- ----------------------------
-- Table structure for oa_custom_form_field
-- ----------------------------
DROP TABLE IF EXISTS `oa_custom_form_field`;
CREATE TABLE `oa_custom_form_field`  (
  `id` bigint(20) NOT NULL COMMENT 'ID',
  `formId` bigint(20) NOT NULL COMMENT '表单ID',
  `name` varchar(255) CHARACTER SET gbk COLLATE gbk_chinese_ci NULL DEFAULT NULL COMMENT '字段名称',
  `physicalName` varchar(255) CHARACTER SET gbk COLLATE gbk_chinese_ci NULL DEFAULT NULL COMMENT '物理字段名称',
  `fieldType` int(11) NULL DEFAULT 1 COMMENT '字段类型\r\n1:文本;2:大文本;3:日期;4:日期时间;5:整型;6:大整型;7:数值;8:自增整型;',
  `textLength` int(11) NULL DEFAULT 200 COMMENT '字符串长度',
  `isRequired` int(11) NULL DEFAULT 0 COMMENT '是否必填\r\n0:选填;1:必填;',
  `isPrimaryKey` int(11) NULL DEFAULT 0 COMMENT '是否主键\r\n1:是;0:否',
  `defaultValue` varchar(255) CHARACTER SET gbk COLLATE gbk_chinese_ci NULL DEFAULT NULL COMMENT '默认值',
  `inputType` int(11) NULL DEFAULT 1 COMMENT '输入框类型\r\n1:文本框;2:大文本框;3:日期;4:日期时间;5:Email;6:密码;7:数值;8:整型;9:单选框;10:复选框;11:单选下拉列表;12:多选下拉列表;13:HTML编辑器;14:附件上传;15:图片上传;16:部门选择;17:用户选择;18:隐藏域;19:只读文本;',
  `jsAndCss` varchar(3000) CHARACTER SET gbk COLLATE gbk_chinese_ci NULL DEFAULT NULL COMMENT '附加的js和css样式\r\n附加的JavaScript事件和Css样式',
  `optionType` int(11) NULL DEFAULT 0 COMMENT '可选项类型\r\n0:不适用;1:固定值列表;2:查询SQL语句;3:JSON数据源;4:XML数据源;5:系统字典;',
  `optionValue` varchar(3000) CHARACTER SET gbk COLLATE gbk_chinese_ci NULL DEFAULT NULL COMMENT '可选项值\r\n固定至列表使用“1:文本框；2:大文本框；3:日期”格式说明描述；查询SQL语句直接写SQL语句；JSON数据源和XML数据源填写数据源URL；系统字典表填写字典表关键字',
  `displayList` int(11) NULL DEFAULT 1 COMMENT '列表页面是否显示\r\n1:显示;0:隐藏;',
  `displayAdd` int(11) NULL DEFAULT 1 COMMENT '新增页面是否显示\r\n1:显示;0:隐藏;',
  `displayEdit` int(11) NULL DEFAULT 1 COMMENT '修改页面是否显示\r\n1:显示;0:隐藏;',
  `displayView` int(11) NULL DEFAULT 1 COMMENT '显示页面是否显示\r\n1:显示;0:隐藏;',
  `sortNumber` int(11) NULL DEFAULT 100 COMMENT '排序编号',
  `inputColSpan` int(11) NULL DEFAULT 6 COMMENT '输入框宽度\r\n12:100%页宽;6:50%页宽;9:75%页宽;3:25%页宽;8:2/3页宽;4:1/3页宽;11:11/12页宽;10:5/6页宽;7:7/12页宽;5:5/12页宽;2:1/6页宽;1:1/12页宽;',
  `remark` text CHARACTER SET gbk COLLATE gbk_chinese_ci NULL COMMENT '备注说明',
  `status` int(11) NULL DEFAULT 0 COMMENT '状态\r\n1:正常;0:审批中;-1:逻辑删除',
  `otherJson` text CHARACTER SET gbk COLLATE gbk_chinese_ci NULL COMMENT '其他设置JSON字符串',
  `createUserId` bigint(20) NULL DEFAULT NULL COMMENT '创建用户ID',
  `createTime` datetime(0) NULL DEFAULT NULL COMMENT '创建时间',
  `updateUserId` bigint(20) NULL DEFAULT NULL COMMENT '更新用户ID',
  `updateTime` datetime(0) NULL DEFAULT NULL COMMENT '更新时间',
  PRIMARY KEY (`id`) USING BTREE
) ENGINE = InnoDB CHARACTER SET = gbk COLLATE = gbk_chinese_ci COMMENT = '自定义表单字段\r\n自定义表单字段设置表' ROW_FORMAT = Compact;

-- ----------------------------
-- Records of oa_custom_form_field
-- ----------------------------
INSERT INTO `oa_custom_form_field` VALUES (1484757982455699, 1484673724817034, '申请部门', 'shenQingBuMen', 1, 200, 1, 0, '${loginUser.department.name}', 1, ' oninput=\"\" onchange=\"\" onfocus=\"\" onblur=\"\" style=\"\" class=\"\"', 1, NULL, 1, 1, 1, 1, 100, 6, NULL, 1, NULL, 1481163343534554, '2017-01-19 00:46:22', 1481163343534554, '2017-01-19 00:46:22');
INSERT INTO `oa_custom_form_field` VALUES (1484799045714921, 1484673724817034, '申请人', 'shenQingRen', 1, 200, 1, 0, '${loginUser.realName}', 1, ' oninput=\"\" onchange=\"\" onfocus=\"\" onblur=\"\" style=\"\" class=\"\"', 1, NULL, 1, 1, 1, 1, 100, 6, NULL, 1, NULL, 1481163343534554, '2017-01-19 12:10:46', 1481163343534554, '2017-01-19 12:10:46');
INSERT INTO `oa_custom_form_field` VALUES (1484881054250462, 1484673724817034, '紧急程度', 'jinJiChengDu', 1, 200, 1, 0, '不紧急', 9, ' oninput=\"\" onchange=\"\" onfocus=\"\" onblur=\"\" style=\"\" class=\"\"', 1, '非常紧急;紧急;不紧急', 1, 1, 1, 1, 100, 6, NULL, 1, NULL, 1481163343534554, '2017-01-20 10:57:34', 1481163343534554, '2017-01-20 10:57:34');
INSERT INTO `oa_custom_form_field` VALUES (1492439112000391, 1485005196503064, '动作ID', 'id', 6, 19, 1, 1, NULL, 18, ' oninput=\"\" onchange=\"\" onfocus=\"\" onblur=\"\" style=\"\" class=\"\"', 0, NULL, 1, 0, 0, 1, 5, 6, NULL, 1, NULL, 1, '2017-04-17 22:25:12', 1, '2017-04-17 22:25:12');
INSERT INTO `oa_custom_form_field` VALUES (1492439112443203, 1485005196503064, '系统菜单', 'menuId', 6, 19, 0, 0, NULL, 11, ' oninput=\"\" onchange=\"\" onfocus=\"\" onblur=\"\" style=\"\" class=\"\"', 2, NULL, 1, 1, 1, 1, 10, 6, NULL, 1, NULL, 1, '2017-04-17 22:25:12', 1, '2017-04-17 22:25:12');
INSERT INTO `oa_custom_form_field` VALUES (1492439112572214, 1485005196503064, '排序编号', 'sortNumber', 5, 10, 0, 0, NULL, 8, ' oninput=\"\" onchange=\"\" onfocus=\"\" onblur=\"\" style=\"\" class=\"\"', 0, NULL, 1, 1, 1, 1, 15, 6, NULL, 1, NULL, 1, '2017-04-17 22:25:13', 1, '2017-04-17 22:25:13');
INSERT INTO `oa_custom_form_field` VALUES (1492439112677945, 1485005196503064, '名称', 'name', 1, 100, 0, 0, NULL, 1, ' oninput=\"\" onchange=\"\" onfocus=\"\" onblur=\"\" style=\"\" class=\"\"', 0, NULL, 1, 1, 1, 1, 20, 6, NULL, 1, NULL, 1, '2017-04-17 22:25:13', 1, '2017-04-17 22:25:13');
INSERT INTO `oa_custom_form_field` VALUES (1492439112790547, 1485005196503064, '动作类型', 'actionType', 5, 10, 0, 0, NULL, 11, ' oninput=\"\" onchange=\"\" onfocus=\"\" onblur=\"\" style=\"\" class=\"\"', 1, '1:列表页面;2:新增页面;3:修改页面;4:查看页面;5:其他页面;11:保存;12:更新;13:删除;14:批量删除;15:查询结果列表JSON;16:其他操作;', 1, 1, 1, 1, 25, 6, '1:列表页面;2:新增页面;3:修改页面;4:查看页面;5:其他页面;11:保存;12:更新;13:删除;14:批量删除;15:查询结果列表JSON;16:其他操作;', 1, NULL, 1, '2017-04-17 22:25:13', 1, '2017-04-17 22:25:13');
INSERT INTO `oa_custom_form_field` VALUES (1492439112899486, 1485005196503064, '方法名', 'methodName', 1, 100, 0, 0, NULL, 1, ' oninput=\"\" onchange=\"\" onfocus=\"\" onblur=\"\" style=\"\" class=\"\"', 0, NULL, 1, 1, 1, 1, 30, 6, NULL, 1, NULL, 1, '2017-04-17 22:25:13', 1, '2017-04-17 22:25:13');
INSERT INTO `oa_custom_form_field` VALUES (1492439113032230, 1485005196503064, '完整URI', 'fullUri', 1, 300, 0, 0, NULL, 1, ' oninput=\"\" onchange=\"\" onfocus=\"\" onblur=\"\" style=\"\" class=\"\"', 0, NULL, 1, 1, 1, 1, 35, 6, NULL, 1, NULL, 1, '2017-04-17 22:25:13', 1, '2017-04-17 22:25:13');
INSERT INTO `oa_custom_form_field` VALUES (1492439113083468, 1485005196503064, 'JavaScript方法', 'jsMethod', 1, 300, 0, 0, NULL, 1, ' oninput=\"\" onchange=\"\" onfocus=\"\" onblur=\"\" style=\"\" class=\"\"', 0, NULL, 1, 1, 1, 1, 40, 6, NULL, 1, NULL, 1, '2017-04-17 22:25:13', 1, '2017-04-17 22:25:13');
INSERT INTO `oa_custom_form_field` VALUES (1492439113145725, 1485005196503064, '链接URI', 'linkUri', 1, 300, 0, 0, NULL, 1, ' oninput=\"\" onchange=\"\" onfocus=\"\" onblur=\"\" style=\"\" class=\"\"', 0, NULL, 1, 1, 1, 1, 45, 6, '页面内链接URI', 1, NULL, 1, '2017-04-17 22:25:13', 1, '2017-04-17 22:25:13');
INSERT INTO `oa_custom_form_field` VALUES (1492439113207303, 1485005196503064, '状态', 'status', 5, 10, 0, 0, NULL, 10, ' oninput=\"\" onchange=\"\" onfocus=\"\" onblur=\"\" style=\"\" class=\"\"', 1, '-1:逻辑删除;0:已禁用/待审核;1:正常', 1, 1, 1, 1, 50, 6, '-1:逻辑删除;0:已禁用/待审核;1:正常', 1, NULL, 1, '2017-04-17 22:25:13', 1, '2017-04-17 22:25:13');
INSERT INTO `oa_custom_form_field` VALUES (1492439113276067, 1485005196503064, '备注说明', 'remark', 2, 65535, 0, 0, NULL, 2, ' oninput=\"\" onchange=\"\" onfocus=\"\" onblur=\"\" style=\"\" class=\"\"', 0, NULL, 0, 1, 1, 1, 55, 6, NULL, 1, NULL, 1, '2017-04-17 22:25:13', 1, '2017-04-17 22:25:13');
INSERT INTO `oa_custom_form_field` VALUES (1492439113340933, 1485005196503064, '其他设置JSON字符串', 'otherJson', 2, 65535, 0, 0, NULL, 18, ' oninput=\"\" onchange=\"\" onfocus=\"\" onblur=\"\" style=\"\" class=\"\"', 0, NULL, 1, 0, 0, 1, 60, 6, NULL, 1, NULL, 1, '2017-04-17 22:25:13', 1, '2017-04-17 22:25:13');
INSERT INTO `oa_custom_form_field` VALUES (1492439113409078, 1485005196503064, '创建时间', 'createTime', 4, 19, 0, 0, NULL, 19, ' oninput=\"\" onchange=\"\" onfocus=\"\" onblur=\"\" style=\"\" class=\"\"', 0, NULL, 1, 1, 1, 1, 65, 6, NULL, 1, NULL, 1, '2017-04-17 22:25:13', 1, '2017-04-17 22:25:13');
INSERT INTO `oa_custom_form_field` VALUES (1492439113460037, 1485005196503064, '创建用户ID', 'createUserId', 6, 19, 0, 0, NULL, 19, ' oninput=\"\" onchange=\"\" onfocus=\"\" onblur=\"\" style=\"\" class=\"\"', 0, NULL, 1, 1, 1, 1, 70, 6, NULL, 1, NULL, 1, '2017-04-17 22:25:13', 1, '2017-04-17 22:25:13');
INSERT INTO `oa_custom_form_field` VALUES (1492439113607853, 1485005196503064, '更新时间', 'updateTime', 4, 19, 0, 0, NULL, 19, ' oninput=\"\" onchange=\"\" onfocus=\"\" onblur=\"\" style=\"\" class=\"\"', 0, NULL, 1, 1, 1, 1, 75, 6, NULL, 1, NULL, 1, '2017-04-17 22:25:14', 1, '2017-04-17 22:25:14');
INSERT INTO `oa_custom_form_field` VALUES (1492439113675440, 1485005196503064, '更新用户ID', 'updateUserId', 6, 19, 0, 0, NULL, 19, ' oninput=\"\" onchange=\"\" onfocus=\"\" onblur=\"\" style=\"\" class=\"\"', 0, NULL, 1, 1, 1, 1, 80, 6, NULL, 1, NULL, 1, '2017-04-17 22:25:14', 1, '2017-04-17 22:25:14');
INSERT INTO `oa_custom_form_field` VALUES (1492439113731074, 1485269450402470, '部门ID', 'id', 6, 19, 1, 1, NULL, 18, ' oninput=\"\" onchange=\"\" onfocus=\"\" onblur=\"\" style=\"\" class=\"\"', 0, NULL, 1, 0, 0, 1, 5, 6, NULL, 1, NULL, 1, '2017-04-17 22:25:14', 1, '2017-04-17 22:25:14');
INSERT INTO `oa_custom_form_field` VALUES (1492439113799517, 1485269450402470, '系统', 'systemId', 6, 19, 0, 0, NULL, 11, ' oninput=\"\" onchange=\"\" onfocus=\"\" onblur=\"\" style=\"\" class=\"\"', 2, NULL, 1, 1, 1, 1, 10, 6, NULL, 1, NULL, 1, '2017-04-17 22:25:14', 1, '2017-04-17 22:25:14');
INSERT INTO `oa_custom_form_field` VALUES (1492439113860085, 1485269450402470, '父级部门ID', 'parentId', 6, 19, 0, 0, NULL, 16, ' oninput=\"\" onchange=\"\" onfocus=\"\" onblur=\"\" style=\"\" class=\"\"', 0, NULL, 1, 1, 1, 1, 15, 6, NULL, 1, NULL, 1, '2017-04-17 22:25:14', 1, '2017-04-17 22:25:14');
INSERT INTO `oa_custom_form_field` VALUES (1492439113921765, 1485269450402470, '排序编号', 'sortNumber', 5, 10, 0, 0, NULL, 8, ' oninput=\"\" onchange=\"\" onfocus=\"\" onblur=\"\" style=\"\" class=\"\"', 0, NULL, 1, 1, 1, 1, 20, 6, NULL, 1, NULL, 1, '2017-04-17 22:25:14', 1, '2017-04-17 22:25:14');
INSERT INTO `oa_custom_form_field` VALUES (1492439113994529, 1485269450402470, '树形编号', 'treeNumber', 1, 255, 0, 0, NULL, 1, ' oninput=\"\" onchange=\"\" onfocus=\"\" onblur=\"\" style=\"\" class=\"\"', 0, NULL, 1, 1, 1, 1, 25, 6, NULL, 1, NULL, 1, '2017-04-17 22:25:14', 1, '2017-04-17 22:25:14');
INSERT INTO `oa_custom_form_field` VALUES (1492439114063282, 1485269450402470, '部门名称', 'name', 1, 100, 0, 0, NULL, 1, ' oninput=\"\" onchange=\"\" onfocus=\"\" onblur=\"\" style=\"\" class=\"\"', 0, NULL, 1, 1, 1, 1, 30, 6, NULL, 1, NULL, 1, '2017-04-17 22:25:14', 1, '2017-04-17 22:25:14');
INSERT INTO `oa_custom_form_field` VALUES (1492439114117242, 1485269450402470, '部门编号', 'number', 1, 100, 0, 0, NULL, 1, ' oninput=\"\" onchange=\"\" onfocus=\"\" onblur=\"\" style=\"\" class=\"\"', 0, NULL, 1, 1, 1, 1, 35, 6, NULL, 1, NULL, 1, '2017-04-17 22:25:14', 1, '2017-04-17 22:25:14');
INSERT INTO `oa_custom_form_field` VALUES (1492439114188561, 1485269450402470, '简要说明', 'briefDescription', 1, 255, 0, 0, NULL, 1, ' oninput=\"\" onchange=\"\" onfocus=\"\" onblur=\"\" style=\"\" class=\"\"', 0, NULL, 1, 1, 1, 1, 40, 6, NULL, 1, NULL, 1, '2017-04-17 22:25:14', 1, '2017-04-17 22:25:14');
INSERT INTO `oa_custom_form_field` VALUES (1492439114248926, 1485269450402470, '状态', 'status', 5, 10, 0, 0, NULL, 10, ' oninput=\"\" onchange=\"\" onfocus=\"\" onblur=\"\" style=\"\" class=\"\"', 1, '-1:逻辑删除;0:已禁用/待审核;1:正常', 1, 1, 1, 1, 45, 6, '-1:逻辑删除;0:已禁用/待审核;1:正常', 1, NULL, 1, '2017-04-17 22:25:14', 1, '2017-04-17 22:25:14');
INSERT INTO `oa_custom_form_field` VALUES (1492439114296853, 1485269450402470, '备注说明', 'remark', 2, 65535, 0, 0, NULL, 2, ' oninput=\"\" onchange=\"\" onfocus=\"\" onblur=\"\" style=\"\" class=\"\"', 0, NULL, 0, 1, 1, 1, 50, 6, NULL, 1, NULL, 1, '2017-04-17 22:25:14', 1, '2017-04-17 22:25:14');
INSERT INTO `oa_custom_form_field` VALUES (1492439114350503, 1485269450402470, '其他设置JSON字符串', 'otherJson', 2, 65535, 0, 0, NULL, 18, ' oninput=\"\" onchange=\"\" onfocus=\"\" onblur=\"\" style=\"\" class=\"\"', 0, NULL, 1, 0, 0, 1, 55, 6, NULL, 1, NULL, 1, '2017-04-17 22:25:14', 1, '2017-04-17 22:25:14');
INSERT INTO `oa_custom_form_field` VALUES (1492439114399463, 1485269450402470, '创建时间', 'createTime', 4, 19, 0, 0, NULL, 19, ' oninput=\"\" onchange=\"\" onfocus=\"\" onblur=\"\" style=\"\" class=\"\"', 0, NULL, 1, 1, 1, 1, 60, 6, NULL, 1, NULL, 1, '2017-04-17 22:25:14', 1, '2017-04-17 22:25:14');
INSERT INTO `oa_custom_form_field` VALUES (1492439114437184, 1485269450402470, '创建用户ID', 'createUserId', 6, 19, 0, 0, NULL, 19, ' oninput=\"\" onchange=\"\" onfocus=\"\" onblur=\"\" style=\"\" class=\"\"', 0, NULL, 1, 1, 1, 1, 65, 6, NULL, 1, NULL, 1, '2017-04-17 22:25:14', 1, '2017-04-17 22:25:14');
INSERT INTO `oa_custom_form_field` VALUES (1492439114474205, 1485269450402470, '更新时间', 'updateTime', 4, 19, 0, 0, NULL, 19, ' oninput=\"\" onchange=\"\" onfocus=\"\" onblur=\"\" style=\"\" class=\"\"', 0, NULL, 1, 1, 1, 1, 70, 6, NULL, 1, NULL, 1, '2017-04-17 22:25:14', 1, '2017-04-17 22:25:14');
INSERT INTO `oa_custom_form_field` VALUES (1492439114503970, 1485269450402470, '更新用户ID', 'updateUserId', 6, 19, 0, 0, NULL, 19, ' oninput=\"\" onchange=\"\" onfocus=\"\" onblur=\"\" style=\"\" class=\"\"', 0, NULL, 1, 1, 1, 1, 75, 6, NULL, 1, NULL, 1, '2017-04-17 22:25:15', 1, '2017-04-17 22:25:15');
INSERT INTO `oa_custom_form_field` VALUES (1492439114545033, 1485269451366709, '角色ID', 'id', 6, 19, 1, 1, NULL, 18, ' oninput=\"\" onchange=\"\" onfocus=\"\" onblur=\"\" style=\"\" class=\"\"', 0, NULL, 1, 0, 0, 1, 5, 6, NULL, 1, NULL, 1, '2017-04-17 22:25:15', 1, '2017-04-17 22:25:15');
INSERT INTO `oa_custom_form_field` VALUES (1492439114594372, 1485269451366709, '系统', 'systemId', 6, 19, 0, 0, NULL, 11, ' oninput=\"\" onchange=\"\" onfocus=\"\" onblur=\"\" style=\"\" class=\"\"', 2, NULL, 1, 1, 1, 1, 10, 6, NULL, 1, NULL, 1, '2017-04-17 22:25:15', 1, '2017-04-17 22:25:15');
INSERT INTO `oa_custom_form_field` VALUES (1492439114640322, 1485269451366709, '排序编号', 'sortNumber', 5, 10, 0, 0, NULL, 8, ' oninput=\"\" onchange=\"\" onfocus=\"\" onblur=\"\" style=\"\" class=\"\"', 0, NULL, 1, 1, 1, 1, 15, 6, NULL, 1, NULL, 1, '2017-04-17 22:25:15', 1, '2017-04-17 22:25:15');
INSERT INTO `oa_custom_form_field` VALUES (1492439114670435, 1485269451366709, '角色名称', 'name', 1, 100, 0, 0, NULL, 1, ' oninput=\"\" onchange=\"\" onfocus=\"\" onblur=\"\" style=\"\" class=\"\"', 0, NULL, 1, 1, 1, 1, 20, 6, NULL, 1, NULL, 1, '2017-04-17 22:25:15', 1, '2017-04-17 22:25:15');
INSERT INTO `oa_custom_form_field` VALUES (1492439114707600, 1485269451366709, '状态', 'status', 5, 10, 0, 0, NULL, 10, ' oninput=\"\" onchange=\"\" onfocus=\"\" onblur=\"\" style=\"\" class=\"\"', 1, '-1:逻辑删除;0:已禁用/待审核;1:正常', 1, 1, 1, 1, 25, 6, '-1:逻辑删除;0:已禁用/待审核;1:正常', 1, NULL, 1, '2017-04-17 22:25:15', 1, '2017-04-17 22:25:15');
INSERT INTO `oa_custom_form_field` VALUES (1492439114748085, 1485269451366709, '备注说明', 'remark', 2, 65535, 0, 0, NULL, 2, ' oninput=\"\" onchange=\"\" onfocus=\"\" onblur=\"\" style=\"\" class=\"\"', 0, NULL, 0, 1, 1, 1, 30, 6, NULL, 1, NULL, 1, '2017-04-17 22:25:15', 1, '2017-04-17 22:25:15');
INSERT INTO `oa_custom_form_field` VALUES (1492439114798014, 1485269451366709, '其他设置JSON字符串', 'otherJson', 2, 65535, 0, 0, NULL, 18, ' oninput=\"\" onchange=\"\" onfocus=\"\" onblur=\"\" style=\"\" class=\"\"', 0, NULL, 1, 0, 0, 1, 35, 6, NULL, 1, NULL, 1, '2017-04-17 22:25:15', 1, '2017-04-17 22:25:15');
INSERT INTO `oa_custom_form_field` VALUES (1492439114836343, 1485269451366709, '创建时间', 'createTime', 4, 19, 0, 0, NULL, 19, ' oninput=\"\" onchange=\"\" onfocus=\"\" onblur=\"\" style=\"\" class=\"\"', 0, NULL, 1, 1, 1, 1, 40, 6, NULL, 1, NULL, 1, '2017-04-17 22:25:15', 1, '2017-04-17 22:25:15');
INSERT INTO `oa_custom_form_field` VALUES (1492439114873364, 1485269451366709, '创建用户ID', 'createUserId', 6, 19, 0, 0, NULL, 19, ' oninput=\"\" onchange=\"\" onfocus=\"\" onblur=\"\" style=\"\" class=\"\"', 0, NULL, 1, 1, 1, 1, 45, 6, NULL, 1, NULL, 1, '2017-04-17 22:25:15', 1, '2017-04-17 22:25:15');
INSERT INTO `oa_custom_form_field` VALUES (1492439114902345, 1485269451366709, '更新时间', 'updateTime', 4, 19, 0, 0, NULL, 19, ' oninput=\"\" onchange=\"\" onfocus=\"\" onblur=\"\" style=\"\" class=\"\"', 0, NULL, 1, 1, 1, 1, 50, 6, NULL, 1, NULL, 1, '2017-04-17 22:25:15', 1, '2017-04-17 22:25:15');
INSERT INTO `oa_custom_form_field` VALUES (1492439114942664, 1485269451366709, '更新用户ID', 'updateUserId', 6, 19, 0, 0, NULL, 19, ' oninput=\"\" onchange=\"\" onfocus=\"\" onblur=\"\" style=\"\" class=\"\"', 0, NULL, 1, 1, 1, 1, 55, 6, NULL, 1, NULL, 1, '2017-04-17 22:25:15', 1, '2017-04-17 22:25:15');
INSERT INTO `oa_custom_form_field` VALUES (1492439115005673, 1485269451910930, '角色权限ID', 'id', 6, 19, 1, 1, NULL, 18, ' oninput=\"\" onchange=\"\" onfocus=\"\" onblur=\"\" style=\"\" class=\"\"', 0, NULL, 1, 0, 0, 1, 5, 6, NULL, 1, NULL, 1, '2017-04-17 22:25:15', 1, '2017-04-17 22:25:15');
INSERT INTO `oa_custom_form_field` VALUES (1492439115040215, 1485269451910930, '菜单', 'menuId', 6, 19, 0, 0, NULL, 11, ' oninput=\"\" onchange=\"\" onfocus=\"\" onblur=\"\" style=\"\" class=\"\"', 2, NULL, 1, 1, 1, 1, 10, 6, NULL, 1, NULL, 1, '2017-04-17 22:25:15', 1, '2017-04-17 22:25:15');
INSERT INTO `oa_custom_form_field` VALUES (1492439115080534, 1485269451910930, '动作', 'actionId', 6, 19, 0, 0, NULL, 11, ' oninput=\"\" onchange=\"\" onfocus=\"\" onblur=\"\" style=\"\" class=\"\"', 2, NULL, 1, 1, 1, 1, 15, 6, NULL, 1, NULL, 1, '2017-04-17 22:25:15', 1, '2017-04-17 22:25:15');
INSERT INTO `oa_custom_form_field` VALUES (1492439115119688, 1485269451910930, '角色', 'roleId', 6, 19, 0, 0, NULL, 11, ' oninput=\"\" onchange=\"\" onfocus=\"\" onblur=\"\" style=\"\" class=\"\"', 2, NULL, 1, 1, 1, 1, 20, 6, NULL, 1, NULL, 1, '2017-04-17 22:25:15', 1, '2017-04-17 22:25:15');
INSERT INTO `oa_custom_form_field` VALUES (1492439115170926, 1485269451910930, '数据权限', 'dataPermission', 5, 10, 0, 0, '1', 11, ' oninput=\"\" onchange=\"\" onfocus=\"\" onblur=\"\" style=\"\" class=\"\"', 1, '1:所有权限;2:本部门及子部门;3:本部门;4:仅本人;5:特定部门;6:特定人员;7:SQL语句', 1, 1, 1, 1, 25, 6, '1:所有权限;2:本部门及子部门;3:本部门;4:仅本人;5:特定部门;6:特定人员;7:SQL语句', 1, NULL, 1, '2017-04-17 22:25:15', 1, '2017-04-17 22:25:15');
INSERT INTO `oa_custom_form_field` VALUES (1492439115217154, 1485269451910930, '特定', 'specialIds', 2, 65535, 0, 0, NULL, 12, ' oninput=\"\" onchange=\"\" onfocus=\"\" onblur=\"\" style=\"\" class=\"\"', 2, NULL, 1, 1, 1, 1, 30, 6, 'dataPermission=5时代表特定部门IDs；dataPermission=6时代表特定人员IDs。多个ID之间使用半角逗号分隔', 1, NULL, 1, '2017-04-17 22:25:15', 1, '2017-04-17 22:25:15');
INSERT INTO `oa_custom_form_field` VALUES (1492439115259607, 1485269451910930, '附加Where查询条件', 'whereSql', 1, 3000, 0, 0, NULL, 1, ' oninput=\"\" onchange=\"\" onfocus=\"\" onblur=\"\" style=\"\" class=\"\"', 0, NULL, 1, 1, 1, 1, 35, 6, NULL, 1, NULL, 1, '2017-04-17 22:25:15', 1, '2017-04-17 22:25:15');
INSERT INTO `oa_custom_form_field` VALUES (1492439115295351, 1485269451910930, '状态', 'status', 5, 10, 0, 0, NULL, 10, ' oninput=\"\" onchange=\"\" onfocus=\"\" onblur=\"\" style=\"\" class=\"\"', 1, '-1:逻辑删除;0:已禁用/待审核;1:正常', 1, 1, 1, 1, 40, 6, '-1:逻辑删除;0:已禁用/待审核;1:正常', 1, NULL, 1, '2017-04-17 22:25:15', 1, '2017-04-17 22:25:15');
INSERT INTO `oa_custom_form_field` VALUES (1492439115347865, 1485269451910930, '备注说明', 'remark', 2, 65535, 0, 0, NULL, 2, ' oninput=\"\" onchange=\"\" onfocus=\"\" onblur=\"\" style=\"\" class=\"\"', 0, NULL, 0, 1, 1, 1, 45, 6, NULL, 1, NULL, 1, '2017-04-17 22:25:15', 1, '2017-04-17 22:25:15');
INSERT INTO `oa_custom_form_field` VALUES (1492439115385051, 1485269451910930, '其他设置JSON字符串', 'otherJson', 2, 65535, 0, 0, NULL, 18, ' oninput=\"\" onchange=\"\" onfocus=\"\" onblur=\"\" style=\"\" class=\"\"', 0, NULL, 1, 0, 0, 1, 50, 6, NULL, 1, NULL, 1, '2017-04-17 22:25:15', 1, '2017-04-17 22:25:15');
INSERT INTO `oa_custom_form_field` VALUES (1492439115446887, 1485269451910930, '创建时间', 'createTime', 4, 19, 0, 0, NULL, 19, ' oninput=\"\" onchange=\"\" onfocus=\"\" onblur=\"\" style=\"\" class=\"\"', 0, NULL, 1, 1, 1, 1, 55, 6, NULL, 1, NULL, 1, '2017-04-17 22:25:15', 1, '2017-04-17 22:25:15');
INSERT INTO `oa_custom_form_field` VALUES (1492439115505165, 1485269451910930, '创建用户ID', 'createUserId', 6, 19, 0, 0, NULL, 19, ' oninput=\"\" onchange=\"\" onfocus=\"\" onblur=\"\" style=\"\" class=\"\"', 0, NULL, 1, 1, 1, 1, 60, 6, NULL, 1, NULL, 1, '2017-04-17 22:25:16', 1, '2017-04-17 22:25:16');
INSERT INTO `oa_custom_form_field` VALUES (1492439115547150, 1485269451910930, '更新时间', 'updateTime', 4, 19, 0, 0, NULL, 19, ' oninput=\"\" onchange=\"\" onfocus=\"\" onblur=\"\" style=\"\" class=\"\"', 0, NULL, 1, 1, 1, 1, 65, 6, NULL, 1, NULL, 1, '2017-04-17 22:25:16', 1, '2017-04-17 22:25:16');
INSERT INTO `oa_custom_form_field` VALUES (1492439115584757, 1485269451910930, '更新用户ID', 'updateUserId', 6, 19, 0, 0, NULL, 19, ' oninput=\"\" onchange=\"\" onfocus=\"\" onblur=\"\" style=\"\" class=\"\"', 0, NULL, 1, 1, 1, 1, 70, 6, NULL, 1, NULL, 1, '2017-04-17 22:25:16', 1, '2017-04-17 22:25:16');
INSERT INTO `oa_custom_form_field` VALUES (1492439115626211, 1485269452635386, '系统ID', 'id', 6, 19, 1, 1, NULL, 18, ' oninput=\"\" onchange=\"\" onfocus=\"\" onblur=\"\" style=\"\" class=\"\"', 0, NULL, 1, 0, 0, 1, 5, 6, 'ID=1的为默认基础框架系统', 1, NULL, 1, '2017-04-17 22:25:16', 1, '2017-04-17 22:25:16');
INSERT INTO `oa_custom_form_field` VALUES (1492439115660820, 1485269452635386, '系统全称', 'fullName', 1, 100, 0, 0, NULL, 1, ' oninput=\"\" onchange=\"\" onfocus=\"\" onblur=\"\" style=\"\" class=\"\"', 0, NULL, 1, 1, 1, 1, 10, 6, NULL, 1, NULL, 1, '2017-04-17 22:25:16', 1, '2017-04-17 22:25:16');
INSERT INTO `oa_custom_form_field` VALUES (1492439115690078, 1485269452635386, '系统简称', 'shortName', 1, 100, 0, 0, NULL, 1, ' oninput=\"\" onchange=\"\" onfocus=\"\" onblur=\"\" style=\"\" class=\"\"', 0, NULL, 1, 1, 1, 1, 15, 6, NULL, 1, NULL, 1, '2017-04-17 22:25:16', 1, '2017-04-17 22:25:16');
INSERT INTO `oa_custom_form_field` VALUES (1492439115729840, 1485269452635386, '访问URL', 'url', 1, 255, 0, 0, NULL, 1, ' oninput=\"\" onchange=\"\" onfocus=\"\" onblur=\"\" style=\"\" class=\"\"', 0, NULL, 1, 1, 1, 1, 20, 6, '到应用存放路径(ContextPath)为止，不必以“/”结尾', 1, NULL, 1, '2017-04-17 22:25:16', 1, '2017-04-17 22:25:16');
INSERT INTO `oa_custom_form_field` VALUES (1492439115781368, 1485269452635386, '文件路径', 'filePath', 1, 20, 0, 0, NULL, 1, ' oninput=\"\" onchange=\"\" onfocus=\"\" onblur=\"\" style=\"\" class=\"\"', 0, NULL, 1, 1, 1, 1, 25, 6, '附件、资源文件或者模板页面存储路径标识。本机上运行的子系统必填而且必须唯一，非本机系统应该为空', 1, NULL, 1, '2017-04-17 22:25:16', 1, '2017-04-17 22:25:16');
INSERT INTO `oa_custom_form_field` VALUES (1492439115827697, 1485269452635386, '用户登录地址', 'loginUrl', 1, 255, 0, 0, '/login', 1, ' oninput=\"\" onchange=\"\" onfocus=\"\" onblur=\"\" style=\"\" class=\"\"', 0, NULL, 1, 1, 1, 1, 30, 6, NULL, 1, NULL, 1, '2017-04-17 22:25:16', 1, '2017-04-17 22:25:16');
INSERT INTO `oa_custom_form_field` VALUES (1492439115856985, 1485269452635386, '后台管理地址', 'adminUrl', 1, 255, 0, 0, NULL, 1, ' oninput=\"\" onchange=\"\" onfocus=\"\" onblur=\"\" style=\"\" class=\"\"', 0, NULL, 1, 1, 1, 1, 35, 6, NULL, 1, NULL, 1, '2017-04-17 22:25:16', 1, '2017-04-17 22:25:16');
INSERT INTO `oa_custom_form_field` VALUES (1492439115907348, 1485269452635386, '联系人', 'contactPerson', 1, 255, 0, 0, NULL, 1, ' oninput=\"\" onchange=\"\" onfocus=\"\" onblur=\"\" style=\"\" class=\"\"', 0, NULL, 1, 1, 1, 1, 40, 6, NULL, 1, NULL, 1, '2017-04-17 22:25:16', 1, '2017-04-17 22:25:16');
INSERT INTO `oa_custom_form_field` VALUES (1492439115958574, 1485269452635386, '联系手机', 'contactMobile', 1, 25, 0, 0, NULL, 1, ' oninput=\"\" onchange=\"\" onfocus=\"\" onblur=\"\" style=\"\" class=\"\"', 0, NULL, 1, 1, 1, 1, 45, 6, NULL, 1, NULL, 1, '2017-04-17 22:25:16', 1, '2017-04-17 22:25:16');
INSERT INTO `oa_custom_form_field` VALUES (1492439116007646, 1485269452635386, '联系QQ', 'contactQQ', 1, 255, 0, 0, NULL, 1, ' oninput=\"\" onchange=\"\" onfocus=\"\" onblur=\"\" style=\"\" class=\"\"', 0, NULL, 1, 1, 1, 1, 50, 6, NULL, 1, NULL, 1, '2017-04-17 22:25:16', 1, '2017-04-17 22:25:16');
INSERT INTO `oa_custom_form_field` VALUES (1492439116056270, 1485269452635386, '联系E-mail', 'contactEmail', 1, 255, 0, 0, NULL, 1, ' oninput=\"\" onchange=\"\" onfocus=\"\" onblur=\"\" style=\"\" class=\"\"', 0, NULL, 1, 1, 1, 1, 55, 6, NULL, 1, NULL, 1, '2017-04-17 22:25:16', 1, '2017-04-17 22:25:16');
INSERT INTO `oa_custom_form_field` VALUES (1492439116094991, 1485269452635386, '状态', 'status', 5, 10, 0, 0, NULL, 10, ' oninput=\"\" onchange=\"\" onfocus=\"\" onblur=\"\" style=\"\" class=\"\"', 1, '-1:逻辑删除;0:已禁用/待审核;1:正常', 1, 1, 1, 1, 60, 6, '-1:逻辑删除;0:已禁用/待审核;1:正常', 1, NULL, 1, '2017-04-17 22:25:16', 1, '2017-04-17 22:25:16');
INSERT INTO `oa_custom_form_field` VALUES (1492439116135599, 1485269452635386, '备注说明', 'remark', 2, 65535, 0, 0, NULL, 2, ' oninput=\"\" onchange=\"\" onfocus=\"\" onblur=\"\" style=\"\" class=\"\"', 0, NULL, 0, 1, 1, 1, 65, 6, NULL, 1, NULL, 1, '2017-04-17 22:25:16', 1, '2017-04-17 22:25:16');
INSERT INTO `oa_custom_form_field` VALUES (1492439116196899, 1485269452635386, '其他设置JSON字符串', 'otherJson', 2, 65535, 0, 0, NULL, 18, ' oninput=\"\" onchange=\"\" onfocus=\"\" onblur=\"\" style=\"\" class=\"\"', 0, NULL, 1, 0, 0, 1, 70, 6, NULL, 1, NULL, 1, '2017-04-17 22:25:16', 1, '2017-04-17 22:25:16');
INSERT INTO `oa_custom_form_field` VALUES (1492439116245260, 1485269452635386, '创建时间', 'createTime', 4, 19, 0, 0, NULL, 19, ' oninput=\"\" onchange=\"\" onfocus=\"\" onblur=\"\" style=\"\" class=\"\"', 0, NULL, 1, 1, 1, 1, 75, 6, NULL, 1, NULL, 1, '2017-04-17 22:25:16', 1, '2017-04-17 22:25:16');
INSERT INTO `oa_custom_form_field` VALUES (1492439116282548, 1485269452635386, '创建用户ID', 'createUserId', 6, 19, 0, 0, NULL, 19, ' oninput=\"\" onchange=\"\" onfocus=\"\" onblur=\"\" style=\"\" class=\"\"', 0, NULL, 1, 1, 1, 1, 80, 6, NULL, 1, NULL, 1, '2017-04-17 22:25:16', 1, '2017-04-17 22:25:16');
INSERT INTO `oa_custom_form_field` VALUES (1492439116324477, 1485269452635386, '更新时间', 'updateTime', 4, 19, 0, 0, NULL, 19, ' oninput=\"\" onchange=\"\" onfocus=\"\" onblur=\"\" style=\"\" class=\"\"', 0, NULL, 1, 1, 1, 1, 85, 6, NULL, 1, NULL, 1, '2017-04-17 22:25:16', 1, '2017-04-17 22:25:16');
INSERT INTO `oa_custom_form_field` VALUES (1492439116372405, 1485269452635386, '更新用户ID', 'updateUserId', 6, 19, 0, 0, NULL, 19, ' oninput=\"\" onchange=\"\" onfocus=\"\" onblur=\"\" style=\"\" class=\"\"', 0, NULL, 1, 1, 1, 1, 90, 6, NULL, 1, NULL, 1, '2017-04-17 22:25:16', 1, '2017-04-17 22:25:16');
INSERT INTO `oa_custom_form_field` VALUES (1492439116424931, 1485269453557334, '菜单ID', 'id', 6, 19, 1, 1, NULL, 18, ' oninput=\"\" onchange=\"\" onfocus=\"\" onblur=\"\" style=\"\" class=\"\"', 0, NULL, 1, 0, 0, 1, 5, 6, NULL, 1, NULL, 1, '2017-04-17 22:25:16', 1, '2017-04-17 22:25:16');
INSERT INTO `oa_custom_form_field` VALUES (1492439116471695, 1485269453557334, '系统', 'systemId', 6, 19, 0, 0, NULL, 11, ' oninput=\"\" onchange=\"\" onfocus=\"\" onblur=\"\" style=\"\" class=\"\"', 2, NULL, 1, 1, 1, 1, 10, 6, NULL, 1, NULL, 1, '2017-04-17 22:25:16', 1, '2017-04-17 22:25:16');
INSERT INTO `oa_custom_form_field` VALUES (1492439116511015, 1485269453557334, '父级菜单', 'parentId', 6, 19, 0, 0, NULL, 11, ' oninput=\"\" onchange=\"\" onfocus=\"\" onblur=\"\" style=\"\" class=\"\"', 2, NULL, 1, 1, 1, 1, 15, 6, NULL, 1, NULL, 1, '2017-04-17 22:25:17', 1, '2017-04-17 22:25:17');
INSERT INTO `oa_custom_form_field` VALUES (1492439116550788, 1485269453557334, '排序编号', 'sortNumber', 5, 10, 0, 0, NULL, 8, ' oninput=\"\" onchange=\"\" onfocus=\"\" onblur=\"\" style=\"\" class=\"\"', 0, NULL, 1, 1, 1, 1, 20, 6, NULL, 1, NULL, 1, '2017-04-17 22:25:17', 1, '2017-04-17 22:25:17');
INSERT INTO `oa_custom_form_field` VALUES (1492439116602448, 1485269453557334, '菜单编号', 'menuNumber', 1, 255, 0, 0, NULL, 1, ' oninput=\"\" onchange=\"\" onfocus=\"\" onblur=\"\" style=\"\" class=\"\"', 0, NULL, 1, 1, 1, 1, 25, 6, NULL, 1, NULL, 1, '2017-04-17 22:25:17', 1, '2017-04-17 22:25:17');
INSERT INTO `oa_custom_form_field` VALUES (1492439116648952, 1485269453557334, '菜单名称', 'name', 1, 100, 0, 0, NULL, 1, ' oninput=\"\" onchange=\"\" onfocus=\"\" onblur=\"\" style=\"\" class=\"\"', 0, NULL, 1, 1, 1, 1, 30, 6, NULL, 1, NULL, 1, '2017-04-17 22:25:17', 1, '2017-04-17 22:25:17');
INSERT INTO `oa_custom_form_field` VALUES (1492439116689007, 1485269453557334, '链接URL', 'url', 1, 255, 0, 0, NULL, 1, ' oninput=\"\" onchange=\"\" onfocus=\"\" onblur=\"\" style=\"\" class=\"\"', 0, NULL, 1, 1, 1, 1, 35, 6, '访问外部链接地址使用http开始的完整URL地址，访问本系统或者子系统使用以/开头的相对路径URL', 1, NULL, 1, '2017-04-17 22:25:17', 1, '2017-04-17 22:25:17');
INSERT INTO `oa_custom_form_field` VALUES (1492439116726295, 1485269453557334, '目标窗口', 'target', 1, 20, 0, 0, NULL, 1, ' oninput=\"\" onchange=\"\" onfocus=\"\" onblur=\"\" style=\"\" class=\"\"', 0, NULL, 1, 1, 1, 1, 40, 6, '目标窗口名称，新建窗口_blank，顶级窗口_top，本窗口请留空或者_self，其他固定名称的窗口请直接填写窗口名称', 1, NULL, 1, '2017-04-17 22:25:17', 1, '2017-04-17 22:25:17');
INSERT INTO `oa_custom_form_field` VALUES (1492439116780263, 1485269453557334, '帮助文档URL', 'helpUrl', 1, 255, 0, 0, NULL, 14, ' oninput=\"\" onchange=\"\" onfocus=\"\" onblur=\"\" style=\"\" class=\"\"', 0, NULL, 1, 1, 1, 1, 45, 6, NULL, 1, NULL, 1, '2017-04-17 22:25:17', 1, '2017-04-17 22:25:17');
INSERT INTO `oa_custom_form_field` VALUES (1492439116826749, 1485269453557334, '图标', 'iconSkin', 1, 255, 0, 0, NULL, 1, ' oninput=\"\" onchange=\"\" onfocus=\"\" onblur=\"\" style=\"\" class=\"\"', 0, NULL, 1, 1, 1, 1, 50, 6, '字体样式图标直接填写CSS样式名称如fa-home、icon-attachment等，图片URL', 1, NULL, 1, '2017-04-17 22:25:17', 1, '2017-04-17 22:25:17');
INSERT INTO `oa_custom_form_field` VALUES (1492439116866924, 1485269453557334, '简要说明', 'briefDescription', 1, 255, 0, 0, NULL, 1, ' oninput=\"\" onchange=\"\" onfocus=\"\" onblur=\"\" style=\"\" class=\"\"', 0, NULL, 1, 1, 1, 1, 55, 6, NULL, 1, NULL, 1, '2017-04-17 22:25:17', 1, '2017-04-17 22:25:17');
INSERT INTO `oa_custom_form_field` VALUES (1492439116904110, 1485269453557334, '状态', 'status', 5, 10, 0, 0, NULL, 10, ' oninput=\"\" onchange=\"\" onfocus=\"\" onblur=\"\" style=\"\" class=\"\"', 1, '-1:逻辑删除;0:已禁用/待审核;1:正常', 1, 1, 1, 1, 60, 6, '-1:逻辑删除;0:已禁用/待审核;1:正常', 1, NULL, 1, '2017-04-17 22:25:17', 1, '2017-04-17 22:25:17');
INSERT INTO `oa_custom_form_field` VALUES (1492439116946863, 1485269453557334, '备注说明', 'remark', 2, 65535, 0, 0, NULL, 2, ' oninput=\"\" onchange=\"\" onfocus=\"\" onblur=\"\" style=\"\" class=\"\"', 0, NULL, 0, 1, 1, 1, 65, 6, NULL, 1, NULL, 1, '2017-04-17 22:25:17', 1, '2017-04-17 22:25:17');
INSERT INTO `oa_custom_form_field` VALUES (1492439117005996, 1485269453557334, '其他设置JSON字符串', 'otherJson', 2, 65535, 0, 0, NULL, 18, ' oninput=\"\" onchange=\"\" onfocus=\"\" onblur=\"\" style=\"\" class=\"\"', 0, NULL, 1, 0, 0, 1, 70, 6, NULL, 1, NULL, 1, '2017-04-17 22:25:17', 1, '2017-04-17 22:25:17');
INSERT INTO `oa_custom_form_field` VALUES (1492439117055059, 1485269453557334, '创建时间', 'createTime', 4, 19, 0, 0, NULL, 19, ' oninput=\"\" onchange=\"\" onfocus=\"\" onblur=\"\" style=\"\" class=\"\"', 0, NULL, 1, 1, 1, 1, 75, 6, NULL, 1, NULL, 1, '2017-04-17 22:25:17', 1, '2017-04-17 22:25:17');
INSERT INTO `oa_custom_form_field` VALUES (1492439117092198, 1485269453557334, '创建用户ID', 'createUserId', 6, 19, 0, 0, NULL, 19, ' oninput=\"\" onchange=\"\" onfocus=\"\" onblur=\"\" style=\"\" class=\"\"', 0, NULL, 1, 1, 1, 1, 80, 6, NULL, 1, NULL, 1, '2017-04-17 22:25:17', 1, '2017-04-17 22:25:17');
INSERT INTO `oa_custom_form_field` VALUES (1492439117134650, 1485269453557334, '更新时间', 'updateTime', 4, 19, 0, 0, NULL, 19, ' oninput=\"\" onchange=\"\" onfocus=\"\" onblur=\"\" style=\"\" class=\"\"', 0, NULL, 1, 1, 1, 1, 85, 6, NULL, 1, NULL, 1, '2017-04-17 22:25:17', 1, '2017-04-17 22:25:17');
INSERT INTO `oa_custom_form_field` VALUES (1492439117171815, 1485269453557334, '更新用户ID', 'updateUserId', 6, 19, 0, 0, NULL, 19, ' oninput=\"\" onchange=\"\" onfocus=\"\" onblur=\"\" style=\"\" class=\"\"', 0, NULL, 1, 1, 1, 1, 90, 6, NULL, 1, NULL, 1, '2017-04-17 22:25:17', 1, '2017-04-17 22:25:17');
INSERT INTO `oa_custom_form_field` VALUES (1492439117222909, 1485269454407591, '用户ID', 'id', 6, 19, 1, 1, NULL, 18, ' oninput=\"\" onchange=\"\" onfocus=\"\" onblur=\"\" style=\"\" class=\"\"', 0, NULL, 1, 0, 0, 1, 5, 6, NULL, 1, NULL, 1, '2017-04-17 22:25:17', 1, '2017-04-17 22:25:17');
INSERT INTO `oa_custom_form_field` VALUES (1492439117258497, 1485269454407591, '用户名', 'userName', 1, 255, 0, 0, NULL, 1, ' oninput=\"\" onchange=\"\" onfocus=\"\" onblur=\"\" style=\"\" class=\"\"', 0, NULL, 1, 1, 1, 1, 10, 6, NULL, 1, NULL, 1, '2017-04-17 22:25:17', 1, '2017-04-17 22:25:17');
INSERT INTO `oa_custom_form_field` VALUES (1492439117299394, 1485269454407591, '登录密码', 'password', 1, 255, 0, 0, NULL, 6, ' oninput=\"\" onchange=\"\" onfocus=\"\" onblur=\"\" style=\"\" class=\"\"', 0, NULL, 1, 1, 1, 1, 15, 6, NULL, 1, NULL, 1, '2017-04-17 22:25:17', 1, '2017-04-17 22:25:17');
INSERT INTO `oa_custom_form_field` VALUES (1492439117338437, 1485269454407591, 'E-mail', 'email', 1, 255, 0, 0, NULL, 1, ' oninput=\"\" onchange=\"\" onfocus=\"\" onblur=\"\" style=\"\" class=\"\"', 0, NULL, 1, 1, 1, 1, 20, 6, NULL, 1, NULL, 1, '2017-04-17 22:25:17', 1, '2017-04-17 22:25:17');
INSERT INTO `oa_custom_form_field` VALUES (1492439117388673, 1485269454407591, '手机', 'mobile', 1, 255, 0, 0, NULL, 1, ' oninput=\"\" onchange=\"\" onfocus=\"\" onblur=\"\" style=\"\" class=\"\"', 0, NULL, 1, 1, 1, 1, 25, 6, NULL, 1, NULL, 1, '2017-04-17 22:25:17', 1, '2017-04-17 22:25:17');
INSERT INTO `oa_custom_form_field` VALUES (1492439117425838, 1485269454407591, '其他联系方式', 'otherContact', 1, 255, 0, 0, NULL, 1, ' oninput=\"\" onchange=\"\" onfocus=\"\" onblur=\"\" style=\"\" class=\"\"', 0, NULL, 1, 1, 1, 1, 30, 6, NULL, 1, NULL, 1, '2017-04-17 22:25:17', 1, '2017-04-17 22:25:17');
INSERT INTO `oa_custom_form_field` VALUES (1492439117465314, 1485269454407591, '昵称', 'nikename', 1, 255, 0, 0, NULL, 1, ' oninput=\"\" onchange=\"\" onfocus=\"\" onblur=\"\" style=\"\" class=\"\"', 0, NULL, 1, 1, 1, 1, 35, 6, NULL, 1, NULL, 1, '2017-04-17 22:25:17', 1, '2017-04-17 22:25:17');
INSERT INTO `oa_custom_form_field` VALUES (1492439117514653, 1485269454407591, '照片URL', 'photoURL', 1, 255, 0, 0, NULL, 1, ' oninput=\"\" onchange=\"\" onfocus=\"\" onblur=\"\" style=\"\" class=\"\"', 0, NULL, 1, 1, 1, 1, 40, 6, NULL, 1, NULL, 1, '2017-04-17 22:25:18', 1, '2017-04-17 22:25:18');
INSERT INTO `oa_custom_form_field` VALUES (1492439117554118, 1485269454407591, '真实姓名', 'realName', 1, 255, 0, 0, NULL, 1, ' oninput=\"\" onchange=\"\" onfocus=\"\" onblur=\"\" style=\"\" class=\"\"', 0, NULL, 1, 1, 1, 1, 45, 6, NULL, 1, NULL, 1, '2017-04-17 22:25:18', 1, '2017-04-17 22:25:18');
INSERT INTO `oa_custom_form_field` VALUES (1492439117591668, 1485269454407591, '角色', 'roleId', 6, 19, 0, 0, NULL, 11, ' oninput=\"\" onchange=\"\" onfocus=\"\" onblur=\"\" style=\"\" class=\"\"', 2, NULL, 1, 1, 1, 1, 50, 6, NULL, 1, NULL, 1, '2017-04-17 22:25:18', 1, '2017-04-17 22:25:18');
INSERT INTO `oa_custom_form_field` VALUES (1492439117632009, 1485269454407591, '部门ID', 'departmentId', 6, 19, 0, 0, NULL, 16, ' oninput=\"\" onchange=\"\" onfocus=\"\" onblur=\"\" style=\"\" class=\"\"', 0, NULL, 1, 1, 1, 1, 55, 6, NULL, 1, NULL, 1, '2017-04-17 22:25:18', 1, '2017-04-17 22:25:18');
INSERT INTO `oa_custom_form_field` VALUES (1492439117669029, 1485269454407591, '状态', 'status', 5, 10, 0, 0, NULL, 10, ' oninput=\"\" onchange=\"\" onfocus=\"\" onblur=\"\" style=\"\" class=\"\"', 1, '-1:逻辑删除;0:已禁用/待审核;1:正常', 1, 1, 1, 1, 60, 6, '-1:逻辑删除;0:已禁用/待审核;1:正常', 1, NULL, 1, '2017-04-17 22:25:18', 1, '2017-04-17 22:25:18');
INSERT INTO `oa_custom_form_field` VALUES (1492439117709504, 1485269454407591, '备注说明', 'remark', 2, 65535, 0, 0, NULL, 2, ' oninput=\"\" onchange=\"\" onfocus=\"\" onblur=\"\" style=\"\" class=\"\"', 0, NULL, 0, 1, 1, 1, 65, 6, NULL, 1, NULL, 1, '2017-04-17 22:25:18', 1, '2017-04-17 22:25:18');
INSERT INTO `oa_custom_form_field` VALUES (1492439117746937, 1485269454407591, '其他设置JSON字符串', 'otherJson', 2, 65535, 0, 0, NULL, 18, ' oninput=\"\" onchange=\"\" onfocus=\"\" onblur=\"\" style=\"\" class=\"\"', 0, NULL, 1, 0, 0, 1, 70, 6, NULL, 1, NULL, 1, '2017-04-17 22:25:18', 1, '2017-04-17 22:25:18');
INSERT INTO `oa_custom_form_field` VALUES (1492439117787689, 1485269454407591, '创建时间', 'createTime', 4, 19, 0, 0, NULL, 19, ' oninput=\"\" onchange=\"\" onfocus=\"\" onblur=\"\" style=\"\" class=\"\"', 0, NULL, 1, 1, 1, 1, 75, 6, NULL, 1, NULL, 1, '2017-04-17 22:25:18', 1, '2017-04-17 22:25:18');
INSERT INTO `oa_custom_form_field` VALUES (1492439117824454, 1485269454407591, '创建用户ID', 'createUserId', 6, 19, 0, 0, NULL, 19, ' oninput=\"\" onchange=\"\" onfocus=\"\" onblur=\"\" style=\"\" class=\"\"', 0, NULL, 1, 1, 1, 1, 80, 6, NULL, 1, NULL, 1, '2017-04-17 22:25:18', 1, '2017-04-17 22:25:18');
INSERT INTO `oa_custom_form_field` VALUES (1492439117864095, 1485269454407591, '更新时间', 'updateTime', 4, 19, 0, 0, NULL, 19, ' oninput=\"\" onchange=\"\" onfocus=\"\" onblur=\"\" style=\"\" class=\"\"', 0, NULL, 1, 1, 1, 1, 85, 6, NULL, 1, NULL, 1, '2017-04-17 22:25:18', 1, '2017-04-17 22:25:18');
INSERT INTO `oa_custom_form_field` VALUES (1492439117902280, 1485269454407591, '更新用户Id', 'updateUserId', 6, 19, 0, 0, NULL, 19, ' oninput=\"\" onchange=\"\" onfocus=\"\" onblur=\"\" style=\"\" class=\"\"', 0, NULL, 1, 1, 1, 1, 90, 6, NULL, 1, NULL, 1, '2017-04-17 22:25:18', 1, '2017-04-17 22:25:18');
INSERT INTO `oa_custom_form_field` VALUES (1492439117954939, 1485269455353838, '用户角色ID', 'id', 6, 19, 1, 1, NULL, 18, ' oninput=\"\" onchange=\"\" onfocus=\"\" onblur=\"\" style=\"\" class=\"\"', 0, NULL, 1, 0, 0, 1, 5, 6, NULL, 1, NULL, 1, '2017-04-17 22:25:18', 1, '2017-04-17 22:25:18');
INSERT INTO `oa_custom_form_field` VALUES (1492439117990538, 1485269455353838, '用户ID', 'userId', 6, 19, 0, 0, NULL, 17, ' oninput=\"\" onchange=\"\" onfocus=\"\" onblur=\"\" style=\"\" class=\"\"', 0, NULL, 1, 1, 1, 1, 10, 6, NULL, 1, NULL, 1, '2017-04-17 22:25:18', 1, '2017-04-17 22:25:18');
INSERT INTO `oa_custom_form_field` VALUES (1492439118031559, 1485269455353838, '部门ID', 'departmentId', 6, 19, 0, 0, NULL, 16, ' oninput=\"\" onchange=\"\" onfocus=\"\" onblur=\"\" style=\"\" class=\"\"', 0, NULL, 1, 1, 1, 1, 15, 6, NULL, 1, NULL, 1, '2017-04-17 22:25:18', 1, '2017-04-17 22:25:18');
INSERT INTO `oa_custom_form_field` VALUES (1492439118069888, 1485269455508370, '用户角色ID', 'id', 6, 19, 1, 1, NULL, 18, ' oninput=\"\" onchange=\"\" onfocus=\"\" onblur=\"\" style=\"\" class=\"\"', 0, NULL, 1, 0, 0, 1, 5, 6, NULL, 1, NULL, 1, '2017-04-17 22:25:18', 1, '2017-04-17 22:25:18');
INSERT INTO `oa_custom_form_field` VALUES (1492439118108200, 1485269455508370, '用户ID', 'userId', 6, 19, 0, 0, NULL, 17, ' oninput=\"\" onchange=\"\" onfocus=\"\" onblur=\"\" style=\"\" class=\"\"', 0, NULL, 1, 1, 1, 1, 10, 6, NULL, 1, NULL, 1, '2017-04-17 22:25:18', 1, '2017-04-17 22:25:18');
INSERT INTO `oa_custom_form_field` VALUES (1492439118146385, 1485269455508370, '角色', 'roleId', 6, 19, 0, 0, NULL, 11, ' oninput=\"\" onchange=\"\" onfocus=\"\" onblur=\"\" style=\"\" class=\"\"', 2, NULL, 1, 1, 1, 1, 15, 6, NULL, 1, NULL, 1, '2017-04-17 22:25:18', 1, '2017-04-17 22:25:18');
INSERT INTO `oa_custom_form_field` VALUES (1492439118188693, 1485269455652021, 'ID', 'id', 6, 19, 1, 1, NULL, 18, ' oninput=\"\" onchange=\"\" onfocus=\"\" onblur=\"\" style=\"\" class=\"\"', 0, NULL, 1, 0, 0, 1, 5, 6, NULL, 1, NULL, 1, '2017-04-17 22:25:18', 1, '2017-04-17 22:25:18');
INSERT INTO `oa_custom_form_field` VALUES (1492439118223005, 1485269455652021, '表单名称', 'name', 1, 255, 0, 0, NULL, 1, ' oninput=\"\" onchange=\"\" onfocus=\"\" onblur=\"\" style=\"\" class=\"\"', 0, NULL, 1, 1, 1, 1, 10, 6, NULL, 1, NULL, 1, '2017-04-17 22:25:18', 1, '2017-04-17 22:25:18');
INSERT INTO `oa_custom_form_field` VALUES (1492439118264901, 1485269455652021, '物理表名称', 'physicalName', 1, 255, 0, 0, NULL, 1, ' oninput=\"\" onchange=\"\" onfocus=\"\" onblur=\"\" style=\"\" class=\"\"', 0, NULL, 1, 1, 1, 1, 15, 6, NULL, 1, NULL, 1, '2017-04-17 22:25:18', 1, '2017-04-17 22:25:18');
INSERT INTO `oa_custom_form_field` VALUES (1492439118301653, 1485269455652021, '设计源码', 'designCode', 2, 65535, 0, 0, NULL, 2, ' oninput=\"\" onchange=\"\" onfocus=\"\" onblur=\"\" style=\"\" class=\"\"', 0, NULL, 0, 1, 1, 1, 20, 6, NULL, 1, NULL, 1, '2017-04-17 22:25:18', 1, '2017-04-17 22:25:18');
INSERT INTO `oa_custom_form_field` VALUES (1492439118341359, 1485269455652021, '附加JavaScript和Css样式代码', 'jsAndCss', 2, 65535, 0, 0, NULL, 2, ' oninput=\"\" onchange=\"\" onfocus=\"\" onblur=\"\" style=\"\" class=\"\"', 0, NULL, 0, 1, 1, 1, 25, 6, NULL, 1, NULL, 1, '2017-04-17 22:25:18', 1, '2017-04-17 22:25:18');
INSERT INTO `oa_custom_form_field` VALUES (1492439118379081, 1485269455652021, '列表页面查询SQL', 'listWhereSql', 2, 65535, 0, 0, NULL, 2, ' oninput=\"\" onchange=\"\" onfocus=\"\" onblur=\"\" style=\"\" class=\"\"', 0, NULL, 0, 1, 1, 1, 30, 6, '列表页面查询Where条件附加SQL', 1, NULL, 1, '2017-04-17 22:25:18', 1, '2017-04-17 22:25:18');
INSERT INTO `oa_custom_form_field` VALUES (1492439118441657, 1485269455652021, '备注说明', 'remark', 2, 65535, 0, 0, NULL, 2, ' oninput=\"\" onchange=\"\" onfocus=\"\" onblur=\"\" style=\"\" class=\"\"', 0, NULL, 0, 1, 1, 1, 35, 6, NULL, 1, NULL, 1, '2017-04-17 22:25:18', 1, '2017-04-17 22:25:18');
INSERT INTO `oa_custom_form_field` VALUES (1492439118478834, 1485269455652021, '类型', 'type', 5, 10, 0, 0, '1', 9, ' oninput=\"\" onchange=\"\" onfocus=\"\" onblur=\"\" style=\"\" class=\"\"', 1, '1:自定义表单;2:实体表格;3:实体代码', 1, 1, 1, 1, 40, 6, '1:自定义表单;2:实体表格;3:实体代码', 1, NULL, 1, '2017-04-17 22:25:18', 1, '2017-04-17 22:25:18');
INSERT INTO `oa_custom_form_field` VALUES (1492439118519998, 1485269455652021, '排序编号', 'sortNumber', 5, 10, 0, 0, '100', 8, ' oninput=\"\" onchange=\"\" onfocus=\"\" onblur=\"\" style=\"\" class=\"\"', 0, NULL, 1, 1, 1, 1, 45, 6, NULL, 1, NULL, 1, '2017-04-17 22:25:19', 1, '2017-04-17 22:25:19');
INSERT INTO `oa_custom_form_field` VALUES (1492439118556020, 1485269455652021, '状态', 'status', 5, 10, 0, 0, '0', 10, ' oninput=\"\" onchange=\"\" onfocus=\"\" onblur=\"\" style=\"\" class=\"\"', 1, '1:正常;0:审批中;-1:逻辑删除', 1, 1, 1, 1, 50, 6, '1:正常;0:审批中;-1:逻辑删除', 1, NULL, 1, '2017-04-17 22:25:19', 1, '2017-04-17 22:25:19');
INSERT INTO `oa_custom_form_field` VALUES (1492439118597339, 1485269455652021, '其他设置JSON字符串', 'otherJson', 2, 65535, 0, 0, NULL, 18, ' oninput=\"\" onchange=\"\" onfocus=\"\" onblur=\"\" style=\"\" class=\"\"', 0, NULL, 1, 0, 0, 1, 55, 6, NULL, 1, NULL, 1, '2017-04-17 22:25:19', 1, '2017-04-17 22:25:19');
INSERT INTO `oa_custom_form_field` VALUES (1492439118635237, 1485269455652021, '创建用户ID', 'createUserId', 6, 19, 0, 0, NULL, 19, ' oninput=\"\" onchange=\"\" onfocus=\"\" onblur=\"\" style=\"\" class=\"\"', 0, NULL, 1, 1, 1, 1, 60, 6, NULL, 1, NULL, 1, '2017-04-17 22:25:19', 1, '2017-04-17 22:25:19');
INSERT INTO `oa_custom_form_field` VALUES (1492439118675556, 1485269455652021, '创建时间', 'createTime', 4, 19, 0, 0, NULL, 19, ' oninput=\"\" onchange=\"\" onfocus=\"\" onblur=\"\" style=\"\" class=\"\"', 0, NULL, 1, 1, 1, 1, 65, 6, NULL, 1, NULL, 1, '2017-04-17 22:25:19', 1, '2017-04-17 22:25:19');
INSERT INTO `oa_custom_form_field` VALUES (1492439118712721, 1485269455652021, '更新用户ID', 'updateUserId', 6, 19, 0, 0, NULL, 19, ' oninput=\"\" onchange=\"\" onfocus=\"\" onblur=\"\" style=\"\" class=\"\"', 0, NULL, 1, 1, 1, 1, 70, 6, NULL, 1, NULL, 1, '2017-04-17 22:25:19', 1, '2017-04-17 22:25:19');
INSERT INTO `oa_custom_form_field` VALUES (1492439118753362, 1485269455652021, '更新时间', 'updateTime', 4, 19, 0, 0, NULL, 19, ' oninput=\"\" onchange=\"\" onfocus=\"\" onblur=\"\" style=\"\" class=\"\"', 0, NULL, 1, 1, 1, 1, 75, 6, NULL, 1, NULL, 1, '2017-04-17 22:25:19', 1, '2017-04-17 22:25:19');
INSERT INTO `oa_custom_form_field` VALUES (1492439118791938, 1485269456318667, 'ID', 'id', 6, 19, 1, 1, NULL, 18, ' oninput=\"\" onchange=\"\" onfocus=\"\" onblur=\"\" style=\"\" class=\"\"', 0, NULL, 1, 0, 0, 1, 5, 6, NULL, 1, NULL, 1, '2017-04-17 22:25:19', 1, '2017-04-17 22:25:19');
INSERT INTO `oa_custom_form_field` VALUES (1492439118830557, 1485269456318667, '表单', 'formId', 6, 19, 1, 0, NULL, 11, ' oninput=\"\" onchange=\"\" onfocus=\"\" onblur=\"\" style=\"\" class=\"\"', 2, NULL, 1, 1, 1, 1, 10, 6, NULL, 1, NULL, 1, '2017-04-17 22:25:19', 1, '2017-04-17 22:25:19');
INSERT INTO `oa_custom_form_field` VALUES (1492439118867376, 1485269456318667, '字段名称', 'name', 1, 255, 0, 0, NULL, 1, ' oninput=\"\" onchange=\"\" onfocus=\"\" onblur=\"\" style=\"\" class=\"\"', 0, NULL, 1, 1, 1, 1, 15, 6, NULL, 1, NULL, 1, '2017-04-17 22:25:19', 1, '2017-04-17 22:25:19');
INSERT INTO `oa_custom_form_field` VALUES (1492439118919891, 1485269456318667, '物理字段名称', 'physicalName', 1, 255, 0, 0, NULL, 1, ' oninput=\"\" onchange=\"\" onfocus=\"\" onblur=\"\" style=\"\" class=\"\"', 0, NULL, 1, 1, 1, 1, 20, 6, NULL, 1, NULL, 1, '2017-04-17 22:25:19', 1, '2017-04-17 22:25:19');
INSERT INTO `oa_custom_form_field` VALUES (1492439118956911, 1485269456318667, '字段类型', 'fieldType', 5, 10, 0, 0, '1', 11, ' oninput=\"\" onchange=\"\" onfocus=\"\" onblur=\"\" style=\"\" class=\"\"', 1, '1:文本;2:大文本;3:日期;4:日期时间;5:整型;6:大整型;7:数值;8:自增整型;', 1, 1, 1, 1, 25, 6, '1:文本;2:大文本;3:日期;4:日期时间;5:整型;6:大整型;7:数值;8:自增整型;', 1, NULL, 1, '2017-04-17 22:25:19', 1, '2017-04-17 22:25:19');
INSERT INTO `oa_custom_form_field` VALUES (1492439118997696, 1485269456318667, '字符串长度', 'textLength', 5, 10, 0, 0, '200', 8, ' oninput=\"\" onchange=\"\" onfocus=\"\" onblur=\"\" style=\"\" class=\"\"', 0, NULL, 1, 1, 1, 1, 30, 6, NULL, 1, NULL, 1, '2017-04-17 22:25:19', 1, '2017-04-17 22:25:19');
INSERT INTO `oa_custom_form_field` VALUES (1492439119034717, 1485269456318667, '是否必填', 'isRequired', 5, 10, 0, 0, '0', 9, ' oninput=\"\" onchange=\"\" onfocus=\"\" onblur=\"\" style=\"\" class=\"\"', 1, '0:选填;1:必填;', 1, 1, 1, 1, 35, 6, '0:选填;1:必填;', 1, NULL, 1, '2017-04-17 22:25:19', 1, '2017-04-17 22:25:19');
INSERT INTO `oa_custom_form_field` VALUES (1492439119074037, 1485269456318667, '是否主键', 'isPrimaryKey', 5, 10, 0, 0, '0', 9, ' oninput=\"\" onchange=\"\" onfocus=\"\" onblur=\"\" style=\"\" class=\"\"', 1, '1:是;0:否', 1, 1, 1, 1, 40, 6, '1:是;0:否', 1, NULL, 1, '2017-04-17 22:25:19', 1, '2017-04-17 22:25:19');
INSERT INTO `oa_custom_form_field` VALUES (1492439119111337, 1485269456318667, '默认值', 'defaultValue', 1, 255, 0, 0, NULL, 1, ' oninput=\"\" onchange=\"\" onfocus=\"\" onblur=\"\" style=\"\" class=\"\"', 0, NULL, 1, 1, 1, 1, 45, 6, NULL, 1, NULL, 1, '2017-04-17 22:25:19', 1, '2017-04-17 22:25:19');
INSERT INTO `oa_custom_form_field` VALUES (1492439119174347, 1485269456318667, '输入框类型', 'inputType', 5, 10, 0, 0, '1', 11, ' oninput=\"\" onchange=\"\" onfocus=\"\" onblur=\"\" style=\"\" class=\"\"', 1, '1:文本框;2:大文本框;3:日期;4:日期时间;5:Email;6:密码;7:数值;8:整型;9:单选框;10:复选框;11:单选下拉列表;12:多选下拉列表;13:HTML编辑器;14:附件上传;15:图片上传;16:部门选择;17:用户选择;18:隐藏域;19:只读文本;', 1, 1, 1, 1, 50, 6, '1:文本框;2:大文本框;3:日期;4:日期时间;5:Email;6:密码;7:数值;8:整型;9:单选框;10:复选框;11:单选下拉列表;12:多选下拉列表;13:HTML编辑器;14:附件上传;15:图片上传;16:部门选择;17:用户选择;18:隐藏域;19:只读文本;', 1, NULL, 1, '2017-04-17 22:25:19', 1, '2017-04-17 22:25:19');
INSERT INTO `oa_custom_form_field` VALUES (1492439119211635, 1485269456318667, '附加的js和css样式', 'jsAndCss', 1, 3000, 0, 0, NULL, 1, ' oninput=\"\" onchange=\"\" onfocus=\"\" onblur=\"\" style=\"\" class=\"\"', 0, NULL, 1, 1, 1, 1, 55, 6, '附加的JavaScript事件和Css样式', 1, NULL, 1, '2017-04-17 22:25:19', 1, '2017-04-17 22:25:19');
INSERT INTO `oa_custom_form_field` VALUES (1492439119241513, 1485269456318667, '可选项类型', 'optionType', 5, 10, 0, 0, '0', 11, ' oninput=\"\" onchange=\"\" onfocus=\"\" onblur=\"\" style=\"\" class=\"\"', 1, '0:不适用;1:固定值列表;2:查询SQL语句;3:JSON数据源;4:XML数据源;5:系统字典;', 1, 1, 1, 1, 60, 6, '0:不适用;1:固定值列表;2:查询SQL语句;3:JSON数据源;4:XML数据源;5:系统字典;', 1, NULL, 1, '2017-04-17 22:25:19', 1, '2017-04-17 22:25:19');
INSERT INTO `oa_custom_form_field` VALUES (1492439119278533, 1485269456318667, '可选项值', 'optionValue', 1, 3000, 0, 0, NULL, 1, ' oninput=\"\" onchange=\"\" onfocus=\"\" onblur=\"\" style=\"\" class=\"\"', 0, NULL, 1, 1, 1, 1, 65, 6, '固定至列表使用“1:文本框；2:大文本框；3:日期”格式说明描述；查询SQL语句直接写SQL语句；JSON数据源和XML数据源填写数据源URL；系统字典表填写字典表关键字', 1, NULL, 1, '2017-04-17 22:25:19', 1, '2017-04-17 22:25:19');
INSERT INTO `oa_custom_form_field` VALUES (1492439119318996, 1485269456318667, '列表页面是否显示', 'displayList', 5, 10, 0, 0, '1', 9, ' oninput=\"\" onchange=\"\" onfocus=\"\" onblur=\"\" style=\"\" class=\"\"', 1, '1:显示;0:隐藏;', 1, 1, 1, 1, 70, 6, '1:显示;0:隐藏;', 1, NULL, 1, '2017-04-17 22:25:19', 1, '2017-04-17 22:25:19');
INSERT INTO `oa_custom_form_field` VALUES (1492439119377929, 1485269456318667, '新增页面是否显示', 'displayAdd', 5, 10, 0, 0, '1', 9, ' oninput=\"\" onchange=\"\" onfocus=\"\" onblur=\"\" style=\"\" class=\"\"', 1, '1:显示;0:隐藏;', 1, 1, 1, 1, 75, 6, '1:显示;0:隐藏;', 1, NULL, 1, '2017-04-17 22:25:19', 1, '2017-04-17 22:25:19');
INSERT INTO `oa_custom_form_field` VALUES (1492439119418826, 1485269456318667, '修改页面是否显示', 'displayEdit', 5, 10, 0, 0, '1', 9, ' oninput=\"\" onchange=\"\" onfocus=\"\" onblur=\"\" style=\"\" class=\"\"', 1, '1:显示;0:隐藏;', 1, 1, 1, 1, 80, 6, '1:显示;0:隐藏;', 1, NULL, 1, '2017-04-17 22:25:19', 1, '2017-04-17 22:25:19');
INSERT INTO `oa_custom_form_field` VALUES (1492439119455115, 1485269456318667, '显示页面是否显示', 'displayView', 5, 10, 0, 0, '1', 9, ' oninput=\"\" onchange=\"\" onfocus=\"\" onblur=\"\" style=\"\" class=\"\"', 1, '1:显示;0:隐藏;', 1, 1, 1, 1, 85, 6, '1:显示;0:隐藏;', 1, NULL, 1, '2017-04-17 22:25:19', 1, '2017-04-17 22:25:19');
INSERT INTO `oa_custom_form_field` VALUES (1492439119484671, 1485269456318667, '排序编号', 'sortNumber', 5, 10, 0, 0, '100', 8, ' oninput=\"\" onchange=\"\" onfocus=\"\" onblur=\"\" style=\"\" class=\"\"', 0, NULL, 1, 1, 1, 1, 90, 6, NULL, 1, NULL, 1, '2017-04-17 22:25:19', 1, '2017-04-17 22:25:19');
INSERT INTO `oa_custom_form_field` VALUES (1492439119521580, 1485269456318667, '输入框宽度', 'inputColSpan', 5, 10, 0, 0, '6', 11, ' oninput=\"\" onchange=\"\" onfocus=\"\" onblur=\"\" style=\"\" class=\"\"', 1, '12:100%页宽;6:50%页宽;9:75%页宽;3:25%页宽;8:2/3页宽;4:1/3页宽;11:11/12页宽;10:5/6页宽;7:7/12页宽;5:5/12页宽;2:1/6页宽;1:1/12页宽;', 1, 1, 1, 1, 95, 6, '12:100%页宽;6:50%页宽;9:75%页宽;3:25%页宽;8:2/3页宽;4:1/3页宽;11:11/12页宽;10:5/6页宽;7:7/12页宽;5:5/12页宽;2:1/6页宽;1:1/12页宽;', 1, NULL, 1, '2017-04-17 22:25:20', 1, '2017-04-17 22:25:20');
INSERT INTO `oa_custom_form_field` VALUES (1492439119551837, 1485269456318667, '备注说明', 'remark', 2, 65535, 0, 0, NULL, 2, ' oninput=\"\" onchange=\"\" onfocus=\"\" onblur=\"\" style=\"\" class=\"\"', 0, NULL, 0, 1, 1, 1, 100, 6, NULL, 1, NULL, 1, '2017-04-17 22:25:20', 1, '2017-04-17 22:25:20');
INSERT INTO `oa_custom_form_field` VALUES (1492439119588857, 1485269456318667, '状态', 'status', 5, 10, 0, 0, '0', 10, ' oninput=\"\" onchange=\"\" onfocus=\"\" onblur=\"\" style=\"\" class=\"\"', 1, '1:正常;0:审批中;-1:逻辑删除', 1, 1, 1, 1, 105, 6, '1:正常;0:审批中;-1:逻辑删除', 1, NULL, 1, '2017-04-17 22:25:20', 1, '2017-04-17 22:25:20');
INSERT INTO `oa_custom_form_field` VALUES (1492439119628189, 1485269456318667, '其他设置JSON字符串', 'otherJson', 2, 65535, 0, 0, NULL, 18, ' oninput=\"\" onchange=\"\" onfocus=\"\" onblur=\"\" style=\"\" class=\"\"', 0, NULL, 1, 0, 0, 1, 110, 6, NULL, 1, NULL, 1, '2017-04-17 22:25:20', 1, '2017-04-17 22:25:20');
INSERT INTO `oa_custom_form_field` VALUES (1492439119665941, 1485269456318667, '创建用户ID', 'createUserId', 6, 19, 0, 0, NULL, 19, ' oninput=\"\" onchange=\"\" onfocus=\"\" onblur=\"\" style=\"\" class=\"\"', 0, NULL, 1, 1, 1, 1, 115, 6, NULL, 1, NULL, 1, '2017-04-17 22:25:20', 1, '2017-04-17 22:25:20');
INSERT INTO `oa_custom_form_field` VALUES (1492439119706838, 1485269456318667, '创建时间', 'createTime', 4, 19, 0, 0, NULL, 19, ' oninput=\"\" onchange=\"\" onfocus=\"\" onblur=\"\" style=\"\" class=\"\"', 0, NULL, 1, 1, 1, 1, 120, 6, NULL, 1, NULL, 1, '2017-04-17 22:25:20', 1, '2017-04-17 22:25:20');
INSERT INTO `oa_custom_form_field` VALUES (1492439119743127, 1485269456318667, '更新用户ID', 'updateUserId', 6, 19, 0, 0, NULL, 19, ' oninput=\"\" onchange=\"\" onfocus=\"\" onblur=\"\" style=\"\" class=\"\"', 0, NULL, 1, 1, 1, 1, 125, 6, NULL, 1, NULL, 1, '2017-04-17 22:25:20', 1, '2017-04-17 22:25:20');
INSERT INTO `oa_custom_form_field` VALUES (1492439119784890, 1485269456318667, '更新时间', 'updateTime', 4, 19, 0, 0, NULL, 19, ' oninput=\"\" onchange=\"\" onfocus=\"\" onblur=\"\" style=\"\" class=\"\"', 0, NULL, 1, 1, 1, 1, 130, 6, NULL, 1, NULL, 1, '2017-04-17 22:25:20', 1, '2017-04-17 22:25:20');
INSERT INTO `oa_custom_form_field` VALUES (1492774588656850, 1492774588577969, '栏目ID', 'classifyId', 6, 19, 1, 1, NULL, 18, ' oninput=\"\" onchange=\"\" onfocus=\"\" onblur=\"\" style=\"\" class=\"\"', 0, NULL, 1, 0, 0, 1, 5, 6, NULL, 1, NULL, 1, '2017-04-21 19:36:29', 1, '2017-04-21 19:36:29');
INSERT INTO `oa_custom_form_field` VALUES (1492774588731592, 1492774588577969, '栏目名称', 'classifyName', 1, 255, 0, 0, NULL, 1, ' oninput=\"\" onchange=\"\" onfocus=\"\" onblur=\"\" style=\"\" class=\"\"', 0, NULL, 1, 1, 1, 1, 10, 6, NULL, 1, NULL, 1, '2017-04-21 19:36:29', 1, '2017-04-21 19:36:29');
INSERT INTO `oa_custom_form_field` VALUES (1492774588786563, 1492774588577969, '网站', 'webSiteId', 6, 19, 0, 0, NULL, 11, ' oninput=\"\" onchange=\"\" onfocus=\"\" onblur=\"\" style=\"\" class=\"\"', 2, NULL, 1, 1, 1, 1, 15, 6, NULL, 1, NULL, 1, '2017-04-21 19:36:29', 1, '2017-04-21 19:36:29');
INSERT INTO `oa_custom_form_field` VALUES (1492774588855439, 1492774588577969, '父级栏目', 'parentId', 6, 19, 0, 0, NULL, 11, ' oninput=\"\" onchange=\"\" onfocus=\"\" onblur=\"\" style=\"\" class=\"\"', 2, NULL, 1, 1, 1, 1, 20, 6, NULL, 1, NULL, 1, '2017-04-21 19:36:29', 1, '2017-04-21 19:36:29');
INSERT INTO `oa_custom_form_field` VALUES (1492774588909708, 1492774588577969, '栏目编号', 'classifyNumber', 1, 255, 0, 0, NULL, 1, ' oninput=\"\" onchange=\"\" onfocus=\"\" onblur=\"\" style=\"\" class=\"\"', 0, NULL, 1, 1, 1, 1, 25, 6, NULL, 1, NULL, 1, '2017-04-21 19:36:29', 1, '2017-04-21 19:36:29');
INSERT INTO `oa_custom_form_field` VALUES (1492774588975553, 1492774588577969, '排序编号', 'sortNumber', 5, 10, 0, 0, '100', 8, ' oninput=\"\" onchange=\"\" onfocus=\"\" onblur=\"\" style=\"\" class=\"\"', 0, NULL, 1, 1, 1, 1, 30, 6, '越小越靠前显示，默认值100', 1, NULL, 1, '2017-04-21 19:36:29', 1, '2017-04-21 19:36:29');
INSERT INTO `oa_custom_form_field` VALUES (1492774589032976, 1492774588577969, 'SEO关键词', 'keyWords', 1, 255, 0, 0, NULL, 1, ' oninput=\"\" onchange=\"\" onfocus=\"\" onblur=\"\" style=\"\" class=\"\"', 0, NULL, 1, 1, 1, 1, 35, 6, '每个关键词之间使用半角逗号分割。', 1, NULL, 1, '2017-04-21 19:36:29', 1, '2017-04-21 19:36:29');
INSERT INTO `oa_custom_form_field` VALUES (1492774589098821, 1492774588577969, '栏目内容描述', 'description', 1, 1000, 0, 0, NULL, 13, ' oninput=\"\" onchange=\"\" onfocus=\"\" onblur=\"\" style=\"\" class=\"\"', 0, NULL, 0, 1, 1, 1, 40, 12, NULL, 1, NULL, 1, '2017-04-21 19:36:29', 1, '2017-04-21 19:36:29');
INSERT INTO `oa_custom_form_field` VALUES (1492774589153898, 1492774588577969, '栏目图标1URL', 'ico1Url', 1, 255, 0, 0, NULL, 1, ' oninput=\"\" onchange=\"\" onfocus=\"\" onblur=\"\" style=\"\" class=\"\"', 0, NULL, 1, 1, 1, 1, 45, 6, NULL, 1, NULL, 1, '2017-04-21 19:36:29', 1, '2017-04-21 19:36:29');
INSERT INTO `oa_custom_form_field` VALUES (1492774589221341, 1492774588577969, '栏目图标2URL', 'ico2Url', 1, 255, 0, 0, NULL, 1, ' oninput=\"\" onchange=\"\" onfocus=\"\" onblur=\"\" style=\"\" class=\"\"', 0, NULL, 1, 1, 1, 1, 50, 6, NULL, 1, NULL, 1, '2017-04-21 19:36:29', 1, '2017-04-21 19:36:29');
INSERT INTO `oa_custom_form_field` VALUES (1492774589277744, 1492774588577969, '栏目图标3URL', 'ico3Url', 1, 255, 0, 0, NULL, 1, ' oninput=\"\" onchange=\"\" onfocus=\"\" onblur=\"\" style=\"\" class=\"\"', 0, NULL, 1, 1, 1, 1, 55, 6, NULL, 1, NULL, 1, '2017-04-21 19:36:29', 1, '2017-04-21 19:36:29');
INSERT INTO `oa_custom_form_field` VALUES (1492774589341456, 1492774588577969, '栏目HTML内容', 'classifyHtml', 2, 65535, 0, 0, NULL, 13, ' oninput=\"\" onchange=\"\" onfocus=\"\" onblur=\"\" style=\"\" class=\"\"', 0, NULL, 0, 1, 1, 1, 60, 12, NULL, 1, NULL, 1, '2017-04-21 19:36:29', 1, '2017-04-21 19:36:29');
INSERT INTO `oa_custom_form_field` VALUES (1492774589398548, 1492774588577969, '用户级别要求', 'userLevel', 5, 10, 0, 0, '0', 8, ' oninput=\"\" onchange=\"\" onfocus=\"\" onblur=\"\" style=\"\" class=\"\"', 0, NULL, 1, 1, 1, 1, 65, 6, NULL, 1, NULL, 1, '2017-04-21 19:36:29', 1, '2017-04-21 19:36:29');
INSERT INTO `oa_custom_form_field` VALUES (1492774589464014, 1492774588577969, '浏览次数', 'browseCount', 6, 19, 0, 0, '0', 8, ' oninput=\"\" onchange=\"\" onfocus=\"\" onblur=\"\" style=\"\" class=\"\"', 0, NULL, 1, 1, 1, 1, 70, 6, NULL, 1, NULL, 1, '2017-04-21 19:36:29', 1, '2017-04-21 19:36:29');
INSERT INTO `oa_custom_form_field` VALUES (1492774589519096, 1492774588577969, '状态', 'status', 5, 10, 0, 0, NULL, 10, ' oninput=\"\" onchange=\"\" onfocus=\"\" onblur=\"\" style=\"\" class=\"\"', 1, '-1:逻辑删除;0:已禁用/待审核;1:正常', 1, 1, 1, 1, 75, 6, '-1:逻辑删除;0:已禁用/待审核;1:正常', 1, NULL, 1, '2017-04-21 19:36:30', 1, '2017-04-21 19:36:30');
INSERT INTO `oa_custom_form_field` VALUES (1492774589585561, 1492774588577969, '备注说明', 'remark', 2, 65535, 0, 0, NULL, 2, ' oninput=\"\" onchange=\"\" onfocus=\"\" onblur=\"\" style=\"\" class=\"\"', 0, NULL, 0, 1, 1, 1, 80, 6, NULL, 1, NULL, 1, '2017-04-21 19:36:30', 1, '2017-04-21 19:36:30');
INSERT INTO `oa_custom_form_field` VALUES (1492774589820356, 1492774588577969, '其他设置JSON字符串', 'otherJson', 2, 65535, 0, 0, NULL, 18, ' oninput=\"\" onchange=\"\" onfocus=\"\" onblur=\"\" style=\"\" class=\"\"', 0, NULL, 1, 0, 0, 1, 85, 6, NULL, 1, NULL, 1, '2017-04-21 19:36:30', 1, '2017-04-21 19:36:30');
INSERT INTO `oa_custom_form_field` VALUES (1492774589887634, 1492774588577969, '创建时间', 'createTime', 4, 19, 0, 0, NULL, 19, ' oninput=\"\" onchange=\"\" onfocus=\"\" onblur=\"\" style=\"\" class=\"\"', 0, NULL, 1, 1, 1, 1, 90, 6, NULL, 1, NULL, 1, '2017-04-21 19:36:30', 1, '2017-04-21 19:36:30');
INSERT INTO `oa_custom_form_field` VALUES (1492774589951501, 1492774588577969, '创建用户ID', 'createUserId', 6, 19, 0, 0, NULL, 19, ' oninput=\"\" onchange=\"\" onfocus=\"\" onblur=\"\" style=\"\" class=\"\"', 0, NULL, 1, 1, 1, 1, 95, 6, NULL, 1, NULL, 1, '2017-04-21 19:36:30', 1, '2017-04-21 19:36:30');
INSERT INTO `oa_custom_form_field` VALUES (1492774590020110, 1492774588577969, '更新时间', 'updateTime', 4, 19, 0, 0, NULL, 19, ' oninput=\"\" onchange=\"\" onfocus=\"\" onblur=\"\" style=\"\" class=\"\"', 0, NULL, 1, 1, 1, 1, 100, 6, NULL, 1, NULL, 1, '2017-04-21 19:36:30', 1, '2017-04-21 19:36:30');
INSERT INTO `oa_custom_form_field` VALUES (1492774590151255, 1492774588577969, '更新用户ID', 'updateUserId', 6, 19, 0, 0, NULL, 19, ' oninput=\"\" onchange=\"\" onfocus=\"\" onblur=\"\" style=\"\" class=\"\"', 0, NULL, 1, 1, 1, 1, 105, 6, NULL, 1, NULL, 1, '2017-04-21 19:36:30', 1, '2017-04-21 19:36:30');
INSERT INTO `oa_custom_form_field` VALUES (1492774590431333, 1492774590296444, 'siteId', 'siteId', 6, 19, 1, 1, NULL, 18, ' oninput=\"\" onchange=\"\" onfocus=\"\" onblur=\"\" style=\"\" class=\"\"', 0, NULL, 1, 0, 0, 1, 5, 6, NULL, 1, NULL, 1, '2017-04-21 19:36:30', 1, '2017-04-21 19:36:30');
INSERT INTO `oa_custom_form_field` VALUES (1492774590562211, 1492774590296444, '网站名称', 'siteName', 1, 100, 1, 0, NULL, 1, ' oninput=\"\" onchange=\"\" onfocus=\"\" onblur=\"\" style=\"\" class=\"\"', 0, NULL, 1, 1, 1, 1, 10, 6, NULL, 1, NULL, 1, '2017-04-21 19:36:31', 1, '2017-04-21 19:36:31');
INSERT INTO `oa_custom_form_field` VALUES (1492774590605705, 1492774590296444, '简短名称', 'shortName', 1, 100, 0, 0, NULL, 1, ' oninput=\"\" onchange=\"\" onfocus=\"\" onblur=\"\" style=\"\" class=\"\"', 0, NULL, 1, 1, 1, 1, 15, 6, NULL, 1, NULL, 1, '2017-04-21 19:36:31', 1, '2017-04-21 19:36:31');
INSERT INTO `oa_custom_form_field` VALUES (1492774590652910, 1492774590296444, '域名', 'domain', 1, 50, 1, 0, NULL, 1, ' oninput=\"\" onchange=\"\" onfocus=\"\" onblur=\"\" style=\"\" class=\"\"', 0, NULL, 1, 1, 1, 1, 20, 6, NULL, 1, NULL, 1, '2017-04-21 19:36:31', 1, '2017-04-21 19:36:31');
INSERT INTO `oa_custom_form_field` VALUES (1492774590695328, 1492774590296444, '路径', 'sitePath', 1, 20, 1, 0, NULL, 1, ' oninput=\"\" onchange=\"\" onfocus=\"\" onblur=\"\" style=\"\" class=\"\"', 0, NULL, 1, 1, 1, 1, 25, 6, NULL, 1, NULL, 1, '2017-04-21 19:36:31', 1, '2017-04-21 19:36:31');
INSERT INTO `oa_custom_form_field` VALUES (1492774590739524, 1492774590296444, '域名别名', 'domainAlias', 1, 255, 0, 0, NULL, 1, ' oninput=\"\" onchange=\"\" onfocus=\"\" onblur=\"\" style=\"\" class=\"\"', 0, NULL, 1, 1, 1, 1, 30, 6, NULL, 1, NULL, 1, '2017-04-21 19:36:31', 1, '2017-04-21 19:36:31');
INSERT INTO `oa_custom_form_field` VALUES (1492774590783431, 1492774590296444, '域名重定向', 'domainRedirect', 1, 255, 0, 0, NULL, 1, ' oninput=\"\" onchange=\"\" onfocus=\"\" onblur=\"\" style=\"\" class=\"\"', 0, NULL, 1, 1, 1, 1, 35, 6, NULL, 1, NULL, 1, '2017-04-21 19:36:31', 1, '2017-04-21 19:36:31');
INSERT INTO `oa_custom_form_field` VALUES (1492774590829381, 1492774590296444, '站点描述', 'description', 1, 255, 0, 0, NULL, 1, ' oninput=\"\" onchange=\"\" onfocus=\"\" onblur=\"\" style=\"\" class=\"\"', 0, NULL, 1, 1, 1, 1, 40, 6, NULL, 1, NULL, 1, '2017-04-21 19:36:31', 1, '2017-04-21 19:36:31');
INSERT INTO `oa_custom_form_field` VALUES (1492774590874133, 1492774590296444, '站点关键字', 'keywords', 1, 255, 0, 0, NULL, 1, ' oninput=\"\" onchange=\"\" onfocus=\"\" onblur=\"\" style=\"\" class=\"\"', 0, NULL, 1, 1, 1, 1, 45, 6, NULL, 1, NULL, 1, '2017-04-21 19:36:31', 1, '2017-04-21 19:36:31');
INSERT INTO `oa_custom_form_field` VALUES (1492774590917339, 1492774590296444, '终审级别', 'finalStep', 5, 3, 0, 0, '2', 8, ' oninput=\"\" onchange=\"\" onfocus=\"\" onblur=\"\" style=\"\" class=\"\"', 0, NULL, 1, 1, 1, 1, 50, 6, NULL, 1, NULL, 1, '2017-04-21 19:36:31', 1, '2017-04-21 19:36:31');
INSERT INTO `oa_custom_form_field` VALUES (1492774590960435, 1492774590296444, '审核后', 'afterCheck', 5, 3, 0, 0, '2', 9, ' oninput=\"\" onchange=\"\" onfocus=\"\" onblur=\"\" style=\"\" class=\"\"', 1, '1:不能修改删除;2:修改后退回;3:修改后不变', 1, 1, 1, 1, 55, 6, '1:不能修改删除;2:修改后退回;3:修改后不变', 1, NULL, 1, '2017-04-21 19:36:31', 1, '2017-04-21 19:36:31');
INSERT INTO `oa_custom_form_field` VALUES (1492774591005795, 1492774590296444, '首页模板', 'tplIndex', 1, 255, 0, 0, NULL, 1, ' oninput=\"\" onchange=\"\" onfocus=\"\" onblur=\"\" style=\"\" class=\"\"', 0, NULL, 1, 1, 1, 1, 60, 6, NULL, 1, NULL, 1, '2017-04-21 19:36:31', 1, '2017-04-21 19:36:31');
INSERT INTO `oa_custom_form_field` VALUES (1492774591040218, 1492774590296444, '图片不存在时默认图片', 'defImg', 1, 255, 0, 0, '/r/default/images/no_picture.gif', 1, ' oninput=\"\" onchange=\"\" onfocus=\"\" onblur=\"\" style=\"\" class=\"\"', 0, NULL, 1, 1, 1, 1, 65, 6, NULL, 1, NULL, 1, '2017-04-21 19:36:31', 1, '2017-04-21 19:36:31');
INSERT INTO `oa_custom_form_field` VALUES (1492774591084281, 1492774590296444, '用户登录地址', 'loginUrl', 1, 255, 0, 0, '/login', 1, ' oninput=\"\" onchange=\"\" onfocus=\"\" onblur=\"\" style=\"\" class=\"\"', 0, NULL, 1, 1, 1, 1, 70, 6, NULL, 1, NULL, 1, '2017-04-21 19:36:31', 1, '2017-04-21 19:36:31');
INSERT INTO `oa_custom_form_field` VALUES (1492774591115703, 1492774590296444, '后台管理地址', 'adminUrl', 1, 255, 0, 0, NULL, 1, ' oninput=\"\" onchange=\"\" onfocus=\"\" onblur=\"\" style=\"\" class=\"\"', 0, NULL, 1, 1, 1, 1, 75, 6, NULL, 1, NULL, 1, '2017-04-21 19:36:31', 1, '2017-04-21 19:36:31');
INSERT INTO `oa_custom_form_field` VALUES (1492774591160332, 1492774590296444, '开启图片水印', 'markOn', 5, 3, 0, 0, '1', 1, ' oninput=\"\" onchange=\"\" onfocus=\"\" onblur=\"\" style=\"\" class=\"\"', 0, NULL, 1, 1, 1, 1, 80, 6, NULL, 1, NULL, 1, '2017-04-21 19:36:31', 1, '2017-04-21 19:36:31');
INSERT INTO `oa_custom_form_field` VALUES (1492774591195486, 1492774590296444, '图片最小宽度', 'markWidth', 5, 10, 0, 0, '120', 8, ' oninput=\"\" onchange=\"\" onfocus=\"\" onblur=\"\" style=\"\" class=\"\"', 0, NULL, 1, 1, 1, 1, 85, 6, NULL, 1, NULL, 1, '2017-04-21 19:36:31', 1, '2017-04-21 19:36:31');
INSERT INTO `oa_custom_form_field` VALUES (1492774591240982, 1492774590296444, '图片最小高度', 'markHeight', 5, 10, 0, 0, '120', 8, ' oninput=\"\" onchange=\"\" onfocus=\"\" onblur=\"\" style=\"\" class=\"\"', 0, NULL, 1, 1, 1, 1, 90, 6, NULL, 1, NULL, 1, '2017-04-21 19:36:31', 1, '2017-04-21 19:36:31');
INSERT INTO `oa_custom_form_field` VALUES (1492774591273003, 1492774590296444, '图片水印', 'markImage', 1, 100, 0, 0, '/r/default/images/watermark.png', 1, ' oninput=\"\" onchange=\"\" onfocus=\"\" onblur=\"\" style=\"\" class=\"\"', 0, NULL, 1, 1, 1, 1, 95, 6, NULL, 1, NULL, 1, '2017-04-21 19:36:31', 1, '2017-04-21 19:36:31');
INSERT INTO `oa_custom_form_field` VALUES (1492774591315601, 1492774590296444, '文字水印内容', 'markContent', 1, 100, 0, 0, 'www.lvxs.cn', 13, ' oninput=\"\" onchange=\"\" onfocus=\"\" onblur=\"\" style=\"\" class=\"\"', 0, NULL, 0, 1, 1, 1, 100, 12, NULL, 1, NULL, 1, '2017-04-21 19:36:31', 1, '2017-04-21 19:36:31');
INSERT INTO `oa_custom_form_field` VALUES (1492774591359808, 1492774590296444, '文字水印大小', 'markSize', 5, 10, 0, 0, '20', 8, ' oninput=\"\" onchange=\"\" onfocus=\"\" onblur=\"\" style=\"\" class=\"\"', 0, NULL, 1, 1, 1, 1, 105, 6, NULL, 1, NULL, 1, '2017-04-21 19:36:31', 1, '2017-04-21 19:36:31');
INSERT INTO `oa_custom_form_field` VALUES (1492774591406746, 1492774590296444, '文字水印颜色', 'markColor', 1, 10, 0, 0, '#FF0000', 1, ' oninput=\"\" onchange=\"\" onfocus=\"\" onblur=\"\" style=\"\" class=\"\"', 0, NULL, 1, 1, 1, 1, 110, 6, NULL, 1, NULL, 1, '2017-04-21 19:36:31', 1, '2017-04-21 19:36:31');
INSERT INTO `oa_custom_form_field` VALUES (1492774591439303, 1492774590296444, '水印透明度（0-100）', 'markAlpha', 5, 10, 0, 0, '50', 8, ' oninput=\"\" onchange=\"\" onfocus=\"\" onblur=\"\" style=\"\" class=\"\"', 0, NULL, 1, 1, 1, 1, 115, 6, NULL, 1, NULL, 1, '2017-04-21 19:36:31', 1, '2017-04-21 19:36:31');
INSERT INTO `oa_custom_form_field` VALUES (1492774591484462, 1492774590296444, '水印位置(0-5)', 'markPosition', 5, 10, 0, 0, '1', 8, ' oninput=\"\" onchange=\"\" onfocus=\"\" onblur=\"\" style=\"\" class=\"\"', 0, NULL, 1, 1, 1, 1, 120, 6, NULL, 1, NULL, 1, '2017-04-21 19:36:31', 1, '2017-04-21 19:36:31');
INSERT INTO `oa_custom_form_field` VALUES (1492774591517482, 1492774590296444, 'x坐标偏移量', 'markOffsetX', 5, 10, 0, 0, '0', 8, ' oninput=\"\" onchange=\"\" onfocus=\"\" onblur=\"\" style=\"\" class=\"\"', 0, NULL, 1, 1, 1, 1, 125, 6, NULL, 1, NULL, 1, '2017-04-21 19:36:32', 1, '2017-04-21 19:36:32');
INSERT INTO `oa_custom_form_field` VALUES (1492774591560225, 1492774590296444, 'y坐标偏移量', 'markOffsetY', 5, 10, 0, 0, '0', 8, ' oninput=\"\" onchange=\"\" onfocus=\"\" onblur=\"\" style=\"\" class=\"\"', 0, NULL, 1, 1, 1, 1, 130, 6, NULL, 1, NULL, 1, '2017-04-21 19:36:32', 1, '2017-04-21 19:36:32');
INSERT INTO `oa_custom_form_field` VALUES (1492774591592236, 1492774590296444, '下载防盗链md5混淆码', 'downloadCode', 1, 32, 0, 0, 'LvxsCMS', 1, ' oninput=\"\" onchange=\"\" onfocus=\"\" onblur=\"\" style=\"\" class=\"\"', 0, NULL, 1, 1, 1, 1, 135, 6, NULL, 1, NULL, 1, '2017-04-21 19:36:32', 1, '2017-04-21 19:36:32');
INSERT INTO `oa_custom_form_field` VALUES (1492774591639731, 1492774590296444, '下载有效时间（小时）', 'downloadTime', 5, 10, 0, 0, '12', 8, ' oninput=\"\" onchange=\"\" onfocus=\"\" onblur=\"\" style=\"\" class=\"\"', 0, NULL, 1, 1, 1, 1, 140, 6, NULL, 1, NULL, 1, '2017-04-21 19:36:32', 1, '2017-04-21 19:36:32');
INSERT INTO `oa_custom_form_field` VALUES (1492774591673184, 1492774590296444, '邮件发送服务器', 'emailHost', 1, 50, 0, 0, NULL, 1, ' oninput=\"\" onchange=\"\" onfocus=\"\" onblur=\"\" style=\"\" class=\"\"', 0, NULL, 1, 1, 1, 1, 145, 6, NULL, 1, NULL, 1, '2017-04-21 19:36:32', 1, '2017-04-21 19:36:32');
INSERT INTO `oa_custom_form_field` VALUES (1492774591715649, 1492774590296444, '邮件发送编码', 'emailEncoding', 1, 20, 0, 0, NULL, 1, ' oninput=\"\" onchange=\"\" onfocus=\"\" onblur=\"\" style=\"\" class=\"\"', 0, NULL, 1, 1, 1, 1, 150, 6, NULL, 1, NULL, 1, '2017-04-21 19:36:32', 1, '2017-04-21 19:36:32');
INSERT INTO `oa_custom_form_field` VALUES (1492774591748937, 1492774590296444, '邮箱用户名', 'emailUsername', 1, 100, 0, 0, NULL, 5, ' oninput=\"\" onchange=\"\" onfocus=\"\" onblur=\"\" style=\"\" class=\"\"', 0, NULL, 1, 1, 1, 1, 155, 6, NULL, 1, NULL, 1, '2017-04-21 19:36:32', 1, '2017-04-21 19:36:32');
INSERT INTO `oa_custom_form_field` VALUES (1492774591795433, 1492774590296444, '邮箱密码', 'emailPassword', 1, 100, 0, 0, NULL, 6, ' oninput=\"\" onchange=\"\" onfocus=\"\" onblur=\"\" style=\"\" class=\"\"', 0, NULL, 1, 1, 1, 1, 160, 6, NULL, 1, NULL, 1, '2017-04-21 19:36:32', 1, '2017-04-21 19:36:32');
INSERT INTO `oa_custom_form_field` VALUES (1492774591838782, 1492774590296444, '邮箱发件人', 'emailPersonal', 1, 100, 0, 0, NULL, 5, ' oninput=\"\" onchange=\"\" onfocus=\"\" onblur=\"\" style=\"\" class=\"\"', 0, NULL, 1, 1, 1, 1, 165, 6, NULL, 1, NULL, 1, '2017-04-21 19:36:32', 1, '2017-04-21 19:36:32');
INSERT INTO `oa_custom_form_field` VALUES (1492774591884979, 1492774590296444, '开启邮箱验证', 'emailValidate', 5, 3, 0, 0, '0', 1, ' oninput=\"\" onchange=\"\" onfocus=\"\" onblur=\"\" style=\"\" class=\"\"', 0, NULL, 1, 1, 1, 1, 170, 6, NULL, 1, NULL, 1, '2017-04-21 19:36:32', 1, '2017-04-21 19:36:32');
INSERT INTO `oa_custom_form_field` VALUES (1492774591915402, 1492774590296444, '只有终审才能浏览内容页', 'viewOnlyChecked', 5, 3, 0, 0, '0', 13, ' oninput=\"\" onchange=\"\" onfocus=\"\" onblur=\"\" style=\"\" class=\"\"', 0, NULL, 0, 1, 1, 1, 175, 12, NULL, 1, NULL, 1, '2017-04-21 19:36:32', 1, '2017-04-21 19:36:32');
INSERT INTO `oa_custom_form_field` VALUES (1492774591959598, 1492774590296444, '联系人', 'contactPerson', 1, 255, 0, 0, NULL, 1, ' oninput=\"\" onchange=\"\" onfocus=\"\" onblur=\"\" style=\"\" class=\"\"', 0, NULL, 1, 1, 1, 1, 180, 6, NULL, 1, NULL, 1, '2017-04-21 19:36:32', 1, '2017-04-21 19:36:32');
INSERT INTO `oa_custom_form_field` VALUES (1492774591992418, 1492774590296444, '联系手机', 'contactMobile', 1, 25, 0, 0, NULL, 1, ' oninput=\"\" onchange=\"\" onfocus=\"\" onblur=\"\" style=\"\" class=\"\"', 0, NULL, 1, 1, 1, 1, 185, 6, NULL, 1, NULL, 1, '2017-04-21 19:36:32', 1, '2017-04-21 19:36:32');
INSERT INTO `oa_custom_form_field` VALUES (1492774592038922, 1492774590296444, '联系QQ', 'contactQQ', 1, 255, 0, 0, NULL, 1, ' oninput=\"\" onchange=\"\" onfocus=\"\" onblur=\"\" style=\"\" class=\"\"', 0, NULL, 1, 1, 1, 1, 190, 6, NULL, 1, NULL, 1, '2017-04-21 19:36:32', 1, '2017-04-21 19:36:32');
INSERT INTO `oa_custom_form_field` VALUES (1492774592072911, 1492774590296444, '联系E-mail', 'contactEmail', 1, 255, 0, 0, NULL, 1, ' oninput=\"\" onchange=\"\" onfocus=\"\" onblur=\"\" style=\"\" class=\"\"', 0, NULL, 1, 1, 1, 1, 195, 6, NULL, 1, NULL, 1, '2017-04-21 19:36:32', 1, '2017-04-21 19:36:32');
INSERT INTO `oa_custom_form_field` VALUES (1492774592116264, 1492774590296444, '服务到期时间', 'serviceEndDate', 3, 10, 0, 0, NULL, 3, ' oninput=\"\" onchange=\"\" onfocus=\"\" onblur=\"\" style=\"\" class=\"\"', 0, NULL, 1, 1, 1, 1, 200, 6, NULL, 1, NULL, 1, '2017-04-21 19:36:32', 1, '2017-04-21 19:36:32');
INSERT INTO `oa_custom_form_field` VALUES (1492774592148120, 1492774590296444, '创建时间', 'createTime', 4, 19, 0, 0, NULL, 19, ' oninput=\"\" onchange=\"\" onfocus=\"\" onblur=\"\" style=\"\" class=\"\"', 0, NULL, 1, 1, 1, 1, 205, 6, NULL, 1, NULL, 1, '2017-04-21 19:36:32', 1, '2017-04-21 19:36:32');
INSERT INTO `oa_custom_form_field` VALUES (1492774592192171, 1492774590296444, '状态', 'status', 5, 10, 0, 0, NULL, 8, ' oninput=\"\" onchange=\"\" onfocus=\"\" onblur=\"\" style=\"\" class=\"\"', 0, NULL, 1, 1, 1, 1, 210, 6, '-1逻辑删除、0审批中/暂停、1正常', 1, NULL, 1, '2017-04-21 19:36:32', 1, '2017-04-21 19:36:32');
INSERT INTO `oa_custom_form_field` VALUES (1531213135673335, 1531213135667006, '附件ID', 'attachmentId', 6, 20, 1, 1, NULL, 18, ' oninput=\"\" onchange=\"\" onfocus=\"\" onblur=\"\" style=\"\" class=\"\"', 0, NULL, 1, 0, 0, 1, 5, 6, NULL, 1, NULL, 1, '2018-07-10 16:58:56', 1, '2018-07-10 16:58:56');
INSERT INTO `oa_custom_form_field` VALUES (1531213135679213, 1531213135667006, '附件所属的系统', 'systemId', 6, 20, 0, 0, NULL, 11, ' oninput=\"\" onchange=\"\" onfocus=\"\" onblur=\"\" style=\"\" class=\"\"', 2, NULL, 1, 1, 1, 1, 10, 6, NULL, 1, NULL, 1, '2018-07-10 16:58:56', 1, '2018-07-10 16:58:56');
INSERT INTO `oa_custom_form_field` VALUES (1531213135691409, 1531213135667006, '标题', 'title', 2, 65535, 0, 0, NULL, 2, ' oninput=\"\" onchange=\"\" onfocus=\"\" onblur=\"\" style=\"\" class=\"\"', 0, NULL, 0, 1, 1, 1, 15, 6, NULL, 1, NULL, 1, '2018-07-10 16:58:56', 1, '2018-07-10 16:58:56');
INSERT INTO `oa_custom_form_field` VALUES (1531213135695286, 1531213135667006, '路径', 'path', 1, 512, 0, 0, NULL, 1, ' oninput=\"\" onchange=\"\" onfocus=\"\" onblur=\"\" style=\"\" class=\"\"', 0, NULL, 1, 1, 1, 1, 20, 6, NULL, 1, NULL, 1, '2018-07-10 16:58:56', 1, '2018-07-10 16:58:56');
INSERT INTO `oa_custom_form_field` VALUES (1531213135699018, 1531213135667006, 'mime', 'mimeType', 1, 128, 0, 0, NULL, 1, ' oninput=\"\" onchange=\"\" onfocus=\"\" onblur=\"\" style=\"\" class=\"\"', 0, NULL, 1, 1, 1, 1, 25, 6, NULL, 1, NULL, 1, '2018-07-10 16:58:56', 1, '2018-07-10 16:58:56');
INSERT INTO `oa_custom_form_field` VALUES (1531213135703749, 1531213135667006, '附件的后缀', 'suffix', 1, 32, 0, 0, NULL, 1, ' oninput=\"\" onchange=\"\" onfocus=\"\" onblur=\"\" style=\"\" class=\"\"', 0, NULL, 1, 1, 1, 1, 30, 6, NULL, 1, NULL, 1, '2018-07-10 16:58:56', 1, '2018-07-10 16:58:56');
INSERT INTO `oa_custom_form_field` VALUES (1531213135707481, 1531213135667006, '类型', 'type', 1, 32, 0, 0, NULL, 1, ' oninput=\"\" onchange=\"\" onfocus=\"\" onblur=\"\" style=\"\" class=\"\"', 0, NULL, 1, 1, 1, 1, 35, 6, NULL, 1, NULL, 1, '2018-07-10 16:58:56', 1, '2018-07-10 16:58:56');
INSERT INTO `oa_custom_form_field` VALUES (1531213135711069, 1531213135667006, '标示', 'flag', 1, 256, 0, 0, NULL, 1, ' oninput=\"\" onchange=\"\" onfocus=\"\" onblur=\"\" style=\"\" class=\"\"', 0, NULL, 1, 1, 1, 1, 40, 6, NULL, 1, NULL, 1, '2018-07-10 16:58:56', 1, '2018-07-10 16:58:56');
INSERT INTO `oa_custom_form_field` VALUES (1531213135715800, 1531213135667006, '经度', 'lat', 7, 20, 0, 0, NULL, 1, ' oninput=\"\" onchange=\"\" onfocus=\"\" onblur=\"\" style=\"\" class=\"\"', 0, NULL, 1, 1, 1, 1, 45, 6, NULL, 1, NULL, 1, '2018-07-10 16:58:56', 1, '2018-07-10 16:58:56');
INSERT INTO `oa_custom_form_field` VALUES (1531213135719532, 1531213135667006, '纬度', 'lng', 7, 20, 0, 0, NULL, 1, ' oninput=\"\" onchange=\"\" onfocus=\"\" onblur=\"\" style=\"\" class=\"\"', 0, NULL, 1, 1, 1, 1, 50, 6, NULL, 1, NULL, 1, '2018-07-10 16:58:56', 1, '2018-07-10 16:58:56');
INSERT INTO `oa_custom_form_field` VALUES (1531213135723265, 1531213135667006, '排序字段', 'sortNumber', 5, 10, 0, 0, NULL, 8, ' oninput=\"\" onchange=\"\" onfocus=\"\" onblur=\"\" style=\"\" class=\"\"', 0, NULL, 1, 1, 1, 1, 55, 6, NULL, 1, NULL, 1, '2018-07-10 16:58:56', 1, '2018-07-10 16:58:56');
INSERT INTO `oa_custom_form_field` VALUES (1531213135727141, 1531213135667006, '状态', 'status', 5, 10, 0, 0, NULL, 10, ' oninput=\"\" onchange=\"\" onfocus=\"\" onblur=\"\" style=\"\" class=\"\"', 1, '-1:逻辑删除;0:已禁用/待审核;1:正常', 1, 1, 1, 1, 60, 6, '-1:逻辑删除;0:已禁用/待审核;1:正常', 1, NULL, 1, '2018-07-10 16:58:56', 1, '2018-07-10 16:58:56');
INSERT INTO `oa_custom_form_field` VALUES (1531213135731872, 1531213135667006, '备注说明', 'remark', 2, 65535, 0, 0, NULL, 2, ' oninput=\"\" onchange=\"\" onfocus=\"\" onblur=\"\" style=\"\" class=\"\"', 0, NULL, 0, 1, 1, 1, 65, 6, NULL, 1, NULL, 1, '2018-07-10 16:58:56', 1, '2018-07-10 16:58:56');
INSERT INTO `oa_custom_form_field` VALUES (1531213135734903, 1531213135667006, '其他设置JSON字符串', 'otherJson', 2, 65535, 0, 0, NULL, 18, ' oninput=\"\" onchange=\"\" onfocus=\"\" onblur=\"\" style=\"\" class=\"\"', 0, NULL, 1, 0, 0, 1, 70, 6, NULL, 1, NULL, 1, '2018-07-10 16:58:56', 1, '2018-07-10 16:58:56');
INSERT INTO `oa_custom_form_field` VALUES (1531213135738635, 1531213135667006, '创建时间', 'createTime', 4, 19, 0, 0, NULL, 19, ' oninput=\"\" onchange=\"\" onfocus=\"\" onblur=\"\" style=\"\" class=\"\"', 0, NULL, 1, 1, 1, 1, 75, 6, NULL, 1, NULL, 1, '2018-07-10 16:58:56', 1, '2018-07-10 16:58:56');
INSERT INTO `oa_custom_form_field` VALUES (1531213135741790, 1531213135667006, '创建用户ID', 'createUserId', 6, 19, 0, 0, NULL, 19, ' oninput=\"\" onchange=\"\" onfocus=\"\" onblur=\"\" style=\"\" class=\"\"', 0, NULL, 1, 1, 1, 1, 80, 6, NULL, 1, NULL, 1, '2018-07-10 16:58:56', 1, '2018-07-10 16:58:56');
INSERT INTO `oa_custom_form_field` VALUES (1531213135745522, 1531213135667006, '更新时间', 'updateTime', 4, 19, 0, 0, NULL, 19, ' oninput=\"\" onchange=\"\" onfocus=\"\" onblur=\"\" style=\"\" class=\"\"', 0, NULL, 1, 1, 1, 1, 85, 6, NULL, 1, NULL, 1, '2018-07-10 16:58:56', 1, '2018-07-10 16:58:56');
INSERT INTO `oa_custom_form_field` VALUES (1531213135749254, 1531213135667006, '更新用户ID', 'updateUserId', 6, 19, 0, 0, NULL, 19, ' oninput=\"\" onchange=\"\" onfocus=\"\" onblur=\"\" style=\"\" class=\"\"', 0, NULL, 1, 1, 1, 1, 90, 6, NULL, 1, NULL, 1, '2018-07-10 16:58:56', 1, '2018-07-10 16:58:56');

SET FOREIGN_KEY_CHECKS = 1;
